 ;Produto;Código;Unidade;NCM;"&nbsp;";Categoria;Família;Fabricante;Part Number;CEST;Código de Barras;Classe Tributacao
2052003;ABRE TRINCA ATLAS;000299;UN;82055900;;GERAL;Acessórios e Ferramentas;ATLAS;;;SEM GTIN;NÃO TRIBUTADO (CSOSN 400)
2109505;ADELBRAS FITA CREPE AUTO AMARELA 765 48MM X 40M 15.33.017;002752;UN;48114110;;LIXA;LIXAS;Adelbras;;;7896603804915;NÃO TRIBUTADO (CSOSN 400)
2053270;ADELBRAS FITA CREPE AZUL 722 48 X 50 M;001566;UN;48114110;;FITA;;;;;7896603804250;TRIBUTADO (CSOSN 102)
2053608;ADELBRAS FITA CREPE MASK 18 X 50 M;001904;UN;48114110;;FITA;Acessórios e Ferramentas;ADELBRAS;;;7896603846267;TRIBUTADO (CSOSN 102)
2052391;ADELBRAS FITA CREPE MASK 24 X 50 M;000687;UN;48114110;;FITA;;;;;7896603802515;NÃO TRIBUTADO (CSOSN 400)
2053002;ADELBRAS FITA CREPE MASK 48 X 50 M;001298;UN;48114190;;FITA;;;;;7896603879067;TRIBUTADO (CSOSN 102)
2053588;ADELBRAS FITA SILVER TAPE PRATA 48 X 10 M;001884;UN;59061000;;FITA;;;;;7896603899911;TRIBUTADO (CSOSN 102)
2053589;ADELBRAS FITA SILVER TAPE PRETA 48 X 10 M;001885;UN;59061000;;FITA;;;;;7896603850233;TRIBUTADO (CSOSN 102)
2052993;ADESIVO REFORCADO P/ LAMINACAO 800G - MAXIRUBBER ( NOVO );001289;QT;35061090;;COMPLEMENTO;Utilidades;Maxi Rubber;;;7898031548805;TRIBUTADO (CSOSN 102)
2101516;AFFATON - AMARELO B1 (FR);002722;UN;32041700;;CORANTE;Utilidades;Coral;;2400300;7898913643284;NÃO TRIBUTADO (CSOSN 400)
2101514;AFFATON - AMARELO C2 (FR);002720;UN;32041700;;CORANTE;Utilidades;Coral;;2400300;7898913643666;NÃO TRIBUTADO (CSOSN 400)
2101517;AFFATON - AMARELO OXIDO T11 (FR);002723;UN;32064990;;CORANTE;Utilidades;Coral;;2400300;7898913643628;NÃO TRIBUTADO (CSOSN 400)
2101511;AFFATON - BRANCO S10 (FR);002717;UN;32061990;;CORANTE;Utilidades;Coral;;2400300;7898913642201;NÃO TRIBUTADO (CSOSN 400)
2101513;AFFATON - MAGENTA O8 (FR);002719;UN;32041700;;CORANTE;Utilidades;Coral;;2400300;7898913643536;NÃO TRIBUTADO (CSOSN 400)
2101519;AFFATON - MARROM UMBRIA Z12 (FR);002725;UN;32064990;;CORANTE;Utilidades;Coral;;2400300;7898913643468;NÃO TRIBUTADO (CSOSN 400)
2101512;AFFATON - PRETO R9 (FR);002718;UN;32064990;;CORANTE;Utilidades;Coral;;2400300;7898913643604;NÃO TRIBUTADO (CSOSN 400)
2101518;AFFATON - VERDE M6 (FR);002724;UN;32041700;;CORANTE;Utilidades;Coral;;2400300;7898913643987;NÃO TRIBUTADO (CSOSN 400)
2101520;AFFATON - VERMELHO INTENSO V (FR);002726;UN;32041700;;CORANTE;Utilidades;Coral;;2400300;7898913643918;NÃO TRIBUTADO (CSOSN 400)
2101515;AFFATON - VERMELHO OXIDO H4 (FR);002721;UN;32064990;;CORANTE;Utilidades;Coral;;2400300;7898913643376;NÃO TRIBUTADO (CSOSN 400)
2058730;AGUA RAZ ITAQUA 0,9L 11.29.005;002527;QT;27101230;;DILUENTE;;;;;9900000000257;
2053463;ANJO AGUARRAS MINERAL 450 ML;001759;UN;27101230;;DILUENTE;;;;;7898530461186;TRIBUTADO (CSOSN 102)
2053465;ANJO AGUARRAS MINERAL 5 L;001761;UN;27101230;;DILUENTE;;;;;7898025460373;TRIBUTADO (CSOSN 102)
2053464;ANJO AGUARRAS MINERAL 900 ML;001760;UN;27101230;;DILUENTE;;;;;7898025460366;TRIBUTADO (CSOSN 102)
2053294;ANJO DILUENTE P/ SELA MADEIRAS 5 LTS;001590;UN;38140090;;DILUENTE;;;;;7899917155780;TRIBUTADO (CSOSN 102)
2053293;ANJO DILUENTE P/ SELA MADEIRAS 900 ML;001589;UN;38140090;;DILUENTE;;;;;7899917155742;TRIBUTADO (CSOSN 102)
2053296;ANJO DILUENTE P/ VERNIZES AMAZONIA 5 LTS;001592;UN;27101230;;DILUENTE;;;;;7899917155711;TRIBUTADO (CSOSN 102)
2053295;ANJO DILUENTE P/ VERNIZES AMAZONIA 900 ML;001591;UN;27101230;;DILUENTE;;;;;7899917155698;TRIBUTADO (CSOSN 102)
2053390;ANJO MAIS ACR. PRE. BRANCO FOSCA 18 LT;001686;LA;32091010;;ACRILICA;TINTA ACRILICA;Anjo;;;7898530467539;TRIBUTADO (CSOSN 102)
2053391;ANJO MAIS ACR. PRE. BRANCO FOSCA 3,6 LT;001687;GL;32091010;;ACRILICA;TINTA ACRILICA;Anjo;;;7898530467515;TRIBUTADO (CSOSN 102)
2053308;ANJO PINTA DECK NAT. SEMIBRILHO 900 ML;001604;QT;32081020;;DECK;;;;;7899917156107;TRIBUTADO (CSOSN 102)
2053320;ANJO PINTA DECK NATURAL SEMIBRILHO 3,6 LTS;001616;GL;32081020;;DECK;;;;;7899917153410;TRIBUTADO (CSOSN 102)
2053744;ANJO SPRAY METALICA ALUMINIO PARA RODAS 400 ML;002040;UN;32089010;;GERAL;;;;;7899917152192;NÃO TRIBUTADO (CSOSN 400)
2053749;ANJO SPRAY USO GERAL AMARELO 400 ML;002045;UN;32089010;;GERAL;;;;;7899917152215;NÃO TRIBUTADO (CSOSN 400)
2053750;ANJO SPRAY USO GERAL AZUL CLARO 400 ML;002046;UN;32089010;;GERAL;;;;;7899917152239;NÃO TRIBUTADO (CSOSN 400)
2053751;ANJO SPRAY USO GERAL AZUL ESCURO 400 ML;002047;UN;32089010;;GERAL;;;;;7899917152253;NÃO TRIBUTADO (CSOSN 400)
2053752;ANJO SPRAY USO GERAL BRANCO BRTE 400 ML;002048;UN;32089010;;GERAL;;;;;7899917152352;NÃO TRIBUTADO (CSOSN 400)
2053753;ANJO SPRAY USO GERAL BRANCO FSC 400 ML;002049;UN;32089010;;GERAL;;;;;7899917152437;NÃO TRIBUTADO (CSOSN 400)
2053754;ANJO SPRAY USO GERAL CINZA CLARO 400 ML;002050;UN;32089010;;GERAL;;;;;7899917152451;NÃO TRIBUTADO (CSOSN 400)
2053755;ANJO SPRAY USO GERAL CINZA ESCURO 400 ML;002051;UN;32089010;;GERAL;;;;;7899917152475;NÃO TRIBUTADO (CSOSN 400)
2053766;ANJO SPRAY USO GERAL FUNDO BRANCO PRIMER 400 ML;002062;UN;32089010;;GERAL;;;;;7899917152697;NÃO TRIBUTADO (CSOSN 400)
2053756;ANJO SPRAY USO GERAL FUNDO PREP. CINZA 400 ML;002052;UN;32089010;;GERAL;;;;;7899917152277;NÃO TRIBUTADO (CSOSN 400)
2053757;ANJO SPRAY USO GERAL GRAFITE 400 ML;002053;UN;32089010;;GERAL;;;;;7899917152499;NÃO TRIBUTADO (CSOSN 400)
2053758;ANJO SPRAY USO GERAL LARANJA 400 ML;002054;UN;32089010;;GERAL;;;;;7899917152819;NÃO TRIBUTADO (CSOSN 400)
2053759;ANJO SPRAY USO GERAL MARROM 400 ML;002055;UN;32089010;;GERAL;;;;;7899917152512;NÃO TRIBUTADO (CSOSN 400)
2053775;ANJO SPRAY USO GERAL PRETO BRILHANTE 400 ML;002071;UN;32089010;;GERAL;;;;;7899917152291;NÃO TRIBUTADO (CSOSN 400)
2053760;ANJO SPRAY USO GERAL PRETO FSC 400 ML;002056;UN;32089010;;GERAL;;;;;7899917152536;NÃO TRIBUTADO (CSOSN 400)
2053761;ANJO SPRAY USO GERAL PRETO SEMI BRILHO 400 ML;002057;UN;32089010;;GERAL;;;;;7899917152314;NÃO TRIBUTADO (CSOSN 400)
2053762;ANJO SPRAY USO GERAL ROSA 400 ML;002058;UN;32089010;;GERAL;;;;;7899917152338;NÃO TRIBUTADO (CSOSN 400)
2053763;ANJO SPRAY USO GERAL VERDE ESCURO 400 ML;002059;UN;32089010;;GERAL;;;;;7899917152833;NÃO TRIBUTADO (CSOSN 400)
2053764;ANJO SPRAY USO GERAL VERMELHO BR 400 ML;002060;UN;32089010;;GERAL;;;;;7899917152376;NÃO TRIBUTADO (CSOSN 400)
2053767;ANJO SPRAY USO GERAL VERMELHO FSC 400ML;002063;UN;32089010;;GERAL;;;;;7899917152857;NÃO TRIBUTADO (CSOSN 400)
2053765;ANJO SPRAY USO GERAL VERNIZ 400 ML;002061;UN;32089010;;GERAL;;;;;7899917152550;NÃO TRIBUTADO (CSOSN 400)
2053319;ANJO STAIN CASA IMBUIA ACET. 3,6 L;001615;GL;32081020;;STAIN;;;;;7899917153359;TRIBUTADO (CSOSN 102)
2053310;ANJO STAIN CASA IMBUIA ACET. 900 ML;001606;QT;32081020;;STAIN;;;;;7899917156015;TRIBUTADO (CSOSN 102)
2053317;ANJO STAIN CASA INCOLOR ACET. 3,6 L;001613;GL;32081020;;STAIN;;;;;7899917153335;TRIBUTADO (CSOSN 102)
2053312;ANJO STAIN CASA INCOLOR ACET. 900 ML;001608;QT;32081020;;STAIN;;;;;7899917155988;TRIBUTADO (CSOSN 102)
2053318;ANJO STAIN CASA IPE ACET. 3,6L;001614;GL;32081020;;STAIN;;;;;7899917156565;TRIBUTADO (CSOSN 102)
2053313;ANJO STAIN CASA IPE ACET. 900ML;001609;QT;32081020;;STAIN;;;;;7899917156541;TRIBUTADO (CSOSN 102)
2053315;ANJO STAIN CASA MOGNO ACET. 3,6 LTS;001611;GL;32081020;;STAIN;;;;;7899917153373;TRIBUTADO (CSOSN 102)
2053311;ANJO STAIN CASA MOGNO ACET. 900 ML;001607;QT;32081020;;STAIN;;;;;7899917156046;TRIBUTADO (CSOSN 102)
2053322;ANJO STAIN CASA NATURAL ACET. 3,6 L;001618;GL;32081020;;STAIN;;;;;7899917153397;TRIBUTADO (CSOSN 102)
2053314;ANJO STAIN CASA NATURAL ACET. 900 ML;001610;QT;32081020;;STAIN;;;;;7899917156077;TRIBUTADO (CSOSN 102)
2053316;ANJO STAIN CASA NOGUEIRA ACET. 3,6L;001612;GL;32081020;;STAIN;;;;;7899917156510;TRIBUTADO (CSOSN 102)
2053309;ANJO STAIN CASA NOGUEIRA ACET. 900ML;001605;QT;32081020;;STAIN;;;;;7899917156497;TRIBUTADO (CSOSN 102)
2053773;ANJO THINNER PU CARBON BAIXA TEMPERATURA TH5002 900 ML;002069;UN;38140090;;DILUENTE;;;;;7899917125981;TRIBUTADO (CSOSN 102)
2053461;ANJO THINNER PU 5000 5 L;001757;UN;38140090;;DILUENTE;;;;;7898025460298;TRIBUTADO (CSOSN 102)
2053460;ANJO THINNER PU 5000 900 ML;001756;UN;38140090;;DILUENTE;;;;;7898025465392;TRIBUTADO (CSOSN 102)
2053457;ANJO THINNER TH007 5L;001753;UN;38140090;;DILUENTE;;;;;7899917147631;TRIBUTADO (CSOSN 102)
2053456;ANJO THINNER TH007 900ML;001752;UN;38140090;;DILUENTE;;;;;7899917147594;TRIBUTADO (CSOSN 102)
2053523;ANJO THINNER 2750 18 LTS;001819;UN;38140090;;DILUENTE;;;;;7898025460069;TRIBUTADO (CSOSN 102)
2053459;ANJO THINNER 2750 5 L;001755;UN;38140090;;DILUENTE;;;;;7898025460052;TRIBUTADO (CSOSN 102)
2053458;ANJO THINNER 2750 900 ML;001754;UN;38140090;;DILUENTE;;;;;7898025464180;TRIBUTADO (CSOSN 102)
2053462;ANJO THINNER 2900 900 ML;001758;UN;38140090;;DILUENTE;;;;;7898025464203;TRIBUTADO (CSOSN 102)
2053300;ANJO VERNIZ DURA MAIS NAT. ACET. 3,6 LTS;001596;GL;32081020;;VERNIZ;;;;;7899917153434;TRIBUTADO (CSOSN 102)
2053298;ANJO VERNIZ DURA MAIS NAT. ACET. 900 ML;001594;QT;32081020;;VERNIZ;;;;;7899917155896;TRIBUTADO (CSOSN 102)
2053299;ANJO VERNIZ DURA MAIS NAT. BRIL. 3,6 LTS;001595;GL;32081020;;VERNIZ;;;;;7899917153311;TRIBUTADO (CSOSN 102)
2053297;ANJO VERNIZ DURA MAIS NAT. BRIL. 900 ML;001593;QT;32081020;;VERNIZ;;;;;7899917155865;TRIBUTADO (CSOSN 102)
2053305;ANJO VERNIZ MARITIMO PREMIUM NAT. ACET. 3,6 LTS;001601;GL;32081020;;VERNIZ;;;;;7899917153458;TRIBUTADO (CSOSN 102)
2053302;ANJO VERNIZ MARITIMO PREMIUM NAT. ACET. 900 ML;001598;QT;32081020;;VERNIZ;;;;;7899917155926;TRIBUTADO (CSOSN 102)
2053307;ANJO VERNIZ MARITIMO PREMIUM NAT. BRIL. 3,6 L;001603;GL;32081020;;VERNIZ;;;;;7899917155667;TRIBUTADO (CSOSN 102)
2053303;ANJO VERNIZ MARITIMO PREMIUM NAT. BRIL. 900 ML;001599;QT;32081020;;VERNIZ;;;;;7899917155643;TRIBUTADO (CSOSN 102)
2053306;ANJO VERNIZ MARITIMO PREMIUM NAT. FOSCO 3,6 LTS;001602;GL;32081020;;VERNIZ;;;;;7899917153472;TRIBUTADO (CSOSN 102)
2053301;ANJO VERNIZ MARITIMO PREMIUM NAT. FOSCO 900 ML;001597;QT;32081020;;VERNIZ;;;;;7899917155957;TRIBUTADO (CSOSN 102)
2052536;APLICADOR DE SILICONE / PU;000832;UN;82079000;;GERAL;;;;;7895315000202;NÃO TRIBUTADO (CSOSN 400)
2052739;APLICADOR DE SILICONE BRASF REFORC 7309;001035;UN;82055900;;GERAL;;;;;7898464735629;TRIBUTADO (CSOSN 102)
2052740;APLICADOR DE SILICONE BRASF TUBULAR 7310;001036;UN;82055900;;GERAL;;;;;7898464735636;TRIBUTADO (CSOSN 102)
2053238;ATLAS ABRACADEIRA PLAST PR 280X3,6MM PCT 100UN;001534;UN;39269090;;GERAL;;;;;7896380108497;TRIBUTADO (CSOSN 102)
2051865;ATLAS ABRE TRINCA 375;000161;UN;82055900;;GERAL;;;;;7896380101481;NÃO TRIBUTADO (CSOSN 400)
2051879;ATLAS ANTIGOTA KIT 6 PECAS AT1017;000175;UN;96034090;;GERAL;;;;;7896380154401;NÃO TRIBUTADO (CSOSN 400)
2051828;ATLAS APLICADOR DE SILICONE 177;000124;UN;82055900;;GERAL;;;;;7896380101443;NÃO TRIBUTADO (CSOSN 400)
2051889;ATLAS APLICADOR 4,5CM REF 152/1;000185;UN;39269090;;GERAL;;;;;SEM GTIN;NÃO TRIBUTADO (CSOSN 400)
2053572;ATLAS BALDE MULTIUSO PLAST PRETO 608P;001868;UN;39249000;;GERAL;;;;;7896380192526;TRIBUTADO (CSOSN 102)
2053160;ATLAS BANDEJA P/ GARFO DUPLO PROFISSIONAL 4,3L REF: AT1492P;001456;UN;39269090;;GERAL;;;;;7896380109593;NÃO TRIBUTADO (CSOSN 400)
2053574;ATLAS BANDEJA P/ PINTURA PT 3,6 L 1534P;001870;UN;39269090;;GERAL;;;;;7896380192694;NÃO TRIBUTADO (CSOSN 400)
2053159;ATLAS BANDEJA P/ PINTURA PVC 1,3L 1415;001455;UN;39269090;;GERAL;;;;;7896380194889;NÃO TRIBUTADO (CSOSN 400)
2053058;ATLAS BANDEJA P/ PINTURA PVC 2,7L 1523P;001354;UN;39269090;;GERAL;;;;;7896380192625;NÃO TRIBUTADO (CSOSN 400)
2053568;ATLAS BANQUETA ESCADA 47,4X45X49,7CM PLAST CZ PR1041-1;001864;UN;94018000;;GERAL;;;;;7896003811407;TRIBUTADO (CSOSN 102)
2051859;ATLAS BROXA RETANGULAR 15X5.6CM 800/1;000155;UN;96034010;;GERAL;;;;;7896380131068;NÃO TRIBUTADO (CSOSN 400)
2051860;ATLAS BROXA RETANGULAR 18X8CM 800/2;000156;UN;96034010;;GERAL;;;;;7896380131075;NÃO TRIBUTADO (CSOSN 400)
2053538;ATLAS CACAMBA DE PLA P/ MAO 2L REF:1420P;001834;UN;39269090;;GERAL;;;;;7896003894677;NÃO TRIBUTADO (CSOSN 400)
2053158;ATLAS CACAMBA P/ PINTURA PRETA PVC 10L 610P;001454;UN;39269090;;GERAL;;;;;7896380192557;NÃO TRIBUTADO (CSOSN 400)
2053335;ATLAS CACAMBA P/ PINTURA 12L REF: AT612P;001631;UN;39269090;;GERAL;;;;;7896380103249;NÃO TRIBUTADO (CSOSN 400)
2053573;ATLAS CAIXA DE MASSA PLASTICA 18 L AT611;001869;UN;39269090;;GERAL;;;;;7896380100729;NÃO TRIBUTADO (CSOSN 400)
2051863;ATLAS COLHER DE PEDREIRO 8;000159;UN;82055900;;GERAL;;;;;SEM GTIN;NÃO TRIBUTADO (CSOSN 400)
2053044;ATLAS CONJ DE PINTURA ANTIGOTA 5PCS REF: 4321;001340;UN;96034010;;GERAL;;;;;7896380190621;TRIBUTADO (CSOSN 102)
2053050;ATLAS CONJ DE PINTURA ANTIRESPINGO 3PCS 2003;001346;UN;96034010;;GERAL;;;;;7896380154128;TRIBUTADO (CSOSN 102)
2053635;ATLAS CONJ DE PINTURA COMPLETO 7 PCS 1016;001931;UN;96034010;;GERAL;;;;;7896380153343;TRIBUTADO (CSOSN 102)
2053337;ATLAS CONJ DE PINTURA 3PCS REF: AT 2001;001633;UN;96034010;;GERAL;;;;;7896003894387;TRIBUTADO (CSOSN 102)
2053336;ATLAS CONJ DE PINTURA 5PCS REF: AT1002;001632;UN;96034010;;GERAL;;;;;7896380154074;TRIBUTADO (CSOSN 102)
2051825;ATLAS DESEM. ACO LISA 143;000121;UN;82055900;;GERAL;;;;;7896380191567;NÃO TRIBUTADO (CSOSN 400)
2053033;ATLAS DESEM. ACO T LISA C/ ABERTO 12X25CM REF133;001329;UN;82055900;;GERAL;;;;;7896380191192;NÃO TRIBUTADO (CSOSN 400)
2051826;ATLAS DESEM. GR DE ACO P/MASSA AT248;000122;UN;82055900;;GERAL;;;;;7896380101924;NÃO TRIBUTADO (CSOSN 400)
2053052;ATLAS DESEMP. ACO INOX P/ EFEITOS DECORA. CHANFRADA 25CM AT113;001348;UN;82055900;;GERAL;;;;;7896380173556;TRIBUTADO (CSOSN 102)
2053054;ATLAS DESEMP. ACO T LISA C ABERTO 12X25CM AT148/1;001350;UN;82055900;;GERAL;;;;;7896003894639;TRIBUTADO (CSOSN 102)
2053032;ATLAS DESEMP. ACO T LISA C FECHADO 12X25CM AT148/2;001328;UN;82055900;;GERAL;;;;;7896003894646;TRIBUTADO (CSOSN 102)
2052966;ATLAS DESEMP INOX C.RED 12X35CM CABO FECH. AT836/1;001262;UN;82055900;;GERAL;;;;;7896003894899;NÃO TRIBUTADO (CSOSN 400)
2052965;ATLAS DESEMP INOX C.RET. 12X30 CABO FECH RIG AT826/1;001261;UN;82055900;;GERAL;;;;;7896003894882;NÃO TRIBUTADO (CSOSN 400)
2053051;ATLAS DESEMP INOX TRAPEZIO CHANF P/ EFEITOS AT110;001347;UN;82055900;;GERAL;;;;;7896003897487;NÃO TRIBUTADO (CSOSN 400)
2052874;ATLAS DESEMP METAL TRAPEZIO CHANF P/ EFEITOS  AT111;001170;UN;82055900;;GERAL;;;;;7896003894769;TRIBUTADO (CSOSN 102)
2051824;ATLAS DESEMP. P/ GRAFIATO 27X14CM 165;000120;UN;39269090;;GERAL;;;;;7896380191642;NÃO TRIBUTADO (CSOSN 400)
2052968;ATLAS DESEMP. P/ TEXT DE PLAST 30X17CM 166;001264;UN;39269090;;GERAL;;;;;7896380191123;NÃO TRIBUTADO (CSOSN 400)
2051885;ATLAS DESEMPE. ACO EFEITO DECORA. 254MM AT112;000181;UN;96039000;;GERAL;;;;;7896003894776;NÃO TRIBUTADO (CSOSN 400)
2051880;ATLAS DESEMPENADEIRA C/ESPUMA PLASTICA;000176;UN;39269090;;GERAL;;;;;SEM GTIN;NÃO TRIBUTADO (CSOSN 400)
2052967;ATLAS DESEMPENADEIRA P/ TEXT DE PLAST 16X8CM 164;001263;UN;39269090;;GERAL;;;;;7896380191635;NÃO TRIBUTADO (CSOSN 400)
2051904;ATLAS DISCO ABRASIVO FLAP 115MM G120 AT25/120;000200;UN;68053090;;GERAL;;;;;7896003896411;TRIBUTADO (CSOSN 102)
2053168;ATLAS DISCO ABRASIVO FLAP 115MM G120 OX ALUMIN AT24/120;001464;UN;68053090;;GERAL;;;;;7896003896374;TRIBUTADO (CSOSN 102)
2051907;ATLAS DISCO ABRASIVO FLAP 115MM G40 AT25/40;000203;UN;68053090;;GERAL;;;;;7896003896381;TRIBUTADO (CSOSN 102)
2053165;ATLAS DISCO ABRASIVO FLAP 115MM G40 OX ALUMIN AT24/40;001461;UN;68053090;;GERAL;;;;;7896003896343;TRIBUTADO (CSOSN 102)
2051906;ATLAS DISCO ABRASIVO FLAP 115MM G60 AT25/60;000202;UN;68053090;;GERAL;;;;;7896003896398;TRIBUTADO (CSOSN 102)
2053166;ATLAS DISCO ABRASIVO FLAP 115MM G60 OX ALUMIN AT24/60;001462;UN;68053090;;GERAL;;;;;7896003896350;TRIBUTADO (CSOSN 102)
2051905;ATLAS DISCO ABRASIVO FLAP 115MM G80 AT25/80;000201;UN;68053090;;GERAL;;;;;7896003896404;TRIBUTADO (CSOSN 102)
2053167;ATLAS DISCO ABRASIVO FLAP 115MM G80 OX ALUMIN AT24/80;001463;UN;68053090;;GERAL;;;;;7896003896367;TRIBUTADO (CSOSN 102)
2053338;ATLAS DISCO LIXA ABRASIVO 180 GRAO 150 AT19/150;001634;UN;68052000;;GERAL;;;;;7896380109838;TRIBUTADO (CSOSN 102)
2053339;ATLAS DISCO LIXA ABRASIVO 180 GRAO 180 AT19/180;001635;UN;68052000;;GERAL;;;;;7896380109845;TRIBUTADO (CSOSN 102)
2053340;ATLAS DISCO LIXA ABRASIVO 180 GRAO 220 AT19/220;001636;UN;68052000;;GERAL;;;;;7896380109852;TRIBUTADO (CSOSN 102)
2053341;ATLAS DISCO LIXA ABRASIVO 180 GRAO 80 AT19/80;001637;UN;68052000;;GERAL;;;;;7896380109760;TRIBUTADO (CSOSN 102)
2053161;ATLAS ESCOVA DE ACO ECONOMICA 3 FILEIRAS REF: AT1820/3;001457;UN;96039000;;GERAL;;;;;7896380107308;TRIBUTADO (CSOSN 102)
2053030;ATLAS ESPATULA ACO CROMADO 10CM 6255/16;001326;UN;82055900;;GERAL;;;;;7896380173167;TRIBUTADO (CSOSN 102)
2053031;ATLAS ESPATULA ACO CROMADO 12,5CM 6255/20;001327;UN;82055900;;GERAL;;;;;7896380173174;TRIBUTADO (CSOSN 102)
2053156;ATLAS ESPATULA ACO CROMADO 15 CM AT6255/21;001452;UN;82055900;;GERAL;;;;;7896003896336;TRIBUTADO (CSOSN 102)
2053353;ATLAS ESPATULA ACO CROMADO 3,5CM REF: 6255/6;001649;UN;82055900;;GERAL;;;;;7896380173136;TRIBUTADO (CSOSN 102)
2053028;ATLAS ESPATULA ACO CROMADO 6CM 6255/10;001324;UN;82055900;;GERAL;;;;;7896380173143;TRIBUTADO (CSOSN 102)
2053029;ATLAS ESPATULA ACO CROMADO 7,5CM 6255/12;001325;UN;82055900;;GERAL;;;;;7896380173150;TRIBUTADO (CSOSN 102)
2053157;ATLAS ESPATULA ACO INOX 20CM CABO MADEIRA AT6155/22;001453;UN;82055900;;GERAL;;;;;7896380173471;TRIBUTADO (CSOSN 102)
2053347;ATLAS ESPATULA ANGULAR DE ACO INOX 3 REF: AT 6165/3;001643;UN;82055900;;GERAL;;;;;7896380100880;TRIBUTADO (CSOSN 102)
2052956;ATLAS ESPATULA CABO MADEIRA ACO INOX 10CM 6155/16;001252;UN;82055900;;GERAL;;;;;7896380173112;TRIBUTADO (CSOSN 102)
2052957;ATLAS ESPATULA CABO MADEIRA ACO INOX 12,5CM 6155/20;001253;UN;82055900;;GERAL;;;;;7896380173464;TRIBUTADO (CSOSN 102)
2053618;ATLAS ESPATULA CABO MADEIRA ACO INOX 6 CM 6155/10;001914;UN;82055900;;GERAL;;;;;7896380173099;TRIBUTADO (CSOSN 102)
2052955;ATLAS ESPATULA CABO MADEIRA ACO INOX 7,5CM 6155/12;001251;UN;82055900;;GERAL;;;;;7896380173105;TRIBUTADO (CSOSN 102)
2051987;ATLAS ESPATULA DE ACO CABO PVC 10CM 175/10;000283;UN;82055900;;GERAL;;;;;7896380191628;NÃO TRIBUTADO (CSOSN 400)
2051988;ATLAS ESPATULA DE ACO CABO PVC 12CM 175/12;000284;UN;82055900;;GERAL;;;;;7896380190799;NÃO TRIBUTADO (CSOSN 400)
2051984;ATLAS ESPATULA DE ACO CABO PVC 4 CM 175/4;000280;UN;82055900;;GERAL;;;;;7896380190782;NÃO TRIBUTADO (CSOSN 400)
2051985;ATLAS ESPATULA DE ACO CABO PVC 6CM 175/6;000281;UN;82055900;;GERAL;;;;;7896380191604;NÃO TRIBUTADO (CSOSN 400)
2051986;ATLAS ESPATULA DE ACO CABO PVC 8CM 175/8;000282;UN;82055900;;GERAL;;;;;7896380191611;NÃO TRIBUTADO (CSOSN 400)
2053343;ATLAS ESPATULA DE ACO REFORCADO 100CM AT6555/10;001639;UN;82055900;;GERAL;;;;;7896380108725;TRIBUTADO (CSOSN 102)
2053344;ATLAS ESPATULA DE ACO REFORCADO 12CM AT6555/12;001640;UN;82055900;;GERAL;;;;;7896380109685;TRIBUTADO (CSOSN 102)
2053346;ATLAS ESPATULA DE ACO REFORCADO 60CM AT6555/6;001642;UN;82055900;;GERAL;;;;;7896380108701;TRIBUTADO (CSOSN 102)
2053345;ATLAS ESPATULA DE ACO REFORCADO 80CM 6555/8;001641;UN;82055900;;GERAL;;;;;7896380108718;TRIBUTADO (CSOSN 102)
2051882;ATLAS ESPATULA DRYWALL 8 INOX;000178;UN;82055900;;GERAL;;;;;SEM GTIN;NÃO TRIBUTADO (CSOSN 400)
2051908;ATLAS ESPATULA INOX ARREDONDADA 165 MM AT6655/6;000204;UN;82055900;;GERAL;;;;;7896380197101;TRIBUTADO (CSOSN 102)
2053232;ATLAS ESPATULA INOX P/ DRYWALL C/ BIT '6' AT1417;001528;UN;82055900;;GERAL;;;;;7896380109777;TRIBUTADO (CSOSN 102)
2053233;ATLAS ESPATULA INOX 5 P/ DRYWALL C/ BIT '12'  AT1414;001529;UN;82055900;;GERAL;;;;;7896380109753;TRIBUTADO (CSOSN 102)
2052969;ATLAS ESPATULA MULTIUSO METALICA AT195/1;001265;UN;82055900;;GERAL;;;;;7896380150380;TRIBUTADO (CSOSN 102)
2052007;ATLAS ESPATULA PLASTICA AT152/1;000303;UN;39269090;;GERAL;;;;;7896380190850;NÃO TRIBUTADO (CSOSN 400)
2053174;ATLAS ESPATULA PLASTICA LISA 10CM 150/10;001470;UN;39269090;;GERAL;;;;;7896380193721;NÃO TRIBUTADO (CSOSN 400)
2053173;ATLAS ESPATULA PLASTICA LISA 8CM 150/8;001469;UN;39269090;;GERAL;;;;;7896380193714;NÃO TRIBUTADO (CSOSN 400)
2052008;ATLAS ESPATULA PLASTICA 13,1X8,8 REF:152/2;000304;UN;39269090;;GERAL;;;;;7896380191819;NÃO TRIBUTADO (CSOSN 400)
2052009;ATLAS ESPATULA PLASTICA 20X8,8 AT152/3;000305;UN;39269090;;GERAL;;;;;7896380190867;NÃO TRIBUTADO (CSOSN 400)
2053229;ATLAS ESPATULA PVC DENTADA 10CM 151/10;001525;UN;39269090;;GERAL;;;;;7896380193769;NÃO TRIBUTADO (CSOSN 400)
2053228;ATLAS ESPATULA PVC DENTADA 8CM 151/8;001524;UN;39269090;;GERAL;;;;;7896380193752;NÃO TRIBUTADO (CSOSN 400)
2053230;ATLAS ESPATULA RETA. DRYWALL INOX '10' AT6455/10;001526;UN;82055900;;GERAL;;;;;7896380104352;TRIBUTADO (CSOSN 102)
2053342;ATLAS ESPATULA RETA. DRYWALL INOX '12' AT6455/12;001638;UN;82055900;;GERAL;;;;;7896380104369;TRIBUTADO (CSOSN 102)
2053231;ATLAS ESPATULA RETA. DRYWALL INOX '8' AT6455/8;001527;UN;82055900;;GERAL;;;;;7896380104345;TRIBUTADO (CSOSN 102)
2053526;ATLAS ESPONJA ABRASIVA 120X95 MEDIA AT18/180;001822;UN;68053090;;GERAL;;;;;7896380108671;TRIBUTADO (CSOSN 102)
2053521;ATLAS ESPUMA MULTIUSO DE POLIESTER 102;001817;UN;39211390;;GERAL;;;;;7896380191185;TRIBUTADO (CSOSN 102)
2051836;ATLAS ESTILETE AMARELO 175/2;000132;UN;82119390;;GERAL;;;;;7896380173310;NÃO TRIBUTADO (CSOSN 400)
2052015;ATLAS ESTILETE EMBORRACHADO PROF. AT175/3;000311;UN;39269090;;GERAL;;;;;7896380150397;NÃO TRIBUTADO (CSOSN 400)
2053566;ATLAS ESTILETE TRAPE CABO ALUMINIO AT1408;001862;UN;82119390;;GERAL;;;;;7896380109708;TRIBUTADO (CSOSN 102)
2053141;ATLAS EXTENSOR DE ACO 2M 1600;001437;UN;73269090;;GERAL;;;;;7896380170586;TRIBUTADO (CSOSN 102)
2053140;ATLAS EXTENSOR DE ACO 3M 1700;001436;UN;73269090;;GERAL;;;;;7896380170999;TRIBUTADO (CSOSN 102)
2051833;ATLAS EXTENSOR FIBRA PROFIMASTER 5M REF:18005;000129;UN;70199000;;GERAL;;;;;7896380170449;NÃO TRIBUTADO (CSOSN 400)
2053363;ATLAS EXTENSOR FIBRA/ALUMINIIO 2,4M AT18024;001659;UN;70199000;;GERAL;;;;;7896380104314;TRIBUTADO (CSOSN 102)
2053362;ATLAS EXTENSOR FIBRA/ALUMINIO 1,3M AT18013;001658;UN;70199000;;GERAL;;;;;7896003894530;TRIBUTADO (CSOSN 102)
2053364;ATLAS EXTENSOR FIBRA/ALUMINIO 4M AT18004;001660;UN;70199000;;GERAL;;;;;7896380104307;TRIBUTADO (CSOSN 102)
2053135;ATLAS EXTRA PELE DE CARNEIRO 23CM 322/22;001431;UN;96034010;;GERAL;;;;;7896380150182;TRIBUTADO (CSOSN 102)
2053037;ATLAS FIBRA ABRASIVA ACABAMENTOS 115X290MM AT95/10;001333;UN;68053090;;LIXA;;;;;7896003895032;TRIBUTADO (CSOSN 102)
2053035;ATLAS FIBRA ABRASIVA FERRUGEM 115X290M AT95/30;001331;UN;68053090;;LIXA;;;;;7896003895056;TRIBUTADO (CSOSN 102)
2053036;ATLAS FIBRA ABRASIVA MADEIRA 115X290MM AT95/20;001332;UN;68053090;;LIXA;;;;;7896003895049;TRIBUTADO (CSOSN 102)
2053034;ATLAS FIBRA ABRASIVA POS-OBRA 115X290MM AT95/40;001330;UN;68053090;;LIXA;;;;;7896003895063;TRIBUTADO (CSOSN 102)
2051870;ATLAS FITA ANTIDERRAPANTE PRETA;000166;UN;68053090;;GERAL;;;;;SEM GTIN;NÃO TRIBUTADO (CSOSN 400)
2051871;ATLAS FITA ANTIDERRAPANTE TRANSPARENTE;000167;UN;68053090;;GERAL;;;;;7896380101863;NÃO TRIBUTADO (CSOSN 400)
2051872;ATLAS FITA SINALIZACAO;000168;UN;39201010;;GERAL;;;;;SEM GTIN;NÃO TRIBUTADO (CSOSN 400)
2051926;ATLAS FITA SINALIZACAO PLASTICA 65MMX150M;000222;UN;39201010;;GERAL;;;;;7896380153022;NÃO TRIBUTADO (CSOSN 400)
2051894;ATLAS FITA TELADA PARA DRYWALL 45M;000190;UN;70195100;;GERAL;;;;;SEM GTIN;NÃO TRIBUTADO (CSOSN 400)
2053065;ATLAS FITA TELADA REPAROS 100MMX20M;001361;UN;70196900;;FITA;;;;;7896380105205;TRIBUTADO (CSOSN 102)
2053066;ATLAS FITA TELADA REPAROS 50MMX45M;001362;UN;70196900;;FITA;;;;;7896380104376;TRIBUTADO (CSOSN 102)
2051883;ATLAS FITA VEDA ROSCA 12MMX10M;000179;UN;39209990;;GERAL;;;;;SEM GTIN;NÃO TRIBUTADO (CSOSN 400)
2051978;ATLAS GARFO BUCHA C/ROSCA ACO 330/23R;000274;UN;73269090;;GERAL;;;;;7896380192038;NÃO TRIBUTADO (CSOSN 400)
2053133;ATLAS GARFO BUCHA S/ROSCA ACO 330/23SR;001429;UN;73269090;;GERAL;;;;;7896380192045;TRIBUTADO (CSOSN 102)
2053569;ATLAS GARFO COMFORT GAIOLA ACO 400/23;001865;UN;73269090;;GERAL;;;;;7896380192502;TRIBUTADO (CSOSN 102)
2051830;ATLAS GARFO GAIOLA C/ROSCA 400/23R;000126;UN;73269090;;GERAL;;;;;7896380194650;NÃO TRIBUTADO (CSOSN 400)
2053055;ATLAS GARFO GAIOLA S/R ACO 400/23SR;001351;UN;73269090;;GERAL;;;;;7896380192519;TRIBUTADO (CSOSN 102)
2051989;ATLAS GARFO GAIOLA 5 ARAMES 23CM AT550/23R;000285;UN;73269090;;GERAL;;;;;7896380195428;TRIBUTADO (CSOSN 102)
2053175;ATLAS GOL PELE DE CARN 23CM 923/19;001471;UN;96034010;;GERAL;;;;;7896380191031;TRIBUTADO (CSOSN 102)
2051867;ATLAS KIT 3 PECAS REF:1001;000163;UN;96034010;;GERAL;;;;;SEM GTIN;NÃO TRIBUTADO (CSOSN 400)
2051977;ATLAS KIT 3 PECAS RENDEPLUS 2004;000273;UN;96034010;;GERAL;;;;;7896380100576;NÃO TRIBUTADO (CSOSN 400)
2051976;ATLAS KIT 5 PECAS LACARNEIRO 1002;000272;UN;96034010;;GERAL;;;;;SEM GTIN;NÃO TRIBUTADO (CSOSN 400)
2051866;ATLAS KIT 5 PECAS REF:AT1002;000162;UN;96034090;;GERAL;;;;;SEM GTIN;NÃO TRIBUTADO (CSOSN 400)
2053519;ATLAS LIXA DISCO ABRASIVO DE PAPEL 180 GRAO 120;001815;UN;68052000;;LIXA;;;;;7896380109821;TRIBUTADO (CSOSN 102)
2053219;ATLAS LIXA DISCO ABRASIVO 225MM GRAO '120';001515;UN;68052000;;LIXA;;;;;SEM GTIN;TRIBUTADO (CSOSN 102)
2053220;ATLAS LIXA DISCO ABRASIVO 225MM GRAO '150';001516;UN;68052000;;LIXA;;;;;7896380108244;TRIBUTADO (CSOSN 102)
2053218;ATLAS LIXA DISCO ABRASIVO 225MM GRAO '180';001514;UN;68052000;;LIXA;;;;;7896380108251;TRIBUTADO (CSOSN 102)
2053217;ATLAS LIXA DISCO ABRASIVO 225MM GRAO '220';001513;UN;68052000;;LIXA;;;;;7896380108268;TRIBUTADO (CSOSN 102)
2053256;ATLAS LIXA DISCO ABRASIVO 225MM GRAO 80 ( UNIDADE );001552;UN;68052000;;LIXA;;;;;SEM GTIN;TRIBUTADO (CSOSN 102)
2053221;ATLAS LIXA DISCO ABRASIVO 225MM GRAO '80' 5PCS;001517;UN;68052000;;LIXA;;;;;7896003895896;TRIBUTADO (CSOSN 102)
2051899;ATLAS LIXA TELADA DISCO 150 GRAO 120 AT13/120;000195;UN;68051000;;LIXA;;;;;7896380108084;TRIBUTADO (CSOSN 102)
2051793;ATLAS LIXA TELADA DISCO 150 GRAO 150 AT13/150;000089;UN;68051000;;LIXA;;;;;7896380108091;TRIBUTADO (CSOSN 102)
2051794;ATLAS LIXA TELADA DISCO 150 GRAO 180 AT13/180;000090;UN;68051000;;LIXA;;;;;7896380108107;TRIBUTADO (CSOSN 102)
2051795;ATLAS LIXA TELADA DISCO 150 GRAO 220 AT13/220;000091;UN;68051000;;LIXA;;;;;7896380108114;TRIBUTADO (CSOSN 102)
2051796;ATLAS LIXA TELADA DISCO 150 GRAO 240 AT13/240;000092;UN;68051000;;LIXA;;;;;7896380108541;TRIBUTADO (CSOSN 102)
2051797;ATLAS LIXA TELADA DISCO 150 GRAO 320 AT13/320;000093;UN;68051000;;LIXA;;;;;7896380108558;TRIBUTADO (CSOSN 102)
2051798;ATLAS LIXA TELADA DISCO 150 GRAO 400 AT13/400;000094;UN;68051000;;LIXA;;;;;7896380108565;TRIBUTADO (CSOSN 102)
2051799;ATLAS LIXA TELADA DISCO 150 GRAO 500 AT13/500;000095;UN;68051000;;LIXA;;;;;7896380196005;TRIBUTADO (CSOSN 102)
2051800;ATLAS LIXA TELADA DISCO 150 GRAO 600 AT13/600;000096;UN;68051000;;LIXA;;;;;7896380108572;TRIBUTADO (CSOSN 102)
2051898;ATLAS LIXA TELADA DISCO 150 GRAO 80 AT13/80;000194;UN;68051000;;LIXA;;;;;7896380108077;TRIBUTADO (CSOSN 102)
2051801;ATLAS LIXA TELADA DISCO 150 GRAO 800 AT13/800;000097;UN;68051000;;LIXA;;;;;7896380195992;TRIBUTADO (CSOSN 102)
2051896;ATLAS LIXA TELADA DISCO 180 GRAO 120 AT21/120;000192;UN;68051000;;LIXA;;;;;7896380109906;TRIBUTADO (CSOSN 102)
2051789;ATLAS LIXA TELADA DISCO 180 GRAO 150 AT21/150;000085;UN;68051000;;LIXA;;;;;7896380109913;TRIBUTADO (CSOSN 102)
2051790;ATLAS LIXA TELADA DISCO 180 GRAO 180 AT21/180;000086;UN;68051000;;LIXA;;;;;7896380109920;TRIBUTADO (CSOSN 102)
2051791;ATLAS LIXA TELADA DISCO 180 GRAO 220 AT21/220;000087;UN;68051000;;LIXA;;;;;7896380109937;TRIBUTADO (CSOSN 102)
2051897;ATLAS LIXA TELADA DISCO 180 GRAO 240 AT21/240;000193;UN;68052000;;LIXA;;;;;7896380109944;TRIBUTADO (CSOSN 102)
2051792;ATLAS LIXA TELADA DISCO 180 GRAO 320 AT21/320;000088;UN;68052000;;LIXA;;;;;7896380109951;TRIBUTADO (CSOSN 102)
2051706;ATLAS LIXA TELADA DISCO 180 GRAO 80 AT21/80;000002;UN;68051000;;LIXA;;;;;7896003894479;TRIBUTADO (CSOSN 102)
2051783;ATLAS LIXA TELADA DISCO 225 GRAO 120 AT14/120;000079;UN;68051000;;LIXA;;;;;7896380108121;TRIBUTADO (CSOSN 102)
2051784;ATLAS LIXA TELADA DISCO 225 GRAO 150 AT14/150;000080;UN;68051000;;LIXA;;;;;7896380108138;TRIBUTADO (CSOSN 102)
2051785;ATLAS LIXA TELADA DISCO 225 GRAO 180 AT14/180;000081;UN;68051000;;LIXA;;;;;7896380108145;TRIBUTADO (CSOSN 102)
2051786;ATLAS LIXA TELADA DISCO 225 GRAO 220 AT14/220;000082;UN;68051000;;LIXA;;;;;7896380108152;TRIBUTADO (CSOSN 102)
2051787;ATLAS LIXA TELADA DISCO 225 GRAO 240 AT14/240;000083;UN;68051000;;LIXA;;;;;7896380108169;TRIBUTADO (CSOSN 102)
2051788;ATLAS LIXA TELADA DISCO 225 GRAO 320 AT14/320;000084;UN;68051000;;LIXA;;;;;7896380108176;TRIBUTADO (CSOSN 102)
2051782;ATLAS LIXA TELADA DISCO 225 GRAO 80 AT14/80;000078;UN;68051000;;LIXA;;;;;7896003894448;TRIBUTADO (CSOSN 102)
2053537;ATLAS LUVA BANHADA EM PU EG AT1304EG;001833;UN;61161000;;GERAL;;;;;7896380108800;TRIBUTADO (CSOSN 102)
2053348;ATLAS LUVA BANHADA EM PU G AT1304G;001644;UN;61161000;;GERAL;;;;;7896380108794;TRIBUTADO (CSOSN 102)
2053631;ATLAS LUVA BANHADA EM PU M AT1304M;001927;UN;61161000;;GERAL;;;;;7896380108787;TRIBUTADO (CSOSN 102)
2053349;ATLAS LUVA DE ALGODAO PIGMENTADA EG 1303EG;001645;UN;61161000;;GERAL;;;;;7896380108770;TRIBUTADO (CSOSN 102)
2053350;ATLAS LUVA DE ALGODAO PIGMENTADA G AT1303G;001646;UN;61161000;;GERAL;;;;;7896380108763;TRIBUTADO (CSOSN 102)
2053351;ATLAS LUVA DE ALGODAO PIGMENTADA M AT1303M;001647;UN;61161000;;GERAL;;;;;7896380108756;TRIBUTADO (CSOSN 102)
2053170;ATLAS MASCARA DE FELTRO PFF2 C/ VAL. REF: AT2800;001466;UN;63079010;;GERAL;;;;;7896380195275;TRIBUTADO (CSOSN 102)
2053171;ATLAS MASCARA DE FELTRO PFF2 C/VALVULA CARVAO AT2600;001467;UN;63079010;;GERAL;;;;;7896380102440;TRIBUTADO (CSOSN 102)
2053169;ATLAS MASCARA DE FELTRO PFF2 S/ VAL. AT2700;001465;UN;63079010;;GERAL;;;;;7896380195268;TRIBUTADO (CSOSN 102)
2052014;ATLAS MISTURADOR MANUAL AT176/3;000310;UN;82079000;;GERAL;;;;;7896380100743;NÃO TRIBUTADO (CSOSN 400)
2053134;ATLAS MISTURADOR 176/1 40CM;001430;UN;82079000;;GERAL;;;;;7896380101467;TRIBUTADO (CSOSN 102)
2051829;ATLAS MISTURADOR 176/2 60CM;000125;UN;82079000;;GERAL;;;;;7896380101474;NÃO TRIBUTADO (CSOSN 400)
2053575;ATLAS NIVEL METALICO C/ IMA 10 AT182/10;001871;UN;90318099;;GERAL;;;;;7896380110308;TRIBUTADO (CSOSN 102)
2053576;ATLAS NIVEL METALICO C/ IMA 12 AT182/12;001872;UN;90318099;;GERAL;;;;;7896380110315;TRIBUTADO (CSOSN 102)
2053577;ATLAS NIVEL METALICO C/ IMA 14 AT182/14;001873;UN;90318099;;GERAL;;;;;7896380110322;TRIBUTADO (CSOSN 102)
2051980;ATLAS NIVELOPRO 25CM AT933/25;000276;UN;82055900;;GERAL;;;;;7896380195503;TRIBUTADO (CSOSN 102)
2051981;ATLAS NIVELOPRO 40CM AT933/40;000277;UN;82055900;;GERAL;;;;;7896380195527;TRIBUTADO (CSOSN 102)
2052013;ATLAS NIVELOPRO 60CM AT633;000309;UN;82055900;;GERAL;;;;;7896003894608;NÃO TRIBUTADO (CSOSN 400)
2051982;ATLAS NIVELOPRO 60CM AT933/60;000278;UN;82055900;;GERAL;;;;;7896380195541;TRIBUTADO (CSOSN 102)
2051983;ATLAS NIVELOPRO 80CM AT933/80;000279;UN;82055900;;GERAL;;;;;7896380195565;TRIBUTADO (CSOSN 102)
2053525;ATLAS OCULOS DE PROTECAO CINZA AT3300/2;001821;UN;90049020;;GERAL;;;;;7896380140701;TRIBUTADO (CSOSN 102)
2053524;ATLAS OCULOS DE PROTECAO INCOLOR AT3300/1;001820;UN;90049020;;GERAL;;;;;7896380140695;TRIBUTADO (CSOSN 102)
2053138;ATLAS PAD C/ CABO AJUSTAVEL  AT750/80;001434;UN;96034090;;GERAL;;;;;7896380105168;TRIBUTADO (CSOSN 102)
2053352;ATLAS PAD DE CANTOS C/ REFIL AT750/60;001648;UN;96034090;;GERAL;;;;;7896380105151;TRIBUTADO (CSOSN 102)
2053137;ATLAS PAD P/ RECORTE S/CABO AT751/70;001433;UN;96034090;;GERAL;;;;;7896003897456;TRIBUTADO (CSOSN 102)
2051891;ATLAS PAD PARA RECORTE PINTURA 750/70;000187;UN;96034090;;GERAL;;;;;SEM GTIN;NÃO TRIBUTADO (CSOSN 400)
2053162;ATLAS PALHA DE ACO N '0' AT90/50;001458;UN;73231000;;GERAL;;;;;7896380173433;NÃO TRIBUTADO (CSOSN 400)
2053163;ATLAS PALHA DE ACO N '1' AT90/60;001459;UN;73231000;;GERAL;;;;;7896380173440;NÃO TRIBUTADO (CSOSN 400)
2053164;ATLAS PALHA DE ACO N '2' AT90/70;001460;UN;73231000;;GERAL;;;;;7896380173457;NÃO TRIBUTADO (CSOSN 400)
2053360;ATLAS PINCEL ARTISTICO CHATO PELO SUINO 915/10;001656;UN;96033000;;GERAL;;;;;7896380125319;TRIBUTADO (CSOSN 102)
2053359;ATLAS PINCEL ARTISTICO CHATO PELO SUINO 915/14;001655;UN;96033000;;GERAL;;;;;7896380125364;TRIBUTADO (CSOSN 102)
2053361;ATLAS PINCEL ARTISTICO CHATO PELO SUINO 915/18;001657;UN;96033000;;GERAL;;;;;7896380125418;TRIBUTADO (CSOSN 102)
2053358;ATLAS PINCEL ARTISTICO CHATO PELO SUINO 915/2;001654;UN;96033000;;GERAL;;;;;7896380125388;TRIBUTADO (CSOSN 102)
2053357;ATLAS PINCEL ARTISTICO CHATO PELO SUINO 915/22;001653;UN;96033000;;GERAL;;;;;7896380125371;TRIBUTADO (CSOSN 102)
2053356;ATLAS PINCEL ARTISTICO CHATO PELO SUINO 915/6;001652;UN;96033000;;GERAL;;;;;7896380125432;TRIBUTADO (CSOSN 102)
2053057;ATLAS PISTOLA PROF. P/ CALAFETAR METALICA AT177/2;001353;UN;82055900;;GERAL;;;;;7896380102563;TRIBUTADO (CSOSN 102)
2053354;ATLAS PORTA-TRINCHA P/ PROLON. AT179;001650;UN;39269090;;GERAL;;;;;7896380100651;TRIBUTADO (CSOSN 102)
2053172;ATLAS PROTETOR AUDITIVO PLASTICO REF: AT3100;001468;UN;39269040;;GERAL;;;;;7896380107179;TRIBUTADO (CSOSN 102)
2053539;ATLAS RASPADOR DE TINTA 6CM 275/6;001835;UN;82055900;;GERAL;;;;;7896380191666;TRIBUTADO (CSOSN 102)
2053234;ATLAS RASPADOR P/ REJUNTE ATR193;001530;UN;82055900;;GERAL;;;;;7896380195343;TRIBUTADO (CSOSN 102)
2051869;ATLAS RASPADOR 6CM;000165;UN;82055900;;GERAL;;;;;SEM GTIN;NÃO TRIBUTADO (CSOSN 400)
2053139;ATLAS REFIL DE BUCHA PLAST P/ GARFO DUPLO PRO REF: AT3646;001435;UN;39269090;;GERAL;;;;;7896380109531;TRIBUTADO (CSOSN 102)
2053237;ATLAS REFIL DE LAMINA P/ ESTILETE 18MM AT175R;001533;UN;82119390;;GERAL;;;;;7896003897432;TRIBUTADO (CSOSN 102)
2053567;ATLAS REFIL ESTILETE TRAPEZOIDAL AT1409;001863;UN;82119390;;GERAL;;;;;7896380109715;TRIBUTADO (CSOSN 102)
2053355;ATLAS REFIL P/ PAD RECORTE AT751/35;001651;UN;96034090;;GERAL;;;;;7896003897463;TRIBUTADO (CSOSN 102)
2051892;ATLAS REFIL PARA PAD RECORTE PINTURA 750/35;000188;UN;96034090;;GERAL;;;;;SEM GTIN;NÃO TRIBUTADO (CSOSN 400)
2051884;ATLAS RODO MEDIO;000180;UN;96039000;;GERAL;;;;;SEM GTIN;NÃO TRIBUTADO (CSOSN 400)
2053048;ATLAS ROLO ANTIGOTA POLIAMIDA DUP 46CM;001344;UN;96034010;;GERAL;;;;;7896380105236;TRIBUTADO (CSOSN 102)
2051846;ATLAS ROLO ANTIGOTA 15CM 321/15;000142;UN;96034010;;GERAL;;;;;7896380150731;NÃO TRIBUTADO (CSOSN 400)
2052964;ATLAS ROLO ANTIGOTA 23CM 321/10;001260;UN;96034010;;GERAL;;;;;7896380150113;TRIBUTADO (CSOSN 102)
2051974;ATLAS ROLO ANTIGOTA 5CM  LA 10MM AT321/5;000270;UN;96034010;;GERAL;;;;;7896380107445;NÃO TRIBUTADO (CSOSN 400)
2051969;ATLAS ROLO ANTIGOTA 9CM 321/9;000265;UN;96034010;;GERAL;;;;;7896380150724;NÃO TRIBUTADO (CSOSN 400)
2051845;ATLAS ROLO ANTI-GOTA 9CMM REF: 321/9;000141;UN;96034010;;GERAL;;;;;SEM GTIN;NÃO TRIBUTADO (CSOSN 400)
2053047;ATLAS ROLO ANTIRESP LA SINT 15CM AT773/15;001343;UN;96034010;;GERAL;;;;;7896003894950;TRIBUTADO (CSOSN 102)
2053541;ATLAS ROLO ANTIRESP LA SINT. 23CM 773/10;001837;UN;96034010;;GERAL;;;;;7896380193998;TRIBUTADO (CSOSN 102)
2053045;ATLAS ROLO ANTIRESP LA SINT 5CM AT773/5;001341;UN;96034010;;GERAL;;;;;7896003894929;TRIBUTADO (CSOSN 102)
2053046;ATLAS ROLO ANTIRESP LA SINT 9CM AT773/9;001342;UN;96034010;;GERAL;;;;;7896003894943;TRIBUTADO (CSOSN 102)
2052962;ATLAS ROLO BRASILEIRINHO 23CM AT2014;001258;UN;96034010;;GERAL;;;;;7896380103188;TRIBUTADO (CSOSN 102)
2051916;ATLAS ROLO DE ESPUMA CINZA 68MM  23CM 406/23;000212;UN;96034010;;GERAL;;;;;7896380140350;TRIBUTADO (CSOSN 102)
2052961;ATLAS ROLO DE ESPUMA 15CM 406/15A;001257;UN;96034010;;GERAL;;;;;7896380140633;TRIBUTADO (CSOSN 102)
2052959;ATLAS ROLO DE ESPUMA 5CM 406/5A;001255;UN;96034010;;GERAL;;;;;7896380140619;TRIBUTADO (CSOSN 102)
2052960;ATLAS ROLO DE ESPUMA 9CM 406/9A;001256;UN;96034010;;GERAL;;;;;7896380140626;TRIBUTADO (CSOSN 102)
2053638;ATLAS ROLO DE LA NATURAL 15CM 328/15;001934;UN;96034010;;GERAL;;;;;7896380190287;TRIBUTADO (CSOSN 102)
2053636;ATLAS ROLO DE LA NATURAL 9CM 328/9;001932;UN;96034010;;GERAL;;;;;7896380190270;TRIBUTADO (CSOSN 102)
2053545;ATLAS ROLO DE TEXTURA RUSTICA E CHAPISCO 23CM AT110/85;001841;UN;96034010;;GERAL;;;;;7896380140688;TRIBUTADO (CSOSN 102)
2053136;ATLAS ROLO DE TEXTURA RUSTICA 5CM AT1155/5;001432;UN;96034010;;GERAL;;;;;7896380105069;TRIBUTADO (CSOSN 102)
2052963;ATLAS ROLO DRYWALL LA '8' 23CM AT321/8;001259;UN;96034010;;GERAL;;;;;7896380100798;TRIBUTADO (CSOSN 102)
2051837;ATLAS ROLO ESPUMA 23CM 406/23A;000133;UN;96034010;;GERAL;;;;;7896380140640;NÃO TRIBUTADO (CSOSN 400)
2051847;ATLAS ROLO INDUSTRIAL 23CM 326/5;000143;UN;96034010;;GERAL;;;;;7896380150175;NÃO TRIBUTADO (CSOSN 400)
2053527;ATLAS ROLO LA CARNEIRO + POLIESTER  23CM 228/22;001823;UN;96034010;;GERAL;;;;;7896380190195;TRIBUTADO (CSOSN 102)
2052958;ATLAS ROLO MAXILA NATURAL 23CM AT328/25;001254;UN;96034010;;GERAL;;;;;7896380190140;TRIBUTADO (CSOSN 102)
2053053;ATLAS ROLO P/ MASSA NIVELOPRO 23CM AT1122/23;001349;UN;96034010;;GERAL;;;;;7896003895940;TRIBUTADO (CSOSN 102)
2051902;ATLAS ROLO RENDEPLUS DUPLO LA '19' 46CM AT927/19;000198;UN;96034010;;GERAL;;;;;7896380105243;TRIBUTADO (CSOSN 102)
2053628;ATLAS ROLO RENDEPLUS LA '10' 23CM 327/23 MF;001924;UN;96034010;;GERAL;;;;;7896380150038;TRIBUTADO (CSOSN 102)
2051967;ATLAS ROLO RENDEPLUS LA '19'  23CM 327/19;000263;UN;96034010;;GERAL;;;;;7896380150021;NÃO TRIBUTADO (CSOSN 400)
2051886;ATLAS ROLO RENDEPLUS LA '19' 15CM 327/15;000182;UN;96034010;;GERAL;;;;;SEM GTIN;NÃO TRIBUTADO (CSOSN 400)
2053365;ATLAS ROLO RENDEPLUS LA '19' 5CM AT327/5;001661;UN;96034010;;GERAL;;;;;7896380195299;TRIBUTADO (CSOSN 102)
2051887;ATLAS ROLO RENDEPLUS LA '19' 9CM AT327/9;000183;UN;96034010;;GERAL;;;;;7896380107469;NÃO TRIBUTADO (CSOSN 400)
2053542;ATLAS ROLO RESIMAX  9 CM 339/9A;001838;UN;96034010;;GERAL;;;;;7896380152292;TRIBUTADO (CSOSN 102)
2051878;ATLAS ROLO RESIMAX 15 CM 339/15A;000174;UN;96034010;;GERAL;;;;;7896380152315;NÃO TRIBUTADO (CSOSN 400)
2051877;ATLAS ROLO RESIMAX 23CM 339/5A;000173;UN;96034010;;GERAL;;;;;7896380152278;NÃO TRIBUTADO (CSOSN 400)
2051873;ATLAS ROLO RESIMAX 5CM 339/55A;000169;UN;96034090;;GERAL;;;;;7896380152308;NÃO TRIBUTADO (CSOSN 400)
2053621;ATLAS ROLO RESINA / EPOXI 23CM PISOS AT339/23;001917;UN;96034010;;GERAL;;;;;7896003896015;TRIBUTADO (CSOSN 102)
2053540;ATLAS ROLO TEXTURA EX. RUST DE ESPUMA 23CM 110/55;001836;UN;96034010;;GERAL;;;;;7896380192090;TRIBUTADO (CSOSN 102)
2051852;ATLAS ROLO TEXTURA FINA 23CM 110/75;000148;UN;96034010;;GERAL;;;;;7896380192069;NÃO TRIBUTADO (CSOSN 400)
2051851;ATLAS ROLO TEXTURA MEDIA 23CM 110/65;000147;UN;96034010;;GERAL;;;;;7896380140671;NÃO TRIBUTADO (CSOSN 400)
2051850;ATLAS ROLO TEXTURA RUSTICA 23CM 1155;000146;UN;96034010;;GERAL;;;;;7896380150502;NÃO TRIBUTADO (CSOSN 400)
2051903;ATLAS ROLO TEXTURA 37CM AT91155;000199;UN;96034010;;GERAL;;;;;7896380109654;TRIBUTADO (CSOSN 102)
2051864;ATLAS ROLO 10CM CABELO DE ANJO C/SUPORTE;000160;UN;96034010;;GERAL;;;;;SEM GTIN;NÃO TRIBUTADO (CSOSN 400)
2051868;ATLAS ROLO 10CM C/SUPORTE DEMARCACAO;000164;UN;96034010;;GERAL;;;;;SEM GTIN;NÃO TRIBUTADO (CSOSN 400)
2051893;ATLAS ROLO 15CM LA CARNEIRO CONJ AT328/15SR;000189;UN;96034010;;GERAL;;;;;SEM GTIN;NÃO TRIBUTADO (CSOSN 400)
2051843;ATLAS ROLO 15CM LACARNEIRO REF:328/15;000139;UN;96034010;;GERAL;;;;;SEM GTIN;NÃO TRIBUTADO (CSOSN 400)
2051874;ATLAS ROLO 15CM REF: 407/15 ANTI MARCAS;000170;UN;96034010;;GERAL;;;;;SEM GTIN;NÃO TRIBUTADO (CSOSN 400)
2051862;ATLAS ROLO 15CM VELUDO 329/15;000158;UN;96034010;;GERAL;;;;;SEM GTIN;NÃO TRIBUTADO (CSOSN 400)
2051888;ATLAS ROLO 23CM EXTRA PROFIMAX AT322/46;000184;UN;96034010;;GERAL;;;;;SEM GTIN;NÃO TRIBUTADO (CSOSN 400)
2051968;ATLAS ROLO 23CM INDUSTRIAL 326/5;000264;UN;96034010;;GERAL;;;;;SEM GTIN;NÃO TRIBUTADO (CSOSN 400)
2051844;ATLAS ROLO 23CM LA CARNEIRO 228/22;000140;UN;96034010;;GERAL;;;;;SEM GTIN;NÃO TRIBUTADO (CSOSN 400)
2051841;ATLAS ROLO 23CM LACARNEIRO REF:328/22;000137;UN;96034010;;GERAL;;;;;SEM GTIN;NÃO TRIBUTADO (CSOSN 400)
2051839;ATLAS ROLO 23CM LACARNEIRO 1000/22;000135;UN;96034010;;GERAL;;;;;SEM GTIN;NÃO TRIBUTADO (CSOSN 400)
2051965;ATLAS ROLO 23CM LACARNEIRO 328/22;000261;UN;96034010;;GERAL;;;;;SEM GTIN;NÃO TRIBUTADO (CSOSN 400)
2051840;ATLAS ROLO 23CM LACARNEIRO 328/25;000136;UN;96034010;;GERAL;;;;;SEM GTIN;NÃO TRIBUTADO (CSOSN 400)
2051875;ATLAS ROLO 23CM PELECARNEIRO REF:1000;000171;UN;96034010;;GERAL;;;;;SEM GTIN;NÃO TRIBUTADO (CSOSN 400)
2051964;ATLAS ROLO 23CM PELECARNEIRO 322/22;000260;UN;96034010;;GERAL;;;;;SEM GTIN;NÃO TRIBUTADO (CSOSN 400)
2051966;ATLAS ROLO 23CM RESIMAX 339/5;000262;UN;96034010;;GERAL;;;;;SEM GTIN;NÃO TRIBUTADO (CSOSN 400)
2051854;ATLAS ROLO 23CM TEXTURA ACABAMENTO 1107;000150;UN;96034010;;GERAL;;;;;SEM GTIN;NÃO TRIBUTADO (CSOSN 400)
2051855;ATLAS ROLO 23CM TEXTURA ACABAMENTO 1110;000151;UN;96034010;;GERAL;;;;;SEM GTIN;NÃO TRIBUTADO (CSOSN 400)
2051856;ATLAS ROLO 23CM TEXTURA ACABAMENTO 1163;000152;UN;96034010;;GERAL;;;;;SEM GTIN;NÃO TRIBUTADO (CSOSN 400)
2051857;ATLAS ROLO 23CM TEXTURA ACABAMENTO 1166;000153;UN;96034010;;GERAL;;;;;SEM GTIN;NÃO TRIBUTADO (CSOSN 400)
2051858;ATLAS ROLO 23CM TEXTURA ACABAMENTO 1170;000154;UN;96034010;;GERAL;;;;;SEM GTIN;NÃO TRIBUTADO (CSOSN 400)
2051861;ATLAS ROLO 23CM VELUDO 329/5;000157;UN;96034010;;GERAL;;;;;SEM GTIN;NÃO TRIBUTADO (CSOSN 400)
2051895;ATLAS ROLO 5CM CABELO ANJO 1155/5;000191;UN;96034010;;GERAL;;;;;SEM GTIN;NÃO TRIBUTADO (CSOSN 400)
2051975;ATLAS ROLO 5CM LA SINT. 705/5;000271;UN;96034010;;GERAL;;;;;SEM GTIN;NÃO TRIBUTADO (CSOSN 400)
2051876;ATLAS ROLO 5CM LACARNEIRO REF:AT328/5;000172;UN;96034010;;GERAL;;;;;SEM GTIN;NÃO TRIBUTADO (CSOSN 400)
2051972;ATLAS ROLO 5CM LACARNEIRO 328/5;000268;UN;96034010;;GERAL;;;;;SEM GTIN;NÃO TRIBUTADO (CSOSN 400)
2051973;ATLAS ROLO 5CM RESIMAX 339/55;000269;UN;96034010;;GERAL;;;;;SEM GTIN;NÃO TRIBUTADO (CSOSN 400)
2051848;ATLAS ROLO 5CM VELUDO 329/55;000144;UN;96034010;;GERAL;;;;;SEM GTIN;NÃO TRIBUTADO (CSOSN 400)
2051838;ATLAS ROLO 9CM ANTIMARCAS REF:AT407/9;000134;UN;96034010;;GERAL;;;;;SEM GTIN;NÃO TRIBUTADO (CSOSN 400)
2051842;ATLAS ROLO 9CM LACARNEIRO 328/9;000138;UN;96034010;;GERAL;;;;;SEM GTIN;NÃO TRIBUTADO (CSOSN 400)
2051970;ATLAS ROLO 9CM RESIMAX 339/9;000266;UN;96034010;;GERAL;;;;;SEM GTIN;NÃO TRIBUTADO (CSOSN 400)
2051971;ATLAS ROLO 9CM ROLA FACIL 709/5;000267;UN;96034010;;GERAL;;;;;SEM GTIN;NÃO TRIBUTADO (CSOSN 400)
2051853;ATLAS ROLO 9CM TEXTURA FINA 110/9;000149;UN;96034010;;GERAL;;;;;SEM GTIN;NÃO TRIBUTADO (CSOSN 400)
2051849;ATLAS ROLO 9CM VELUDO 329/9;000145;UN;96034010;;GERAL;;;;;SEM GTIN;NÃO TRIBUTADO (CSOSN 400)
2051900;ATLAS SACO COLETOR DE PO REF: AT1710/130;000196;UN;84679900;;GERAL;;;;;7896380174577;TRIBUTADO (CSOSN 102)
2053179;ATLAS SERROTE DE PONTA DE ACO P/ DRYWALL AT192/1;001475;UN;82021000;;GERAL;;;;;7896380102457;TRIBUTADO (CSOSN 102)
2051925;ATLAS SOPRADOR TERM. DIGITAL 2000W/220V AT1790/2;000221;UN;84672999;;GERAL;;;;;7896380196029;TRIBUTADO (CSOSN 102)
2051901;ATLAS SOPRADOR TERMICO 2000W/220V REF: AT1791/2;000197;UN;84672999;;GERAL;;;;;7896380196043;TRIBUTADO (CSOSN 102)
2051890;ATLAS SUPORTE GAIOLA 546/23;000186;UN;73269090;;GERAL;;;;;SEM GTIN;NÃO TRIBUTADO (CSOSN 400)
2053038;ATLAS SUPORTE MANUAL P/ LIXA DE PVC REF:100/2;001334;UN;39269090;;GERAL;;;;;7896380101320;TRIBUTADO (CSOSN 102)
2051909;ATLAS SUPORTE P/ DESEMPENADEIRA AT9933;000205;UN;39269090;;GERAL;;;;;7896380195589;TRIBUTADO (CSOSN 102)
2053176;ATLAS SUPORTE P/ LIXA C/ ROSCA 10,5X21CM 100/3;001472;UN;39269090;;GERAL;;;;;7896380101337;TRIBUTADO (CSOSN 102)
2051915;ATLAS SUPORTE P/ MEIA LIXA PVC 23X10,5 AT100/4;000211;UN;39269090;;GERAL;;;;;7896380103195;TRIBUTADO (CSOSN 102)
2051827;ATLAS TACO PARA LIXA 100/1;000123;UN;39269090;;GERAL;;;;;7896380101450;NÃO TRIBUTADO (CSOSN 400)
2053520;ATLAS TESOURA DE AVIACAO CORTE RETO '25' AT1404;001816;UN;82033000;;GERAL;;;;;7896380109661;TRIBUTADO (CSOSN 102)
2053056;ATLAS TEXTURA RUSTICA 10CM AT155/10SR;001352;UN;96034010;;GERAL;;;;;7896380150359;TRIBUTADO (CSOSN 102)
2053570;ATLAS TRENA PROF. 10M AMARELA AT180/10;001866;UN;90178010;;GERAL;;;;;7896380105274;TRIBUTADO (CSOSN 102)
2053571;ATLAS TRENA PROFI. 8M AMARELA AT180/8;001867;UN;90178010;;GERAL;;;;;7896380105267;TRIBUTADO (CSOSN 102)
2051881;ATLAS TRENA 5M PROFI. AMARELA AT180/5;000177;UN;90178010;;GERAL;;;;;7896380107162;NÃO TRIBUTADO (CSOSN 400)
2053222;ATLAS TRINCHA ANGULAR AT345 1;001518;UN;96034090;;GERAL;;;;;7896003896268;TRIBUTADO (CSOSN 102)
2053177;ATLAS TRINCHA ANGULAR AT345 '1.1/2';001473;UN;96034090;;GERAL;;;;;7896003896275;TRIBUTADO (CSOSN 102)
2053178;ATLAS TRINCHA ANGULAR AT345 2;001474;UN;96034090;;GERAL;;;;;7896003896282;TRIBUTADO (CSOSN 102)
2053223;ATLAS TRINCHA ANGULAR AT345 '2.1/2';001519;UN;96034090;;GERAL;;;;;7896003896299;TRIBUTADO (CSOSN 102)
2051910;ATLAS TRINCHA ANGULAR IMPERIAL  AT416/3AN '1';000206;UN;96034090;;GERAL;;;;;7896003896428;TRIBUTADO (CSOSN 102)
2051911;ATLAS TRINCHA ANGULAR IMPERIAL AT416/4AN '1 1/2';000207;UN;96034090;;GERAL;;;;;7896003896435;TRIBUTADO (CSOSN 102)
2051912;ATLAS TRINCHA ANGULAR IMPERIAL AT416/5AN '2';000208;UN;96034090;;GERAL;;;;;7896003896442;TRIBUTADO (CSOSN 102)
2051913;ATLAS TRINCHA ANGULAR IMPERIAL AT416/6AN '2 1/2';000209;UN;96034090;;GERAL;;;;;7896003896459;TRIBUTADO (CSOSN 102)
2051914;ATLAS TRINCHA ANGULAR IMPERIAL AT416/7AN '3';000210;UN;96034090;;GERAL;;;;;7896003896466;TRIBUTADO (CSOSN 102)
2053235;ATLAS TRINCHA PROFISSIONAL AT717/3 '1';001531;UN;96034090;;GERAL;;;;;7896003894844;TRIBUTADO (CSOSN 102)
2053236;ATLAS TRINCHA PROFISSIONAL AT717/7 '3';001532;UN;96034090;;GERAL;;;;;7896003894868;TRIBUTADO (CSOSN 102)
2053145;ATLAS TRINCHA 315  '1.1/2';001441;UN;96034090;;GERAL;;;;;7896380103843;TRIBUTADO (CSOSN 102)
2053142;ATLAS TRINCHA 315  1/2;001438;UN;96034090;;GERAL;;;;;7896380103812;TRIBUTADO (CSOSN 102)
2053146;ATLAS TRINCHA 315  2;001442;UN;96034090;;GERAL;;;;;7896380103850;TRIBUTADO (CSOSN 102)
2053147;ATLAS TRINCHA 315  '2.1/2';001443;UN;96034090;;GERAL;;;;;7896380103867;TRIBUTADO (CSOSN 102)
2053148;ATLAS TRINCHA 315  3;001444;UN;96034090;;GERAL;;;;;7896380103874;TRIBUTADO (CSOSN 102)
2053143;ATLAS TRINCHA 315  '3/4';001439;UN;96034090;;GERAL;;;;;7896380103829;TRIBUTADO (CSOSN 102)
2053149;ATLAS TRINCHA 315  4;001445;UN;96034090;;GERAL;;;;;7896380103881;TRIBUTADO (CSOSN 102)
2053144;ATLAS TRINCHA 315 1;001440;UN;96034090;;GERAL;;;;;7896380103836;TRIBUTADO (CSOSN 102)
2053225;ATLAS TRINCHA 319  '1.1/2';001521;UN;96034090;;GERAL;;;;;7896380105335;TRIBUTADO (CSOSN 102)
2053153;ATLAS TRINCHA 319  1/2;001449;UN;96034090;;GERAL;;;;;7896380105304;TRIBUTADO (CSOSN 102)
2053224;ATLAS TRINCHA 319  2;001520;UN;96034090;;GERAL;;;;;7896380105342;TRIBUTADO (CSOSN 102)
2053155;ATLAS TRINCHA 319  '2.1/2';001451;UN;96034090;;GERAL;;;;;7896380105359;TRIBUTADO (CSOSN 102)
2053043;ATLAS TRINCHA 319  '3';001339;UN;96034090;;GERAL;;;;;7896380105366;TRIBUTADO (CSOSN 102)
2053154;ATLAS TRINCHA 319 1;001450;UN;96034090;;GERAL;;;;;7896380105328;TRIBUTADO (CSOSN 102)
2053606;ATLAS TRINCHA 319 '3/4';001902;UN;96034090;;GERAL;;;;;7896380105311;NÃO TRIBUTADO (CSOSN 400)
2053226;ATLAS TRINCHA 319 4;001522;UN;96034090;;GERAL;;;;;7896380105373;TRIBUTADO (CSOSN 102)
2053151;ATLAS TRINCHA 395  1;001447;UN;96034090;;GERAL;;;;;7896380103522;TRIBUTADO (CSOSN 102)
2053152;ATLAS TRINCHA 395  '1.1/2';001448;UN;96034090;;GERAL;;;;;7896380103539;TRIBUTADO (CSOSN 102)
2053042;ATLAS TRINCHA 395  '3/4';001338;UN;96034090;;GERAL;;;;;7896380103515;TRIBUTADO (CSOSN 102)
2053150;ATLAS TRINCHA 395 1/2;001446;UN;96034090;;GERAL;;;;;7896380103508;TRIBUTADO (CSOSN 102)
2053041;ATLAS TRINCHA 395 2;001337;UN;96034090;;GERAL;;;;;7896380103546;TRIBUTADO (CSOSN 102)
2053040;ATLAS TRINCHA 395 '2.1/2';001336;UN;96034090;;GERAL;;;;;7896380103553;TRIBUTADO (CSOSN 102)
2053039;ATLAS TRINCHA 395 3;001335;UN;96034090;;GERAL;;;;;7896380103560;TRIBUTADO (CSOSN 102)
2053227;ATLAS TRINCHA 395 4;001523;UN;96034090;;GERAL;;;;;7896380103577;TRIBUTADO (CSOSN 102)
2054046;B - AMARELO;002342;UN;32041600;;CORANTE;;;;;SEM GTIN;NÃO TRIBUTADO (CSOSN 400)
2132709;BANDEJA PARA PINTURA GRANDE THOMPSON;002796;UN;39259090;;GERAL;Acessórios e Ferramentas;THOMPSON;;;7898011978806;TRIBUTADO (CSOSN 102)
2132708;BANDEJA PARA PINTURA GRANDE THOMPSON;002795;UN;39259090;;GERAL;Acessórios e Ferramentas;THOMPSON;;;9900000001384;TRIBUTADO (CSOSN 102)
2052899;BANDEJA PINTURA 15CM PRETA - THOMPSON;001195;UN;39259090;;GERAL;;;;;7898011978806;NÃO TRIBUTADO (CSOSN 400)
2054669;BANDEJA TINTA THOMPSON 23CM GRANDE 1600;002477;UN;39259090;;GERAL;Acessórios e Ferramentas;THOMPSON;;1001600;7898011978813;
2054679;BANDEJA TINTA TIGRE PRO 46CM LARANJA REF.2307;002487;UN;39269090;;GERAL;;TIGRE;;;7891395073617;
2052129;BASE M - CORALIT AB ULTRA RES 3.2L CORAL;000425;GL;32089010;;BASE;TINTA ACRILICA;Coral;;;7891019205578;NÃO TRIBUTADO (CSOSN 400)
2058812;BASE MF - CORALIT AB ULTRA RES 3.2L ;002607;GL;32089010;;BASE;TINTA ACRILICA;Coral;;2400100;7891019205592;
2080987;BASE MF - CORALIT AB ULTRA RES 800M 02.23.050;002696;QT;32089010;;ESMALTE;;;;2400100;9900000001186;NÃO TRIBUTADO (CSOSN 400)
2052131;BASE MF - CORALIT TOTAL ACET 0,8 L - CORAL;000427;QT;32091010;;BASE;TINTA ESMALTE ;Coral;;;7891019907915;NÃO TRIBUTADO (CSOSN 400)
2052130;BASE MF - CORALIT TOTAL ACET 3.2L - CORAL;000426;GL;32091010;;BASE;TINTA ESMALTE ;Coral;;;7891019907908;NÃO TRIBUTADO (CSOSN 400)
2113807;BASE MF - CORALIT TOTAL BR 3.2L 02.23.268;002763;UN;32091010;;ESMALTE;TINTA ESMALTE ;Coral;;2400100;7891019907922;TRIBUTADO (CSOSN 102)
2052133;BASE MF - DECORA DIAMANTE S/B 16L - CORAL;000429;LA;32091010;;BASE;TINTA ACRILICA;Coral;;;7891019177936;NÃO TRIBUTADO (CSOSN 400)
2052134;BASE MF - DECORA DIAMANTE S/B 3.2L - CORAL;000430;GL;32091010;;BASE;TINTA ACRILICA;Coral;;;7891019177943;NÃO TRIBUTADO (CSOSN 400)
2052143;BASE MF - DECORA MATE FOSCO 0,8L - CORAL;000439;QT;32091010;;BASE;TINTA ACRILICA;Coral;;;7891019906741;NÃO TRIBUTADO (CSOSN 400)
2052137;BASE MF - DECORA MATE FOSCO 16L - CORAL;000433;LA;32091010;;BASE;TINTA ACRILICA;Coral;;;7891019177882;NÃO TRIBUTADO (CSOSN 400)
2052138;BASE MF - DECORA MATE FOSCO 3.2L - CORAL;000434;GL;32091010;;BASE;TINTA ACRILICA;Coral;;;7891019906734;NÃO TRIBUTADO (CSOSN 400)
2052216;BASE MF - DECORA SEDA AC 0,8 L - CORAL;000512;QT;32091010;;BASE;TINTA ACRILICA;Coral;;;7891019915774;NÃO TRIBUTADO (CSOSN 400)
2052144;BASE MF - DECORA SEDA AC 16L - CORAL;000440;LA;32091010;;BASE;TINTA ACRILICA;Coral;;;SEM GTIN;NÃO TRIBUTADO (CSOSN 400)
2052215;BASE MF - DECORA SEDA AC 3.2L - CORAL;000511;GL;32091010;;BASE;TINTA ACRILICA;Coral;;;7891019915767;NÃO TRIBUTADO (CSOSN 400)
2052217;BASE MF - SOL&CHUVA ACRIL TOTAL 16L - CORAL;000513;LA;32091010;;BASE;TINTA ACRILICA;Coral;;;7891019909025;NÃO TRIBUTADO (CSOSN 400)
2052225;BASE MF - SOL&CHUVA ACRIL TOTAL 3.2L - CORAL;000521;GL;32091010;;BASE;TINTA ACRILICA;Coral;;;SEM GTIN;NÃO TRIBUTADO (CSOSN 400)
2052226;BASE MF - SUPER LAVAVEL EGGSHELL 16L - CORAL;000522;LA;32091010;;BASE;TINTA ACRILICA;Coral;;;SEM GTIN;NÃO TRIBUTADO (CSOSN 400)
2080988;BASE P - CORALIT AB ULTRA RES 800M 02.23.045;002697;QT;32089010;;ESMALTE;;;;2400100;9900000001193;NÃO TRIBUTADO (CSOSN 400)
2058813;BASE P - CORALIT BRILHANTE ULTRA RES 3.2L ;002608;GL;32089010;;BASE;TINTA ACRILICA;Coral;;2400100;7891019132867;
2117309;BASE P - CORALIT TOTAL ACET 800M 02.23.269;002774;QT;32091010;;ESMALTE;TINTA ESMALTE ;Coral;;2400100;9900000001322;NÃO TRIBUTADO (CSOSN 400)
2113802;BASE P - CORALIT TOTAL BR AGUA 3.2L ;002761;UN;32091010;;ACRILICA;TINTA ACRILICA;Coral;;2400100;7891019165292;TRIBUTADO (CSOSN 102)
2058733;BASE P - DECORA DIAMANTE S/B 3.2L ;002530;GL;32091010;;BASE;TINTA ACRILICA;Coral;;2400100;7891019907021;
2052228;BASE P - DECORA DIAMENTE S/B 800M - CORAL;000524;QT;32091010;;BASE;TINTA ACRILICA;Coral;;;SEM GTIN;NÃO TRIBUTADO (CSOSN 400)
2052229;BASE P - DECORA MATTE EXTRA FOSCO 3.2L - CORAL;000525;GL;32091010;;BASE;TINTA ACRILICA;Coral;;;7891019906833;NÃO TRIBUTADO (CSOSN 400)
2058706;BASE P - DECORA SEDA AC 3.2L ;002512;GL;32091010;;BASE;TINTA ACRILICA;Coral;;2400100;7891019177073;
2058773;BASE PM - RENDE MUITO 16L CORAL;002570;LA;32091010;;BASE;TINTA ACRILICA;Coral;;2400100;7891019170678;
2058744;BASE PM - RENDE MUITO 3.2L CORAL;002541;GL;32091010;;BASE;TINTA ACRILICA;Coral;;2400100;7891019170654;NÃO TRIBUTADO (CSOSN 400)
2058745;BASE PM - RENDE MUITO 800ML CORAL;002542;QT;32091010;"<a title=""Visualizar imagens do produto"" href=""javascript:f_visualizarImagem(2058745);""><button type=""button"" class=""btn btn-default btn-xs""><span style=""padding-bottom:3px;"" class=""glyphicon glyphicon-picture"" aria-hidden=""true""></button></a>";BASE;TINTA ACRILICA;Coral;;2400100;7891019170661;
2058814;BASE T - CORALIT AB ULTRA RES 3.2L ;002609;GL;32089010;;BASE;TINTA ESMALTE ;Coral;;2400100;7891019205615;NÃO TRIBUTADO (CSOSN 400)
2080989;BASE T - CORALIT AB ULTRA RES 800M 02.23.052;002698;QT;32089010;;ESMALTE;;;;2400100;9900000001209;NÃO TRIBUTADO (CSOSN 400)
2113804;BASE T - CORALIT TOTAL BR AGUA 3.2L ;002762;UN;32091010;;ESMALTE;TINTA ESMALTE ;Coral;;2400100;7891019165353;TRIBUTADO (CSOSN 102)
2117310;BASE T - CORALIT TOTAL BR 800M 02.23.135;002775;QT;32091010;;ESMALTE;TINTA ESMALTE ;Coral;;2400100;9900000001339;NÃO TRIBUTADO (CSOSN 400)
2058736;BASE T - DECORA DIAMANTE S/B 3.2L ;002533;GL;32091010;;BASE;TINTA ACRILICA;Coral;;2400100;7891019906994;
2080990;BASE T - DECORA MATE FOSCO 3.2L 02.23.256;002699;GL;32091010;;ACRILICA;TINTA ACRILICA;Coral;;2400100;9900000001216;NÃO TRIBUTADO (CSOSN 400)
2052222;BASE T - DECORA MATE FOSCO 800M 02.23.255;000518;QT;32091010;;BASE;TINTA ACRILICA;Coral;;;7891019906864;NÃO TRIBUTADO (CSOSN 400)
2080991;BASE T - DECORA MATE FOSCO 800M 02.23.255;002700;QT;32091010;;ACRILICA;TINTA ACRILICA;Coral;;2400100;9900000001223;NÃO TRIBUTADO (CSOSN 400)
2052135;BASE T - DECORA SEDA AC 3.2L - CORAL;000431;GL;32091010;;BASE;TINTA ACRILICA;Coral;;;7891019177103;NÃO TRIBUTADO (CSOSN 400)
2054097;BASE T  LOUSA 3,2 LT CORAL;002393;GL;12345678;;BASE;TINTA ACRILICA;Coral;;;7891019921744;NÃO TRIBUTADO (CSOSN 400)
2058775;BASE T - MASTER 16L;002572;LA;32089010;;BASE;TINTA ACRILICA;Coral;;2400100;7891019993819;
2058776;BASE T - MASTER 3,2L;002573;GL;32089010;;BASE;TINTA ACRILICA;Coral;;2400100;7891019993963;NÃO TRIBUTADO (CSOSN 400)
2113789;BASE T RENOVA EFEITO LOUSA AC 800ML;002760;UN;32091010;;ACRILICA;TINTA ACRILICA;Coral;;2400100;7891019921751;TRIBUTADO (CSOSN 102)
2058782;BASTON DESENGRIPANTE  300ML CHEMICOLOR;002579;UN;38249941;;GERAL;;;;;7899674035660;
2058783;BASTON ESPUMA EXPANSIVA  12X500ML/310G CHEMICOLOR;002580;UN;35061090;;GERAL;;;;;7898436140130;NÃO TRIBUTADO (CSOSN 400)
2052994;BATIDA DE PEDRA BRANCO 3,6L - MAXIRUBBER ( NOVO );001290;GL;32091010;;COMPLEMENTO;Utilidades;Maxi Rubber;;;7898031542872;NÃO TRIBUTADO (CSOSN 400)
2112476;BOMVINK ESMERILHADEIRA ANGULAR BOM-9545;002753;UN;;;LIXA;LIXAS;;;;7908782209051;TRIBUTADO (CSOSN 102)
2054047;C - LARANJA;002343;UN;32041600;;CORANTE;;;;;SEM GTIN;NÃO TRIBUTADO (CSOSN 400)
2052354;CACAMBA DE PINTURA 12LTS - THOMPSON;000650;UN;32089029;;GERAL;;;;;7898011979018;NÃO TRIBUTADO (CSOSN 400)
2052998;CACAMBA DE PINTURA 15LTS - THOMPSON ( NOVO );001294;UN;39259090;;GERAL;;;;;7898011979025;TRIBUTADO (CSOSN 102)
2132710;CASCOREZ EXTRA   500G 13.04.030;002797;UN;35061090;;GERAL;Complementos e Preparação;ADELBRAS;;;7891200007431;TRIBUTADO (CSOSN 102)
2109502;CERA CARNAUBA SUPER BRILHO V8  500ML SANOL;002751;UN;34053000;;AUTO;Complementos e Preparação;;;;7896183315993;TRIBUTADO (CSOSN 102)
2059429;CIMENTO QUEIMADO CINZA CLARO;002647;GL;32091010;;EFEITO;;;;2400100;9900000000875;
2059424;CIMENTO QUEIMADO CINZA MEDIO;002642;GL;32091010;;EFEITO;;;;2400100;9900000000844;
2052778;COLA MADEIRA TEKBOND 100GR;001074;UN;35061090;;GERAL;;;;;7898472261769;TRIBUTADO (CSOSN 102)
2052742;COLA SELA CALHA CINZA POTE 500GR;001038;UN;35061090;;GERAL;;;;;7898280880022;TRIBUTADO (CSOSN 102)
2052843;COLA SILIC TEKBOND 256GR INCOLOR;001139;UN;35061090;;GERAL;;;;;7898472259629;TRIBUTADO (CSOSN 102)
2052743;COLA SILIC TEKBOND 280GR PRETO;001039;UN;35061090;;GERAL;;;;;7898904869525;TRIBUTADO (CSOSN 102)
2052043;CORAL ACR RENOVA FOSCO 16L ;000339;BD;32091010;;ACRILICA;TINTA ACRILICA;Coral;;;7891019915132;NÃO TRIBUTADO (CSOSN 400)
2052047;CORAL ACR SOL E CHUVA IMPER 18L PREMIUM;000343;LA;32081010;;ACRILICA;TINTA ACRILICA;Coral;;;SEM GTIN;NÃO TRIBUTADO (CSOSN 400)
2053581;CORAL CORALAR ACR + DESEMPENHO BRANCO 18L;001877;LA;32091010;;ACRILICA;TINTA ACRILICA;Coral;;;7891019138449;NÃO TRIBUTADO (CSOSN 400)
2053679;CORAL CORALIT ULTRA PRETO ALTO BRILHO 3,6 LT;001975;GL;32089010;;ESMALTE;;;;;7891019201853;TRIBUTADO (CSOSN 102)
2052469;CORAL CORALIT ULTRA RESIST BR AZUL DEL REY 3,6 LT;000765;GL;32081010;;ESMALTE;;;;;7891019202171;NÃO TRIBUTADO (CSOSN 400)
2053062;CORAL CORALIT ULTRA RESIST BR AZUL FRANCA 3,6 LT;001358;GL;32089010;;ESMALTE;;;;;7891019202324;NÃO TRIBUTADO (CSOSN 400)
2052247;CORAL CORALIT ULTRA RESIST PRETO / FO  3,6 LT;000543;GL;32089010;;ESMALTE;;;;;7891019203529;NÃO TRIBUTADO (CSOSN 400)
2052791;CORAL FUNDO PREPARADOR BASE AGUA 3,6 LT;001087;GL;32091020;;COMPLEMENTO;Complementos e Preparação;Coral;;;SEM GTIN;NÃO TRIBUTADO (CSOSN 400)
2052426;CORAL FUNDO PREPARADOR MADEIRA E METAL 900 ML AGUA;000722;QT;32091010;;COMPLEMENTO;Complementos e Preparação;Coral;;;SEM GTIN;TRIBUTADO (CSOSN 102)
2052804;CORAL FUNDO PREPARADOR 18L;001100;LA;32091010;;COMPLEMENTO;Complementos e Preparação;Coral;;;SEM GTIN;TRIBUTADO (CSOSN 102)
2052476;CORAL GRAFITE ESCURO 3,6 LT;000772;GL;32091010;;ESMALTE;;;;;7891019201662;TRIBUTADO (CSOSN 102)
2058777;CORAL MACTRA MANTA LIQUIDA BRANCA 18 KG VEDBEM;002574;BD;32091010;;ACRILICA;Impermeabilização e Vedação;Coral;;2400100;7891019993772;
2053678;CORAL MASSA ACRILICA BALDE 5,7 KG;001974;GL;32141020;;COMPLEMENTO;Complementos e Preparação;Coral;;;7891019921263;TRIBUTADO (CSOSN 102)
2052235;CORAL MASSA ACRILICA 1,5KG;000531;QT;32141020;;COMPLEMENTO;Complementos e Preparação;Coral;;;7891019105809;NÃO TRIBUTADO (CSOSN 400)
2052236;CORAL MASSA ACRILICA 25KG;000532;LA;32141020;;COMPLEMENTO;Complementos e Preparação;Coral;;;7891019915088;NÃO TRIBUTADO (CSOSN 400)
2053677;CORAL MASSA CORRIDA PVA BALDE 5,7 KG;001973;GL;32141020;;COMPLEMENTO;Complementos e Preparação;Coral;;;7891019921256;TRIBUTADO (CSOSN 102)
2052327;CORAL MASSA CORRIDA PVA 1.5 KG;000623;QT;32141020;;COMPLEMENTO;Complementos e Preparação;Coral;;;7891019105748;NÃO TRIBUTADO (CSOSN 400)
2052220;CORAL MASSA CORRIDA PVA 25KG;000516;LA;32141020;;COMPLEMENTO;;;;;7891019915095;NÃO TRIBUTADO (CSOSN 400)
2052262;CORAL RENDE MUITO BRANCO FOSCO 3,6L;000558;GL;32091010;;ACRILICA;TINTA ACRILICA;Coral;;;7891019101467;NÃO TRIBUTADO (CSOSN 400)
2052324;CORAL RENDE MUITO BRANCO 0,9L;000620;QT;32091010;;ACRILICA;TINTA ACRILICA;Coral;;;7891019101474;NÃO TRIBUTADO (CSOSN 400)
2052261;CORAL RENDE MUITO BRANCO 18L;000557;LA;32091010;;ACRILICA;TINTA ACRILICA;Coral;;;7891019101481;NÃO TRIBUTADO (CSOSN 400)
2052141;CORAL RENOVA FOSCO BRANCO 3.2L;000437;GL;32091010;;ACRILICA;TINTA ACRILICA;Coral;;;7891019915217;NÃO TRIBUTADO (CSOSN 400)
2052344;CORAL RENOVA TETO BANHEIRO & COZINHA BR 900LT;000640;QT;32091010;;ACRILICA;TINTA ACRILICA;Coral;;;7891019166343;NÃO TRIBUTADO (CSOSN 400)
2052265;CORAL RENOVA TETO BANHEIRO & COZINHA FO 3,6 GL;000561;GL;32091010;;ACRILICA;TINTA ACRILICA;Coral;;;7891019166350;NÃO TRIBUTADO (CSOSN 400)
2052243;CORAL SELADOR ACRILICO 18L 02.02.304;000539;LA;32091010;;COMPLEMENTO;;;;;7891019106035;NÃO TRIBUTADO (CSOSN 400)
2053578;CORAL SPARLACK EXTRA MARITIMO BR NAT. INCOLOR 0,225L;001874;QT;32089029;;VERNIZ;;;;;7891574012383;NÃO TRIBUTADO (CSOSN 400)
2052523;CORAL VERNIZ ACRILICO INCOLOR 3,6L;000819;GL;32091020;;VERNIZ;;;;;7891019104727;NÃO TRIBUTADO (CSOSN 400)
2052686;CORALAR ACR + DESEMPENHO BRANCO 3,6L;000982;GL;32091010;;ACRILICA;TINTA ACRILICA;Coral;;;7891019138456;NÃO TRIBUTADO (CSOSN 400)
2052683;CORALAR ACR ROSA ACAI 3,6L;000979;GL;32091010;;ACRILICA;TINTA ACRILICA;Coral;;;7891019169306;NÃO TRIBUTADO (CSOSN 400)
2052684;CORALAR ACR RUBI 3,6L;000980;GL;32091010;;ACRILICA;TINTA ACRILICA;Coral;;;7891019169344;NÃO TRIBUTADO (CSOSN 400)
2052685;CORALAR ACR VERDE LIMAO 3,6L;000981;GL;32091010;;ACRILICA;TINTA ACRILICA;Coral;;;7891019168590;NÃO TRIBUTADO (CSOSN 400)
2052600;CORALIT AREIA ULTRA RES ALT BRI 3,6 L CORAL;000896;GL;32089010;;ESMALTE;;;;;7891019203031;NÃO TRIBUTADO (CSOSN 400)
2053579;CORALIT ESM ULTRA RESIST  BRANCO ALTO BRILHO 3,6L;001875;GL;32089010;;ESMALTE;;;;;7891019201723;NÃO TRIBUTADO (CSOSN 400)
2052244;CORALIT FOSCO BRANCO ULTRA RES 0,9L 02.03.600;000540;QT;32089010;;ESMALTE;;;;;7891019203499;NÃO TRIBUTADO (CSOSN 400)
2052245;CORALIT FOSCO BRANCO ULTRA RES 3,60 02.03.610;000541;GL;32089010;;ESMALTE;;;;;7891019203482;NÃO TRIBUTADO (CSOSN 400)
2052246;CORALIT FOSCO PRETO ULTRA RES 0,9L 02.03.605;000542;QT;32089010;;ESMALTE;;;;;7891019203536;NÃO TRIBUTADO (CSOSN 400)
2052248;CORALIT SR ACET BRANCO 0,9L 02.03.981;000544;QT;32081010;;ESMALTE;;;;;7891019908318;NÃO TRIBUTADO (CSOSN 400)
2052590;CORALIT SR BR AMARELO 0,9L CORAL;000886;QT;32081010;;ESMALTE;;;;;SEM GTIN;NÃO TRIBUTADO (CSOSN 400)
2052408;CORALIT SR BR AMARELO 3,6L CORAL;000704;GL;32081010;;ESMALTE;;;;;SEM GTIN;NÃO TRIBUTADO (CSOSN 400)
2052698;CORALIT SR BR AZUL MAR 3,6L CORAL;000994;GL;32081010;;ESMALTE;;;;;SEM GTIN;NÃO TRIBUTADO (CSOSN 400)
2052249;CORALIT SR BR BRANCO 0,9L CORAL;000545;QT;32081010;;ESMALTE;;;;;7891019168804;NÃO TRIBUTADO (CSOSN 400)
2073987;CORALIT SR BR BRANCO 3 L;002690;GL;32081010;;ACRILICA;TINTA ESMALTE ;Coral;;2400100;7891019920655;
2052250;CORALIT SR BR BRANCO 3,6L CORAL;000546;GL;32081010;;ESMALTE;;;;;7891019168781;NÃO TRIBUTADO (CSOSN 400)
2052581;CORALIT SR BR CINZA ESCURO 3,6L CORAL;000877;GL;32081010;;ESMALTE;;;;;SEM GTIN;NÃO TRIBUTADO (CSOSN 400)
2052394;CORALIT SR BR CINZA MEDIO 3,6L CORALIT;000690;GL;32081010;;ESMALTE;;;;;SEM GTIN;NÃO TRIBUTADO (CSOSN 400)
2052582;CORALIT SR BR MARROM CONHAQ 3,6L CORAL;000878;GL;32081010;;ESMALTE;;;;;SEM GTIN;NÃO TRIBUTADO (CSOSN 400)
2052591;CORALIT SR BR PLATINA 3,6L CORAL;000887;GL;32081010;;ESMALTE;;;;;SEM GTIN;NÃO TRIBUTADO (CSOSN 400)
2052599;CORALIT SR BR PRETO 0,900ML CORAL;000895;QT;32081010;;ESMALTE;;;;;SEM GTIN;NÃO TRIBUTADO (CSOSN 400)
2052598;CORALIT SR BR PRETO 3,6L CORAL;000894;GL;32081010;;ESMALTE;;;;;SEM GTIN;NÃO TRIBUTADO (CSOSN 400)
2052699;CORALIT SR BR VERDE LIMAO 3,6L CORAL;000995;GL;32081010;;ESMALTE;;;;;SEM GTIN;NÃO TRIBUTADO (CSOSN 400)
2052251;CORALIT SR BR VERMELHO 0,9L;000547;QT;32081010;;ESMALTE;;;;;7891019168835;NÃO TRIBUTADO (CSOSN 400)
2052252;CORALIT SR BR VERMELHO 3,6L CORAL;000548;GL;32081010;;ESMALTE;;;;;7891019168798;NÃO TRIBUTADO (CSOSN 400)
2052253;CORALIT TOTAL ACET BRANCO 0,9L;000549;QT;32091010;;ESMALTE;;;;;7891019165162;NÃO TRIBUTADO (CSOSN 400)
2052254;CORALIT TOTAL ACET BRANCO 3,6L;000550;GL;32091010;;ESMALTE;;;;;7891019165155;NÃO TRIBUTADO (CSOSN 400)
2052255;CORALIT TOTAL BR BRANCO 0,9L 02.03.915;000551;QT;32091010;;ESMALTE;;;;;7891019164967;NÃO TRIBUTADO (CSOSN 400)
2052256;CORALIT TOTAL BR BRANCO 3,6L;000552;GL;32091010;;ESMALTE;;;;;7891019164950;NÃO TRIBUTADO (CSOSN 400)
2052241;CORALIT UTRA RESIST AC CREME 3,2 L -  CORAL;000537;GL;32089010;;ESMALTE;;;;;SEM GTIN;NÃO TRIBUTADO (CSOSN 400)
2054525;CORTEX ECON. BRANCO 16 LT;002463;BD;32091010;;ACRILICA;TINTA ACRILICA;FUTURA;;;7898907911573;NÃO TRIBUTADO (CSOSN 400)
2053073;CORTEX ECON. BRANCO 18 LT;001369;LA;32091010;;ACRILICA;TINTA ACRILICA;FUTURA;;;7898907913638;NÃO TRIBUTADO (CSOSN 400)
2081001;CORTEX ECON. BRANCO 3,6L;002707;GL;32091010;;ACRILICA;TINTA ACRILICA;FUTURA;;2400100;7908896303430;NÃO TRIBUTADO (CSOSN 400)
2053554;CORTEX ECON. CAMURCA 18 LT;001850;LA;32091010;;ACRILICA;TINTA ACRILICA;FUTURA;;;7898907913720;NÃO TRIBUTADO (CSOSN 400)
2053552;CORTEX ECON. CAQUI 18 LT;001848;LA;32091010;;ACRILICA;TINTA ACRILICA;FUTURA;;;7898576315504;NÃO TRIBUTADO (CSOSN 400)
2053385;CORTEX ECON. COR INOX 18 LT;001681;LA;32091010;;ACRILICA;TINTA ACRILICA;FUTURA;;;7898576317034;NÃO TRIBUTADO (CSOSN 400)
2053386;CORTEX ECON. COR PALHA18 LT;001682;LA;32091010;;ACRILICA;TINTA ACRILICA;FUTURA;;;7898907913737;NÃO TRIBUTADO (CSOSN 400)
2053553;CORTEX ECON. VERDE LIMAO 18 LT;001849;LA;32091010;;ACRILICA;TINTA ACRILICA;FUTURA;;;7898576315528;NÃO TRIBUTADO (CSOSN 400)
2114640;DECOR QUARTZO MICA;002772;UN;32141020;;EFEITO;Efeitos Decorativos;;;;9900000001308;NÃO TRIBUTADO (CSOSN 400)
2052257;DECORA DIAMANTE BRANCO 18L;000553;LA;32091010;;ACRILICA;TINTA ACRILICA;Coral;;;7891019906888;NÃO TRIBUTADO (CSOSN 400)
2052258;DECORA DIAMANTE BRANCO 3,6L;000554;GL;32091010;;ACRILICA;TINTA ACRILICA;Coral;;;7891019906925;NÃO TRIBUTADO (CSOSN 400)
2052370;DECORA MATE BRANCO 18 L - CORAL;000666;LA;32091010;;ACRILICA;TINTA ACRILICA;Coral;;;7891019907045;NÃO TRIBUTADO (CSOSN 400)
2052259;DECORA MATE BRANCO 3,6L;000555;GL;32091010;;ACRILICA;TINTA ACRILICA;Coral;;;7891019907069;NÃO TRIBUTADO (CSOSN 400)
2052260;DECORA SEDA BRANCO 18L CORAL;000556;LA;32091010;;ACRILICA;TINTA ACRILICA;Coral;;;7891019177189;NÃO TRIBUTADO (CSOSN 400)
2052230;DECORA SEDA BRANCO 3,6L CORAL;000526;GL;32091010;;ACRILICA;TINTA ACRILICA;Coral;;;7891019177158;NÃO TRIBUTADO (CSOSN 400)
2052616;DISCO DE CORTE 180X1,6X22,22 BNA12 AZUL;000912;UN;68042211;;GERAL;;;;;7891345535707;NÃO TRIBUTADO (CSOSN 400)
2052864;DISCO DE DESB 115X6,4X22,23 BDA600 CLAS;001160;UN;68042211;;GERAL;;;;;7891345205563;NÃO TRIBUTADO (CSOSN 400)
2109499;DISCO DE LIXA GIRAFA  80 MASSA  A257  225X0X8 CX C/10;002750;UN;68052000;;LIXA;LIXAS;Norton;;;7891345508640;NÃO TRIBUTADO (CSOSN 400)
2109496;DISCO DE LIXA GIRAFA 120 MASSA  A257  225X0X8 CX C/10;002749;UN;68052000;;LIXA;LIXAS;Norton;;;7891345508749;NÃO TRIBUTADO (CSOSN 400)
2109493;DISCO DE LIXA GIRAFA 150 MASSA  A257 225X0X8 CX C/10;002748;UN;68052000;;LIXA;LIXAS;Norton;;;7891345508756;NÃO TRIBUTADO (CSOSN 400)
2109491;DISCO DE LIXA GIRAFA 180  MASSA  A257 225X0X8 CX C/10;002747;UN;68052000;;LIXA;LIXAS;THOMPSON;;;7891345508763;NÃO TRIBUTADO (CSOSN 400)
2109489;DISCO DE LIXA GIRAFA 220 MASSA  A257  225X0X8 CX C/10;002746;UN;68052000;;LIXA;LIXAS;Norton;;;7891345508770;NÃO TRIBUTADO (CSOSN 400)
2052571;DISCO DE LIXA 4.1/2 X GRAO 120 DIS-FLEX;000867;UN;68052000;;LIXA;;;;;SEM GTIN;NÃO TRIBUTADO (CSOSN 400)
2052570;DISCO DE LIXA 4.1/2 X GRAO 60 DIS-FLEX;000866;UN;68052000;;LIXA;;;;;SEM GTIN;NÃO TRIBUTADO (CSOSN 400)
2053673;DISCO LIXA C/ VELCRO 125MM GRAO C/6 FUROS P 800;001969;UN;68052000;;LIXA;;;;;SEM GTIN;NÃO TRIBUTADO (CSOSN 400)
2069739;DISCO LIXA C/ VELCRO 125MM GRAO C/8 FUROS P100;002663;UN;68052000;;LIXA;;;;;9900000000974;NÃO TRIBUTADO (CSOSN 400)
2069740;DISCO LIXA C/ VELCRO 125MM GRAO C/8 FUROS P180;002664;UN;68052000;;LIXA;;;;;9900000000981;NÃO TRIBUTADO (CSOSN 400)
2053672;DISCO LIXA C/ VELCRO 125MM GRAO C/8 FUROS P36;001968;UN;68052000;;LIXA;;;;;9900000000943;NÃO TRIBUTADO (CSOSN 400)
2069737;DISCO LIXA C/ VELCRO 125MM GRAO C/8 FUROS P40;002661;UN;68052000;;LIXA;;;;;9900000000950;NÃO TRIBUTADO (CSOSN 400)
2069738;DISCO LIXA C/ VELCRO 125MM GRAO C/8 FUROS P60;002662;UN;68052000;;LIXA;;;;;9900000000967;NÃO TRIBUTADO (CSOSN 400)
2053674;DISCO LIXA C/ VELCRO 125MM GRAO S/ FUROS P 1000;001970;UN;68052000;;LIXA;;;;;SEM GTIN;NÃO TRIBUTADO (CSOSN 400)
2053675;DISCO LIXA C/ VELCRO 125MM GRAO S/ FUROS P 1200;001971;UN;68052000;;LIXA;;;;;SEM GTIN;NÃO TRIBUTADO (CSOSN 400)
2053676;DISCO LIXA C/ VELCRO 125MM GRAO S/ FUROS P 1500;001972;UN;68052000;;LIXA;;;;;SEM GTIN;NÃO TRIBUTADO (CSOSN 400)
2053531;DISCO LIXA C/ VELCRO 125MM GRAO 100 / 150;001827;UN;68052000;;LIXA;;;;;SEM GTIN;NÃO TRIBUTADO (CSOSN 400)
2053536;DISCO LIXA C/ VELCRO 125MM GRAO 120  / 150;001832;UN;68052000;;LIXA;;;;;SEM GTIN;NÃO TRIBUTADO (CSOSN 400)
2053528;DISCO LIXA C/ VELCRO 125MM GRAO 150 / 150;001824;UN;68052000;;LIXA;;;;;SEM GTIN;NÃO TRIBUTADO (CSOSN 400)
2053534;DISCO LIXA C/ VELCRO 125MM GRAO 180  / 150;001830;UN;68052000;;LIXA;;;;;SEM GTIN;NÃO TRIBUTADO (CSOSN 400)
2053532;DISCO LIXA C/ VELCRO 125MM GRAO 220  / 150;001828;UN;68052000;;LIXA;;;;;SEM GTIN;NÃO TRIBUTADO (CSOSN 400)
2053529;DISCO LIXA C/ VELCRO 125MM GRAO 320 / 150;001825;UN;68052000;;LIXA;;;;;SEM GTIN;NÃO TRIBUTADO (CSOSN 400)
2053533;DISCO LIXA C/ VELCRO 125MM GRAO 400  / 150;001829;UN;68052000;;LIXA;;;;;SEM GTIN;NÃO TRIBUTADO (CSOSN 400)
2053530;DISCO LIXA C/ VELCRO 125MM GRAO 600 / 150;001826;UN;68052000;;LIXA;;;;;SEM GTIN;NÃO TRIBUTADO (CSOSN 400)
2053535;DISCO LIXA C/ VELCRO 125MM GRAO 80  / 150;001831;UN;68052000;;LIXA;;;;;SEM GTIN;NÃO TRIBUTADO (CSOSN 400)
2109485;"DISCO LIXA DIAMANTADO PARA POLIMENTO 4"" - GRAO 3000 THOMPSON";002745;UN;68042119;;LIXA;LIXAS;THOMPSON;;0800300;7898968528840;NÃO TRIBUTADO (CSOSN 400)
2052990;DISCO LIXA MASSA C/VEL 8 FUR 220X225MM A-257 NORT ( NOVO );001286;UN;68052000;;LIXA;;;;;SEM GTIN;TRIBUTADO (CSOSN 102)
2109484;"DISCO LIXA VELCRO 5"" - GRAO 024 - 8 FUROS -  THOMPSON";002744;UN;68053020;;LIXA;LIXAS;THOMPSON;;;17898968528861;NÃO TRIBUTADO (CSOSN 400)
2109483;"DISCO LIXA VELCRO 5"" - GRAO 036 - 8 FUROS -  THOMPSON";002743;UN;68053020;;LIXA;LIXAS;THOMPSON;;;17898968528878;NÃO TRIBUTADO (CSOSN 400)
2109482;"DISCO LIXA VELCRO 5"" - GRAO 040 - 8 FUROS -  THOMPSON";002742;UN;68053020;;LIXA;LIXAS;Thompson;;;17898968528885;NÃO TRIBUTADO (CSOSN 400)
2109481;"DISCO LIXA VELCRO 5"" - GRAO 060 - 8 FUROS -  THOMPSON";002741;UN;68053020;;LIXA;LIXAS;THOMPSON;;;17898968528892;NÃO TRIBUTADO (CSOSN 400)
2109480;"DISCO LIXA VELCRO 5"" - GRAO 080 - 8 FUROS -  THOMPSON";002740;UN;68053020;;LIXA;LIXAS;THOMPSON;;;17898968528908;NÃO TRIBUTADO (CSOSN 400)
2109479;"DISCO LIXA VELCRO 5"" - GRAO 100 - 8 FUROS -  THOMPSON";002739;UN;68053020;;LIXA;LIXAS;THOMPSON;;;17898968528915;
2109477;"DISCO LIXA VELCRO 5"" - GRAO 120 - 8 FUROS -  THOMPSON";002738;UN;68053020;;LIXA;LIXAS;THOMPSON;;;17898968528922;NÃO TRIBUTADO (CSOSN 400)
2109476;"DISCO LIXA VELCRO 5"" - GRAO 150 - 8 FUROS -  THOMPSON";002737;UN;68053020;;LIXA;LIXAS;THOMPSON;;;17898968528939;NÃO TRIBUTADO (CSOSN 400)
2109475;"DISCO LIXA VELCRO 5"" - GRAO 180 - 8 FUROS -  THOMPSON";002736;UN;68053020;;LIXA;LIXAS;THOMPSON;;;17898968528946;NÃO TRIBUTADO (CSOSN 400)
2109473;"DISCO LIXA VELCRO 7"" - GRAO 180 - 8 FUROS -  THOMPSON";002735;UN;68053020;;GERAL;LIXAS;THOMPSON;;;17898011970173;NÃO TRIBUTADO (CSOSN 400)
2058716;ECOLOGICO B.AGUA ACETINADO BRANCO;002519;GL;32091020;;ESMALTE;;;;2400100;9900000000196;
2084923;ECOLOGICO B.AGUA BRANCO FOSCO;002713;GL;32091020;;ESMALTE;;;;2400100;9900000001285;NÃO TRIBUTADO (CSOSN 400)
2058715;ECOLOGICO B.AGUA BRILHO BRANCO;002518;GL;32091020;;ESMALTE;;;;2400100;9900000000189;
2072876;ECOLOGICO B.AGUA BRILHO BRANCO;002678;QT;32091020;;ESMALTE;;;;2400100;9900000001049;
2072877;ECOLOGICO B.AGUA BRILHO PRETO;002679;QT;32091020;;ESMALTE;;;;2400100;9900000001056;
2052196;ESCADA ALUMINIO 5 DEGRAUS - REAL;000492;UN;76061190;;GERAL;Utilidades;;;;7898956073031;NÃO TRIBUTADO (CSOSN 400)
2052242;ESM B/AGUA AC TOTAL BRANCO 3,6L CORALIT;000538;GL;32089010;;ESMALTE;;;;;SEM GTIN;NÃO TRIBUTADO (CSOSN 400)
2078154;ESMALTE BRILHANTE SECA RAPIDO (BASE AGUA) / BRANCO;002695;GL;32091010;;ESMALTE;;;;2400100;9900000001179;
2078153;ESMALTE COR E PROTECAO FOSCO (B.AGUA) GL / BRANCO;002694;GL;32091010;;ESMALTE;;;;2400100;9900000001162;
2052004;ESPATULA ACO 6255/12 ATLAS;000300;UN;82055900;;GERAL;;;;;SEM GTIN;NÃO TRIBUTADO (CSOSN 400)
2052005;ESPATULA ACO 6255/16 ATLAS;000301;UN;82055900;;GERAL;;;;;SEM GTIN;NÃO TRIBUTADO (CSOSN 400)
2052006;ESPATULA ACO 6255/20 ATLAS;000302;UN;82055900;;GERAL;;;;;SEM GTIN;NÃO TRIBUTADO (CSOSN 400)
2051990;EXTENSOR 2M CHAPAMETALICA 1600 ATLAS;000286;UN;73269090;;GERAL;;;;;SEM GTIN;NÃO TRIBUTADO (CSOSN 400)
2051991;EXTENSOR 3M CHAPAMETALICA 1700 ATLAS;000287;UN;73269090;;GERAL;;;;;SEM GTIN;NÃO TRIBUTADO (CSOSN 400)
2052198;FERROX 1LT;000494;UN;38101010;;REMOVEDOR;;;;;7898060990026;NÃO TRIBUTADO (CSOSN 400)
2052197;FERROX 500 ML;000493;UN;38101010;;REMOVEDOR;;;;;7898060990019;NÃO TRIBUTADO (CSOSN 400)
2054678;FITA CREPE ADELBRAS/MASK 24X50M REF. 710;002486;UN;48114110;;FITA;;ADELBRAS;;;9900000000042;
2054677;FITA CREPE ADELBRAS/MASK 48X50M REF. 710;002485;UN;48114110;;FITA;;ADELBRAS;;;7896603802522;
2058671;FITA DUPLA FACE ADELBRAS ACRIL. 12X20M FIXA PRO;002495;UN;35069190;;FITA;;;;;7896603807015;NÃO TRIBUTADO (CSOSN 400)
2132711;FITA ISOLANTE 19X 5 NORTON ROLO 19.99.236;002798;UN;39191020;;FITA;Utilidades;Norton;;1000900;9900000001407;TRIBUTADO (CSOSN 102)
2132712;FITA ISOLANTE 19X20 NORTON ROLO COM  60 19.99.238;002799;UN;39191020;;FITA;Utilidades;Norton;;1000900;7895316729362;TRIBUTADO (CSOSN 102)
2052760;FITA ISOLANTE 3M SCOTCH 33+ 10M;001056;UN;39191020;;FITA;;;;;7891040004393;TRIBUTADO (CSOSN 102)
2052759;FITA ISOLANTE 3M SCOTCH 33+ 5M;001055;UN;39191020;;FITA;;;;;7891040004386;TRIBUTADO (CSOSN 102)
2053274;FITA MULTIUSO / ALUMINIO 10CMX10M - VIAPOL ( MT );001570;MT;68071000;;FITA;;;;;SEM GTIN;TRIBUTADO (CSOSN 102)
2053279;FITA MULTIUSO / ALUMINIO 45CMX10M - VIAPOL;001575;UN;68071000;;FITA;;;;;7899519915140;TRIBUTADO (CSOSN 102)
2053280;FITA MULTIUSO / ALUMINIO 45CMX10M - VIAPOL ( MT );001576;MT;68071000;;FITA;;;;;SEM GTIN;TRIBUTADO (CSOSN 102)
2109472;FITA VEDA ROSCA PRO 18MMX10M CX120 19.99.483;002734;UN;39209990;;GERAL;Utilidades;Norton;;1000900;7891345239438;
2052800;FITA VEDA ROSCA 18MMX25M;001096;UN;39209990;;FITA;;;;;7897613336953;NÃO TRIBUTADO (CSOSN 400)
2052332;FITA VEDA ROSCA 18MMX25M PLASTUBOS;000628;UN;39191090;;FITA;;;;;7891960853439;TRIBUTADO (CSOSN 102)
2052474;FUNDO PREP B. AGUA MADEIRA E METAL 3,6L CORAL;000770;GL;32091010;;COMPLEMENTO;;;;;SEM GTIN;TRIBUTADO (CSOSN 102)
2113487;FUTURA  ABSOLUTO PRM AZUL OCEANO 3,6L;002756;GL;32091010;;ACRILICA;TINTA ACRILICA;FUTURA;;2400100;7898576315030;NÃO TRIBUTADO (CSOSN 400)
2053622;FUTURA  ABSTO PRM SILENCIO DE INVERNO 3,6;001918;GL;32091010;;ACRILICA;TINTA ACRILICA;FUTURA;;;7898428716336;NÃO TRIBUTADO (CSOSN 400)
2053086;FUTURA  ARENATO TEXTURA BRANCA GL 3,6;001382;GL;32091010;;EFEITO;Efeitos Decorativos;FUTURA;;;7898576317560;NÃO TRIBUTADO (CSOSN 400)
2113490;FUTURA  TINTA PISO VERDE 18LT;002757;LA;32091010;;ACRILICA;TINTA ACRILICA;FUTURA;;2400100;7898907912747;NÃO TRIBUTADO (CSOSN 400)
2053381;FUTURA ABSOLUTO PRM  ALGODAO EGIPCIO 3,6;001677;GL;32091010;;ACRILICA;TINTA ACRILICA;FUTURA;;;7898576314897;NÃO TRIBUTADO (CSOSN 400)
2053378;FUTURA ABSOLUTO PRM  CROMIO 3,6;001674;GL;32091010;;ACRILICA;TINTA ACRILICA;FUTURA;;;7898576318918;NÃO TRIBUTADO (CSOSN 400)
2053377;FUTURA ABSOLUTO PRM  ELEFANTE 3,6;001673;GL;32091010;;ACRILICA;TINTA ACRILICA;FUTURA;;;7897523502288;NÃO TRIBUTADO (CSOSN 400)
2053380;FUTURA ABSOLUTO PRM  GELO 3,6;001676;GL;32091010;;ACRILICA;TINTA ACRILICA;FUTURA;;;7898576314880;NÃO TRIBUTADO (CSOSN 400)
2053379;FUTURA ABSOLUTO PRM  PAPEL PICADO 3,6;001675;GL;32091010;;ACRILICA;TINTA ACRILICA;FUTURA;;;7898907913485;NÃO TRIBUTADO (CSOSN 400)
2113491;FUTURA ABSOLUTO PRM AMARELO ALEGRIA 3,6L;002758;GL;32091010;;ACRILICA;TINTA ACRILICA;FUTURA;;2400100;7898576315078;NÃO TRIBUTADO (CSOSN 400)
2053654;FUTURA ABSOLUTO PRM AZUL MEIA NOITE 3,6;001950;GL;32091010;;ACRILICA;TINTA ACRILICA;FUTURA;;;7898576315122;NÃO TRIBUTADO (CSOSN 400)
2053373;FUTURA ABSOLUTO PRM AZUL OCEANO  18 LTS;001669;LA;32091010;;ACRILICA;TINTA ACRILICA;FUTURA;;;7898576315351;NÃO TRIBUTADO (CSOSN 400)
2052909;FUTURA ABSOLUTO PRM BRANCO 18 LT;001205;LA;32091010;;ACRILICA;TINTA ACRILICA;FUTURA;;;7898576315160;NÃO TRIBUTADO (CSOSN 400)
2052914;FUTURA ABSOLUTO PRM BRANCO 3,6;001210;GL;32091010;;ACRILICA;TINTA ACRILICA;FUTURA;;;7898576314873;NÃO TRIBUTADO (CSOSN 400)
2053201;FUTURA ABSOLUTO PRM BRANCO 900 ML;001497;QT;32091010;;ACRILICA;TINTA ACRILICA;FUTURA;;;7897523500956;NÃO TRIBUTADO (CSOSN 400)
2058778;FUTURA ABSOLUTO PRM CONCRETO 18 LT;002575;LA;32091010;;ACRILICA;TINTA ACRILICA;FUTURA;;2400100;7898576315269;
2058763;FUTURA ABSOLUTO PRM PRETO 3,6 LT;002560;GL;32091010;;ACRILICA;TINTA ACRILICA;FUTURA;;2400100;7897523500222;
2053619;FUTURA ABSOLUTO PRM TANGERINA 18 LT;001915;LA;32091010;;ACRILICA;TINTA ACRILICA;FUTURA;;;SEM GTIN;NÃO TRIBUTADO (CSOSN 400)
2053194;FUTURA ABSOLUTO PRM TOMATE SECO 18 LT;001490;LA;32091010;;ACRILICA;TINTA ACRILICA;FUTURA;;;7898576315320;NÃO TRIBUTADO (CSOSN 400)
2053686;FUTURA ABSOLUTO PRM VERDE ANGRA 18 LT;001982;LA;32091010;;ACRILICA;TINTA ACRILICA;FUTURA;;;SEM GTIN;NÃO TRIBUTADO (CSOSN 400)
2072874;FUTURA ABSOLUTO PRM VERDE ANGRA 3,6L ;002676;GL;32091010;;ACRILICA;TINTA ACRILICA;FUTURA;;2400100;7897523501205;TRIBUTADO (CSOSN 102)
2053688;FUTURA ABSOLUTO PRM VERDE SELVA 3,6;001984;GL;32091010;;ACRILICA;TINTA ACRILICA;FUTURA;;;7898576315139;NÃO TRIBUTADO (CSOSN 400)
2054524;FUTURA ACAO DO TEMP EMBORRACHADA ELEFANT 18 LT;002462;LA;32091010;;ACRILICA;TINTA ACRILICA;FUTURA;;;7898428715971;NÃO TRIBUTADO (CSOSN 400)
2053075;FUTURA ACAO TEMPO EMBORRACHADA BRANCA 18 LT;001371;LA;32091010;;ACRILICA;TINTA ACRILICA;FUTURA;;;7898576314378;NÃO TRIBUTADO (CSOSN 400)
2053070;FUTURA ACAO TEMPO EMBORRACHADA BRANCA 3,6;001366;LA;32091010;;ACRILICA;TINTA ACRILICA;FUTURA;;;7898576314385;NÃO TRIBUTADO (CSOSN 400)
2053247;FUTURA ALUMIAR SEMIBRILHO BRANCO 18 LT;001543;LA;32091010;;ACRILICA;TINTA ACRILICA;FUTURA;;;7898428712123;NÃO TRIBUTADO (CSOSN 400)
2053240;FUTURA ALUMIAR SEMIBRILHO PRM BRANCO 3,6;001536;GL;32091010;;ACRILICA;TINTA ACRILICA;FUTURA;;;7898428712147;NÃO TRIBUTADO (CSOSN 400)
2053382;FUTURA CIMENTO QUEIMADO COR CINZA CLARO;001678;UN;32091010;;EFEITO;Efeitos Decorativos;FUTURA;;;7897523504701;NÃO TRIBUTADO (CSOSN 400)
2053384;FUTURA CIMENTO QUEIMADO COR CINZA ESCURO;001680;UN;32091010;;EFEITO;Efeitos Decorativos;FUTURA;;;7897523504725;NÃO TRIBUTADO (CSOSN 400)
2053383;FUTURA CIMENTO QUEIMADO COR CINZA MEDIO;001679;UN;32091010;;EFEITO;Efeitos Decorativos;FUTURA;;;7897523504718;NÃO TRIBUTADO (CSOSN 400)
2053129;FUTURA ECOLOG B.AGUA ACETINADO BRANCO GL 3,6 LT;001425;GL;32091020;;ESMALTE;TINTA ESMALTE ;FUTURA;;;7898428715285;NÃO TRIBUTADO (CSOSN 400)
2053128;FUTURA ECOLOG B.AGUA BRILHO AZUL DEL REY 3,6 LT;001424;GL;32091020;;ESMALTE;TINTA ESMALTE ;FUTURA;;;7898428714318;NÃO TRIBUTADO (CSOSN 400)
2059426;FUTURA ECOLOGICO ACET EPOXI BRANCO 0,900 ML;002644;QT;32091020;;EPOXI;TINTA ESMALTE ;FUTURA;;2400100;7908896303133;TRIBUTADO (CSOSN 102)
2059425;FUTURA ECOLOGICO ACET EPOXI BRANCO 3,6 lt;002643;GL;32091020;;EPOXI;TINTA ESMALTE ;FUTURA;;2400100;7908896303126;TRIBUTADO (CSOSN 102)
2053204;FUTURA ECOLOGICO B.AGUA ACETINADO BRANCO 900 ML;001500;QT;32091020;;ESMALTE;TINTA ESMALTE ;FUTURA;;;7898428715292;NÃO TRIBUTADO (CSOSN 400)
2053198;FUTURA ECOLOGICO B.AGUA ACETINADO PRETO 3,6 LT;001494;GL;32091020;;ESMALTE;TINTA ESMALTE ;FUTURA;;;7898576313111;NÃO TRIBUTADO (CSOSN 400)
2053205;FUTURA ECOLOGICO B.AGUA ACETINADO PRETO 900 ML;001501;QT;32091020;;ESMALTE;TINTA ESMALTE ;FUTURA;;;7898907913478;NÃO TRIBUTADO (CSOSN 400)
2053244;FUTURA ECOLOGICO B.AGUA BRANCO FOSCO 3,6 LT;001540;GL;32091020;;ESMALTE;TINTA ESMALTE ;FUTURA;;;7898428716350;NÃO TRIBUTADO (CSOSN 400)
2053206;FUTURA ECOLOGICO B.AGUA BRANCO FOSCO 900 ML;001502;QT;32091020;;ESMALTE;TINTA ESMALTE ;FUTURA;;;7897523505128;NÃO TRIBUTADO (CSOSN 400)
2053125;FUTURA ECOLOGICO B.AGUA BRILHO BRANCO 3,6 LT;001421;GL;32091020;;ESMALTE;TINTA ESMALTE ;FUTURA;;;7898428714264;NÃO TRIBUTADO (CSOSN 400)
2053202;FUTURA ECOLOGICO B.AGUA BRILHO BRANCO 900 ML;001498;QT;32091020;;ESMALTE;TINTA ESMALTE ;FUTURA;;;7898428714349;NÃO TRIBUTADO (CSOSN 400)
2053249;FUTURA ECOLOGICO B.AGUA BRILHO GELO 3,6 LT;001545;GL;32091020;;ESMALTE;TINTA ESMALTE ;FUTURA;;;7898428714271;NÃO TRIBUTADO (CSOSN 400)
2053245;FUTURA ECOLOGICO B.AGUA BRILHO GELO 900 ML;001541;QT;32091020;;ESMALTE;TINTA ESMALTE ;FUTURA;;;7898428714356;NÃO TRIBUTADO (CSOSN 400)
2053126;FUTURA ECOLOGICO B.AGUA BRILHO PLATINA GL 3,6 LT;001422;GL;32091020;;ESMALTE;TINTA ESMALTE ;FUTURA;;;7898428714288;NÃO TRIBUTADO (CSOSN 400)
2053246;FUTURA ECOLOGICO B.AGUA BRILHO PLATINA 900 ML;001542;QT;32091020;;ESMALTE;TINTA ESMALTE ;FUTURA;;;7898428714363;NÃO TRIBUTADO (CSOSN 400)
2053127;FUTURA ECOLOGICO B.AGUA BRILHO PRETO 3,6 LT;001423;GL;32091020;;ESMALTE;TINTA ESMALTE ;FUTURA;;;7898576310462;NÃO TRIBUTADO (CSOSN 400)
2053203;FUTURA ECOLOGICO B.AGUA BRILHO PRETO 900 ML;001499;QT;32091020;;ESMALTE;TINTA ESMALTE ;FUTURA;;;7898576317508;NÃO TRIBUTADO (CSOSN 400)
2053551;FUTURA ECOLOGICO B.AGUA BRILHO VERDE FOLHA 3,6 LT;001847;GL;32091020;;ESMALTE;TINTA ESMALTE ;FUTURA;;;7898428714325;NÃO TRIBUTADO (CSOSN 400)
2053656;FUTURA ECOLOGICO B.AGUA BRTE AMARELO 900 ML;001952;QT;32091020;;ESMALTE;TINTA ESMALTE ;FUTURA;;;7898428714387;NÃO TRIBUTADO (CSOSN 400)
2053657;FUTURA ECOLOGICO B.AGUA BRTE AZUL DEL REY 900 ML;001953;QT;32091020;;ESMALTE;TINTA ESMALTE ;FUTURA;;;7898428714394;NÃO TRIBUTADO (CSOSN 400)
2053658;FUTURA ECOLOGICO B.AGUA BRTE VERDE FOLHA 900 ML;001954;QT;32091020;;ESMALTE;TINTA ESMALTE ;FUTURA;;;7898428714400;NÃO TRIBUTADO (CSOSN 400)
2053655;FUTURA ECOLOGICO B.AGUA BRTE VERMELHO 900 ML;001951;QT;32091020;;ESMALTE;TINTA ESMALTE ;FUTURA;;;7898428714370;NÃO TRIBUTADO (CSOSN 400)
2053199;FUTURA ECOLOGICO B.AGUA PRETO FOSCO 3,6 LT;001495;GL;32091020;;ESMALTE;TINTA ESMALTE ;FUTURA;;;7897523503674;NÃO TRIBUTADO (CSOSN 400)
2053207;FUTURA ECOLOGICO B.AGUA PRETO FOSCO 900 ML;001503;QT;32091020;;ESMALTE;TINTA ESMALTE ;FUTURA;;;7897523503681;NÃO TRIBUTADO (CSOSN 400)
2052921;FUTURA FUNDO CINZA ANTICORROSIVO 3,6 LT;001217;GL;32081010;;COMPLEMENTO;Complementos e Preparação;FUTURA;;;7898428719634;NÃO TRIBUTADO (CSOSN 400)
2053212;FUTURA FUNDO CINZA ANTICORROSIVO 900 ML;001508;QT;32081010;;COMPLEMENTO;Complementos e Preparação;FUTURA;;;7898428719641;NÃO TRIBUTADO (CSOSN 400)
2053077;FUTURA FUNDO PREPARADOR P/PINTURA 16 LT;001373;BD;32091010;;COMPLEMENTO;Complementos e Preparação;FUTURA;;;7897523590001;NÃO TRIBUTADO (CSOSN 400)
2053009;FUTURA FUNDO PREPARADOR P/PINTURA 3,6 LT;001305;GL;32091010;;COMPLEMENTO;Complementos e Preparação;FUTURA;;;7897523503292;NÃO TRIBUTADO (CSOSN 400)
2084924;FUTURA FUNDO PREPARADOR P/PINTURA 900 ML;002714;QT;32091010;;COMPLEMENTO;Complementos e Preparação;FUTURA;;2400100;7897523503315;NÃO TRIBUTADO (CSOSN 400)
2053121;FUTURA FUTURIT ESM. SINT. FOSCO BRANCO 3,6 LT SOLVENTE;001417;GL;32081010;;ESMALTE;TINTA ESMALTE ;FUTURA;;;7898428719702;NÃO TRIBUTADO (CSOSN 400)
2053122;FUTURA FUTURIT ESM SINT.ACET. BRANCO 3,6 LT SOLVENTE;001418;GL;32081010;;ESMALTE;TINTA ESMALTE ;FUTURA;;;7898428719795;NÃO TRIBUTADO (CSOSN 400)
2053480;FUTURA FUTURIT ESM SINT.ACETINADO BRANCO 900 ML;001776;QT;32081010;;ESMALTE;TINTA ESMALTE ;FUTURA;;;7898428719818;NÃO TRIBUTADO (CSOSN 400)
2059434;FUTURA FUTURIT ESM SINT.BRILHO AMARELO SEGUR;002652;QT;32081010;;ESMALTE;TINTA ESMALTE ;FUTURA;;2400100;7897523501106;NÃO TRIBUTADO (CSOSN 400)
2059430;FUTURA FUTURIT ESM SINT.BRILHO AMARELO SEGURANC;002648;GL;32081010;;ESMALTE;TINTA ESMALTE ;FUTURA;;2400100;7898576314736;
2081003;FUTURA FUTURIT ESM SINT.BRILHO AZUL DEL REY;002709;QT;32081010;;ESMALTE;TINTA ESMALTE ;FUTURA;;2400100;7898428719450;NÃO TRIBUTADO (CSOSN 400)
2081002;FUTURA FUTURIT ESM SINT.BRILHO AZUL DEL REY;002708;GL;32081010;;ESMALTE;TINTA ESMALTE ;FUTURA;;2400100;7898428719610;NÃO TRIBUTADO (CSOSN 400)
2053680;FUTURA FUTURIT ESM SINT.BRILHO AZUL FRANCA 3,6 LT;001976;GL;32081010;;ESMALTE;TINTA ESMALTE ;FUTURA;;;7898428719573;NÃO TRIBUTADO (CSOSN 400)
2053681;FUTURA FUTURIT ESM SINT.BRILHO AZUL FRANCA 900 ML;001977;QT;32081010;;ESMALTE;TINTA ESMALTE ;FUTURA;;;7898428719412;NÃO TRIBUTADO (CSOSN 400)
2053239;FUTURA FUTURIT ESM SINT.BRILHO BRANCO 3,6 LT;001535;GL;32081010;;ESMALTE;TINTA ESMALTE ;FUTURA;;;7898428719894;NÃO TRIBUTADO (CSOSN 400)
2053476;FUTURA FUTURIT ESM SINT.BRILHO BRANCO 900 ML;001772;QT;32081010;;ESMALTE;TINTA ESMALTE ;FUTURA;;;7898428719184;NÃO TRIBUTADO (CSOSN 400)
2053549;FUTURA FUTURIT ESM SINT.BRILHO CAMURCA 3,6 LT;001845;GL;32081010;;ESMALTE;TINTA ESMALTE ;FUTURA;;;7898428719498;NÃO TRIBUTADO (CSOSN 400)
2059437;FUTURA FUTURIT ESM SINT.BRILHO CINZA ESCURO;002655;QT;32081010;;ESMALTE;TINTA ESMALTE ;FUTURA;;2400100;7898428719344;
2053325;FUTURA FUTURIT ESM SINT.BRILHO CINZA ESCURO 3,6 LT SOLVENTE;001621;GL;32081010;;ESMALTE;TINTA ESMALTE ;FUTURA;;;7898907912969;NÃO TRIBUTADO (CSOSN 400)
2058769;FUTURA FUTURIT ESM SINT.BRILHO CINZA MEDIO;002566;QT;32081010;;ESMALTE;TINTA ESMALTE ;FUTURA;;2400100;7898428719214;
2053324;FUTURA FUTURIT ESM SINT.BRILHO CINZA MEDIO 3,6 LT SOLVENTE;001620;GL;32081010;;ESMALTE;TINTA ESMALTE ;FUTURA;;;7898428719924;NÃO TRIBUTADO (CSOSN 400)
2059435;FUTURA FUTURIT ESM SINT.BRILHO GELO;002653;QT;32081010;;ESMALTE;TINTA ESMALTE ;FUTURA;;2400100;7898428719191;
2053323;FUTURA FUTURIT ESM SINT.BRILHO GELO 3,6 LT SOLVENTE;001619;GL;32081010;;ESMALTE;TINTA ESMALTE ;FUTURA;;;7898428719900;NÃO TRIBUTADO (CSOSN 400)
2058771;FUTURA FUTURIT ESM SINT.BRILHO LARANJA;002568;QT;32081010;;ESMALTE;TINTA ESMALTE ;FUTURA;;2400100;7898428719399;
2058770;FUTURA FUTURIT ESM SINT.BRILHO MAR.CONHAQUE 900ML;002567;QT;32081010;;ESMALTE;TINTA ESMALTE ;FUTURA;;2400100;7898428719382;
2058723;FUTURA FUTURIT ESM SINT.BRILHO MARROM CONHAQUE 3,6 LT SOLV.;002526;GL;32081010;;ESMALTE;TINTA ESMALTE ;FUTURA;;2400100;7898428719542;
2053326;FUTURA FUTURIT ESM SINT.BRILHO MARROM 3,6 LT SOLV.;001622;GL;32081010;;ESMALTE;TINTA ESMALTE ;FUTURA;;;7898428719535;NÃO TRIBUTADO (CSOSN 400)
2053548;FUTURA FUTURIT ESM SINT.BRILHO PLATINA 3,6 LT;001844;GL;32081010;;ESMALTE;TINTA ESMALTE ;FUTURA;;;7898428719917;NÃO TRIBUTADO (CSOSN 400)
2059436;FUTURA FUTURIT ESM SINT.BRILHO PLATINA 900ML;002654;QT;32081010;;ESMALTE;TINTA ESMALTE ;FUTURA;;2400100;7898428719207;
2053208;FUTURA FUTURIT ESM SINT.BRILHO PRETO 3,6 LT SOLVENTE;001504;GL;32081010;;ESMALTE;TINTA ESMALTE ;FUTURA;;;7898428719504;NÃO TRIBUTADO (CSOSN 400)
2053477;FUTURA FUTURIT ESM SINT.BRILHO PRETO 900 ML;001773;QT;32081010;;ESMALTE;TINTA ESMALTE ;FUTURA;;;7898428719313;NÃO TRIBUTADO (CSOSN 400)
2053209;FUTURA FUTURIT ESM SINT.BRILHO TABACO 3,6 LT SOLVENTE;001505;GL;32081010;;ESMALTE;TINTA ESMALTE ;FUTURA;;;7898428719511;NÃO TRIBUTADO (CSOSN 400)
2053211;FUTURA FUTURIT ESM SINT.BRILHO TABACO 900 ML SOLVENTE;001507;QT;32081010;;ESMALTE;TINTA ESMALTE ;FUTURA;;;7898428719351;NÃO TRIBUTADO (CSOSN 400)
2059438;FUTURA FUTURIT ESM SINT.BRILHO VERDE FOLHA;002656;QT;32081010;;ESMALTE;TINTA ESMALTE ;FUTURA;;2400100;7898428719467;
2053550;FUTURA FUTURIT ESM SINT.BRILHO VERDE FOLHA 3,6 LT;001846;GL;32081010;;ESMALTE;TINTA ESMALTE ;FUTURA;;;7898428719627;NÃO TRIBUTADO (CSOSN 400)
2058772;FUTURA FUTURIT ESM SINT.BRILHO VERMELHO;002569;QT;32081010;;ESMALTE;TINTA ESMALTE ;FUTURA;;2400100;7897523501212;
2053479;FUTURA FUTURIT ESM SINT.FOSCO BRANCO 900 ML;001775;QT;32081010;;ESMALTE;TINTA ESMALTE ;FUTURA;;;7898428719726;NÃO TRIBUTADO (CSOSN 400)
2053210;FUTURA FUTURIT ESM SINT.FOSCO PRETO 3,6 LT SOLVENTE;001506;GL;32081010;;ESMALTE;TINTA ESMALTE ;FUTURA;;;7898428719696;NÃO TRIBUTADO (CSOSN 400)
2053478;FUTURA FUTURIT ESM SINT.FOSCO PRETO 900 ML;001774;QT;32081010;;ESMALTE;TINTA ESMALTE ;FUTURA;;;7898576318710;NÃO TRIBUTADO (CSOSN 400)
2058779;FUTURA FUTURIT MAIS PREMIUM FOSCO BRANCO;002576;GL;32081010;;ESMALTE;TINTA ESMALTE ;FUTURA;;2400100;7898428711102;
2058780;FUTURA FUTURIT MAIS PREMIUM FOSCO BRANCO;002577;QT;32081010;;ESMALTE;TINTA ESMALTE ;FUTURA;;2400100;7898428711119;
2059433;FUTURA FUTURIT MAIS PREMIUM METALICO AM OURO 3,6L;002651;GL;32081010;;ESMALTE;TINTA ESMALTE ;FUTURA;;2400100;7897523508228;
2059440;FUTURA FUTURIT MAIS PREMIUM METALICO AM OURO 900ML;002658;QT;32081010;;ESMALTE;TINTA ESMALTE ;FUTURA;;2400100;7897523508372;
2053124;FUTURA MASSA ACRILICA GL 5,8 KG;001420;UN;32141020;;COMPLEMENTO;Complementos e Preparação;FUTURA;;;7898907911030;TRIBUTADO (CSOSN 102)
2053131;FUTURA MASSA ACRILICA 1/4 QT / 1,5 KG;001427;QT;32141020;;COMPLEMENTO;Complementos e Preparação;FUTURA;;;7898428715230;TRIBUTADO (CSOSN 102)
2052911;FUTURA MASSA ACRILICA 25 KG;001207;BD;32141020;;COMPLEMENTO;Complementos e Preparação;FUTURA;;;7897523533411;TRIBUTADO (CSOSN 102)
2053130;FUTURA MASSA CORRIDA PVA 1/4 QT 1,5 KG;001426;QT;32141020;"<a title=""Visualizar imagens do produto"" href=""javascript:f_visualizarImagem(2053130);""><button type=""button"" class=""btn btn-default btn-xs""><span style=""padding-bottom:3px;"" class=""glyphicon glyphicon-picture"" aria-hidden=""true""></button></a>";COMPLEMENTO;Complementos e Preparação;FUTURA;;;7898428711591;TRIBUTADO (CSOSN 102)
2053012;FUTURA MASSA CORRIDA 25 KG BALDE;001308;LA;32141020;;COMPLEMENTO;Complementos e Preparação;FUTURA;;;7898576317614;TRIBUTADO (CSOSN 102)
2052920;FUTURA MASSA CORRIDA 5,6 GL;001216;GL;32141020;;COMPLEMENTO;Complementos e Preparação;FUTURA;;;7908896302662;TRIBUTADO (CSOSN 102)
2080996;FUTURA PREMIUM EFEITO MARMORE 3,7KG;002702;GL;32091010;;ACRILICA;Efeitos Decorativos;FUTURA;;2400100;7898907913669;NÃO TRIBUTADO (CSOSN 400)
2053555;FUTURA RESINA PROTETORA INCOLOR 18 LT;001851;LA;32091010;;COMPLEMENTO;Impermeabilização e Vedação;FUTURA;;;7898576318888;NÃO TRIBUTADO (CSOSN 400)
2053243;FUTURA RESINA PROTETORA INCOLOR 3,6 LT;001539;GL;32091010;;COMPLEMENTO;Impermeabilização e Vedação;FUTURA;;;7898576318871;NÃO TRIBUTADO (CSOSN 400)
2052912;FUTURA SELADOR ACRILICO 16 LT;001208;BD;32091010;;COMPLEMENTO;Complementos e Preparação;;;;7897523504541;NÃO TRIBUTADO (CSOSN 400)
2053008;FUTURA SELADOR ACRILICO 3,6 LT;001304;GL;32091010;;COMPLEMENTO;Complementos e Preparação;FUTURA;;;7898907911054;NÃO TRIBUTADO (CSOSN 400)
2052910;FUTURA SEMIBRILHO STANDARD BRANCA 18 LT;001206;LA;32091010;;ACRILICA;TINTA ACRILICA;FUTURA;;;7897523505081;NÃO TRIBUTADO (CSOSN 400)
2053071;FUTURA SEMIBRILHO STD BRILHOSA BRANCA 3,6 LT;001367;GL;32091010;;ACRILICA;TINTA ACRILICA;FUTURA;;;7897523505074;NÃO TRIBUTADO (CSOSN 400)
2058720;FUTURA SUPER RENDIMENTO STD AMARELO TERRA 18L;002523;LA;32091010;;ACRILICA;TINTA ACRILICA;FUTURA;;2400100;7898428710402;
2058758;FUTURA SUPER RENDIMENTO STD AREIA 3,6;002555;GL;32091010;;ACRILICA;TINTA ACRILICA;FUTURA;;2400100;7898428710181;
2053652;FUTURA SUPER RENDIMENTO STD AZUL PROFUNDO 3,6 LT;001948;GL;32091010;;ACRILICA;TINTA ACRILICA;FUTURA;;;7898428710143;NÃO TRIBUTADO (CSOSN 400)
2052907;FUTURA SUPER RENDIMENTO STD BRANCO 18 LT;001203;LA;32091010;;ACRILICA;TINTA ACRILICA;FUTURA;;;7898428710334;NÃO TRIBUTADO (CSOSN 400)
2052915;FUTURA SUPER RENDIMENTO STD BRANCO 3,6 LT;001211;GL;32091010;;ACRILICA;TINTA ACRILICA;FUTURA;;;7898428710075;NÃO TRIBUTADO (CSOSN 400)
2053200;FUTURA SUPER RENDIMENTO STD BRANCO 900 ML;001496;QT;32091010;;ACRILICA;TINTA ACRILICA;FUTURA;;;7898428712598;NÃO TRIBUTADO (CSOSN 400)
2053648;FUTURA SUPER RENDIMENTO STD CAMURCA 3,6 LT;001944;GL;32091010;;ACRILICA;TINTA ACRILICA;FUTURA;;;7898428710198;NÃO TRIBUTADO (CSOSN 400)
2058760;FUTURA SUPER RENDIMENTO STD CHOCOLATE;002557;GL;32091010;;ACRILICA;TINTA ACRILICA;FUTURA;;2400100;7898428714189;
2058756;FUTURA SUPER RENDIMENTO STD ELEFANTE;002553;GL;32091010;;ACRILICA;TINTA ACRILICA;FUTURA;;2400100;7898428718132;
2053387;FUTURA SUPER RENDIMENTO STD ELEFANTE 18 LT;001683;LA;32091010;;ACRILICA;TINTA ACRILICA;FUTURA;;;7897523505036;NÃO TRIBUTADO (CSOSN 400)
2053651;FUTURA SUPER RENDIMENTO STD ERVA DOCE 3,6 LT;001947;GL;32091010;;ACRILICA;TINTA ACRILICA;FUTURA;;;7898428710303;NÃO TRIBUTADO (CSOSN 400)
2058757;FUTURA SUPER RENDIMENTO STD MARFIM;002554;GL;32091010;;ACRILICA;TINTA ACRILICA;FUTURA;;2400100;7898428710174;
2053388;FUTURA SUPER RENDIMENTO STD MARFIM 18 LT;001684;LA;32091010;;ACRILICA;TINTA ACRILICA;FUTURA;;;7898428710457;NÃO TRIBUTADO (CSOSN 400)
2058759;FUTURA SUPER RENDIMENTO STD PALHA 3,6L;002556;GL;32091010;;ACRILICA;TINTA ACRILICA;FUTURA;;2400100;7898428710204;
2053653;FUTURA SUPER RENDIMENTO STD PITANGA 3,6 LT;001949;GL;32091010;;ACRILICA;TINTA ACRILICA;FUTURA;;;7898576315672;NÃO TRIBUTADO (CSOSN 400)
2058718;FUTURA SUPER RENDIMENTO STD TANGERINA 18L;002521;LA;32091010;;ACRILICA;TINTA ACRILICA;FUTURA;;2400100;7898428710907;
2053389;FUTURA SUPER RENDIMENTO STD TERRACOTA 18 LT;001685;LA;32091010;;ACRILICA;TINTA ACRILICA;FUTURA;;;7898428710853;NÃO TRIBUTADO (CSOSN 400)
2053649;FUTURA SUPER RENDIMENTO STD TERRACOTA 3,6 LT;001945;GL;32091010;;ACRILICA;TINTA ACRILICA;FUTURA;;;7898428710846;NÃO TRIBUTADO (CSOSN 400)
2113486;FUTURA SUPER RENDIMENTO STD VERDE MUSGO 3,6L;002755;GL;32091010;;ACRILICA;TINTA ACRILICA;FUTURA;;2400100;7898428712109;NÃO TRIBUTADO (CSOSN 400)
2053650;FUTURA SUPER RENDIMENTO STD VERDE PRIMAV 3,6 LT;001946;GL;32091010;;ACRILICA;TINTA ACRILICA;FUTURA;;;7898428710266;NÃO TRIBUTADO (CSOSN 400)
2053076;FUTURA TINTA GESSO BRANCA 18 LT;001372;LA;32091010;;ACRILICA;TINTA ACRILICA;FUTURA;;;7898428716466;NÃO TRIBUTADO (CSOSN 400)
2053072;FUTURA TINTA GESSO BRANCA 3,6 LT;001368;GL;32091010;;ACRILICA;TINTA ACRILICA;FUTURA;;;7897523508969;NÃO TRIBUTADO (CSOSN 400)
2053197;FUTURA TINTA P/ TELHA COR CERAMICA 3,6 LT;001493;GL;32091010;;ACRILICA;TINTA ACRILICA;FUTURA;;;7898576310110;NÃO TRIBUTADO (CSOSN 400)
2053328;FUTURA TINTA PISO AMARELO 18 LT;001624;LA;32091010;;ACRILICA;TINTA ACRILICA;FUTURA;;;7898428711171;NÃO TRIBUTADO (CSOSN 400)
2053330;FUTURA TINTA PISO AMARELO 3,6 LT;001626;GL;32091010;;ACRILICA;TINTA ACRILICA;FUTURA;;;7898428711201;TRIBUTADO (CSOSN 102)
2053011;FUTURA TINTA PISO AZUL 18 LT;001307;LA;32091010;;ACRILICA;TINTA ACRILICA;FUTURA;;;7898907912723;NÃO TRIBUTADO (CSOSN 400)
2053242;FUTURA TINTA PISO AZUL 3,6 LT;001538;GL;32091010;;ACRILICA;TINTA ACRILICA;FUTURA;;;7898907912662;NÃO TRIBUTADO (CSOSN 400)
2052908;FUTURA TINTA PISO BRANCO 18 LT;001204;LA;32091010;;ACRILICA;TINTA ACRILICA;FUTURA;;;7898907912709;NÃO TRIBUTADO (CSOSN 400)
2052916;FUTURA TINTA PISO BRANCO 3,6 LT;001212;GL;32091010;;ACRILICA;TINTA ACRILICA;FUTURA;;;7898907912648;NÃO TRIBUTADO (CSOSN 400)
2053327;FUTURA TINTA PISO CERAMICA 18 LT;001623;LA;32091010;;ACRILICA;TINTA ACRILICA;FUTURA;;;7898428713724;NÃO TRIBUTADO (CSOSN 400)
2053329;FUTURA TINTA PISO CERAMICA 3,6 LT;001625;GL;32091010;;ACRILICA;TINTA ACRILICA;FUTURA;;;7898428713748;NÃO TRIBUTADO (CSOSN 400)
2052919;FUTURA TINTA PISO CINZA CHUMBO 18 LT;001215;LA;32091010;;ACRILICA;TINTA ACRILICA;FUTURA;;;7898907912730;NÃO TRIBUTADO (CSOSN 400)
2052918;FUTURA TINTA PISO CINZA CHUMBO 3,6 LT;001214;GL;32091010;;ACRILICA;TINTA ACRILICA;FUTURA;;;7898907912679;NÃO TRIBUTADO (CSOSN 400)
2052913;FUTURA TINTA PISO CINZA 18 LT;001209;LA;32091010;;ACRILICA;TINTA ACRILICA;FUTURA;;;7898907912754;NÃO TRIBUTADO (CSOSN 400)
2052917;FUTURA TINTA PISO CINZA 3,6 LT;001213;GL;32091010;;ACRILICA;TINTA ACRILICA;FUTURA;;;7898907912693;NÃO TRIBUTADO (CSOSN 400)
2053074;FUTURA TINTA PISO CONCRETO PISO 18 LT;001370;LA;32091010;;ACRILICA;TINTA ACRILICA;FUTURA;;;7898907911511;NÃO TRIBUTADO (CSOSN 400)
2053069;FUTURA TINTA PISO CONCRETO PISO 3,6 LT;001365;GL;32091010;;ACRILICA;TINTA ACRILICA;FUTURA;;;7898907911504;NÃO TRIBUTADO (CSOSN 400)
2053332;FUTURA TINTA PISO MARROM 3,6 LT;001628;GL;32091010;;ACRILICA;TINTA ACRILICA;FUTURA;;;7898428716497;NÃO TRIBUTADO (CSOSN 400)
2052935;FUTURA TINTA PISO PRETO 18 LT;001231;LA;32091010;;ACRILICA;TINTA ACRILICA;FUTURA;;;7898428711263;NÃO TRIBUTADO (CSOSN 400)
2052934;FUTURA TINTA PISO PRETO 3,6 LT;001230;GL;32091010;;ACRILICA;TINTA ACRILICA;FUTURA;;;7898428711256;NÃO TRIBUTADO (CSOSN 400)
2058765;FUTURA TINTA PISO SEMIBRILHO BRANCO 18L;002562;LA;32091010;;ACRILICA;TINTA ACRILICA;FUTURA;;2400100;7908896301337;
2080995;FUTURA TINTA PISO VERDE;002701;GL;32091010;;ACRILICA;TINTA ACRILICA;FUTURA;;2400100;7898907912686;NÃO TRIBUTADO (CSOSN 400)
2053687;FUTURA TINTA PISO VERMELHO SEGURANCA 3,6 LT;001983;GL;32091010;;ACRILICA;TINTA ACRILICA;FUTURA;;;7898428716947;NÃO TRIBUTADO (CSOSN 400)
2053331;FUTURA TINTA TELHA BRANCA 3,6 LT;001627;GL;32091010;;ACRILICA;TINTA ACRILICA;FUTURA;;;7898576310097;NÃO TRIBUTADO (CSOSN 400)
2084925;FUTURA TINTA TELHA CERAMICA TELHA 18L;002715;LA;32091010;;ACRILICA;TINTA ACRILICA;FUTURA;;2400100;7898576310165;NÃO TRIBUTADO (CSOSN 400)
2053333;FUTURA TINTA TELHA VERM OXIDO 3,6 LT;001629;GL;32091010;;ACRILICA;TINTA ACRILICA;FUTURA;;;SEM GTIN;NÃO TRIBUTADO (CSOSN 400)
2053248;FUTURA TOQUE DE CETIM ACT BRANCO 18 LT;001544;LA;32091010;;ACRILICA;TINTA ACRILICA;FUTURA;;;7898907911979;NÃO TRIBUTADO (CSOSN 400)
2053241;FUTURA TOQUE DE CETIM ACT BRANCO 3,6 LT;001537;GL;32091010;;ACRILICA;TINTA ACRILICA;FUTURA;;;7898907911856;NÃO TRIBUTADO (CSOSN 400)
2053007;FUTURA ZARCAO LARANJA 3,6 LT;001303;GL;32081010;;COMPLEMENTO;Complementos e Preparação;FUTURA;;;7898428719658;NÃO TRIBUTADO (CSOSN 400)
2053123;FUTURA ZARCAO 900 ML;001419;QT;32081010;;COMPLEMENTO;Complementos e Preparação;FUTURA;;;7898428719665;NÃO TRIBUTADO (CSOSN 400)
2090493;FUTURA 4 ESTACOES PRM BRANCO;002716;LA;32091010;;ACRILICA;TINTA ACRILICA;FUTURA;;2400100;7908896302709;NÃO TRIBUTADO (CSOSN 400)
2072880;FUTURIT ESM SINT.BRILHO PLATINA;002682;GL;32081010;;ESMALTE;TINTA ESMALTE ;FUTURA;;2400100;9900000001070;
2052453;GESSO RAPIDO GESSEIRO 1KG;000749;UN;25202090;;GERAL;;;;;SEM GTIN;NÃO TRIBUTADO (CSOSN 400)
2052454;GESSO RAPIDO GESSEIRO 2KG;000750;UN;25202090;;GERAL;;;;;SEM GTIN;NÃO TRIBUTADO (CSOSN 400)
2052455;GESSO RAPIDO GESSEIRO 5KG;000751;UN;25202090;;GERAL;;;;;SEM GTIN;NÃO TRIBUTADO (CSOSN 400)
2058766;GLASU MASSA ACRILICA/SELADOR ACRILICO 3,6LT;002563;GL;32141020;;COMPLEMENTO;;;;;7891260060780;
2114862;GLASU PINTURA ESSENCIAL - BRANCO NEVE - BD;002773;BD;32091010;;ACRILICA;TINTA ACRILICA;;;2400100;7891260543337;NÃO TRIBUTADO (CSOSN 400)
2054048;H - VERMELHO OXIDO;002344;UN;32041600;;CORANTE;;;;;SEM GTIN;NÃO TRIBUTADO (CSOSN 400)
2058810;IMPERMEABILIZANTE PARA PAREDE BRANCO BD;002606;BD;32091010;;COMPLEMENTO;Impermeabilização e Vedação;FUTURA;;2400100;7898907913591;
2058801;IMPERMEABILIZANTE PARA PAREDE BRANCO GL;002597;GL;32091010;;COMPLEMENTO;Impermeabilização e Vedação;FUTURA;;2400100;7898907913768;
2053023;ITAQUA AGUARRAS 05 LTS (NOVO);001319;UN;27101230;;DILUENTE;;;;;7898941765033;TRIBUTADO (CSOSN 102)
2053022;ITAQUA AGUARRAS 0,900 ML;001318;UN;27101230;;DILUENTE;;;;;7898941765019;TRIBUTADO (CSOSN 102)
2053291;ITAQUA AGUARRAS 0,900 ML (NOVO);001587;UN;27101230;;DILUENTE;;;;;SEM GTIN;TRIBUTADO (CSOSN 102)
2053024;ITAQUA DILUENTE PU 0,900 ML (NOVO);001320;UN;38140090;;DILUENTE;;;;;7898941765118;TRIBUTADO (CSOSN 102)
2052361;ITAQUA DILUENTE PU 5 L (NOVO);000657;UN;32089010;;DILUENTE;;;;;7898941765125;TRIBUTADO (CSOSN 102)
2065247;ITAQUA QUEROSENE 0900 ML;002659;UN;27101919;;DILUENTE;;;;;7898941765026;NÃO TRIBUTADO (CSOSN 400)
2053544;ITAQUA QUEROSENE 5LT;001840;UN;27101919;;DILUENTE;;;;;7898941765040;NÃO TRIBUTADO (CSOSN 400)
2053020;ITAQUA THINNER IT 37 0,900 ML ;001316;UN;38140090;;DILUENTE;;;;;7898941765088;TRIBUTADO (CSOSN 102)
2053019;ITAQUA THINNER 16 05 LTS (NOVO);001315;UN;38140090;;DILUENTE;;;;;7898941765064;TRIBUTADO (CSOSN 102)
2053018;ITAQUA THINNER 16 0,900 ML (NOVO);001314;UN;38140090;;DILUENTE;;;;;7898941765057;TRIBUTADO (CSOSN 102)
2053021;ITAQUA THINNER 37 05 LTS;001317;UN;38140090;;DILUENTE;;;;;7898941765095;TRIBUTADO (CSOSN 102)
2052992;JB TINTAS  MASSA CORRIDA PVA 25KG;001288;LA;32141020;;COMPLEMENTO;;;;;7893410000530;TRIBUTADO (CSOSN 102)
2052904;JB TINTAS  TEXTURA LISA INT/EXT 25KG;001200;LA;32141020;;ACRILICA;Efeitos Decorativos;JB TINTAS;;;7893410000271;TRIBUTADO (CSOSN 102)
2052905;JB TINTAS GRAFIATO TEXTURA RUSTICA 10 INTE/EXT 25KG;001201;LA;32141020;;ACRILICA;Efeitos Decorativos;JB TINTAS;;;7893410000257;TRIBUTADO (CSOSN 102)
2067207;JB TINTAS TEXTURA  PROJETADA INT/EXT 25 KG;002660;LA;32141020;;ACRILICA;Efeitos Decorativos;JB TINTAS;;;7893410000141;TRIBUTADO (CSOSN 102)
2052903;JB TINTAS TEXTURA ARENATO INT/EXT 25KG;001199;LA;32141020;;ACRILICA;Efeitos Decorativos;JB TINTAS;;;7893410001117;TRIBUTADO (CSOSN 102)
2054680;KIT PINTURA TIGRE C/3P ANTIRESPINGO 1576;002488;UN;96034010;;GERAL;;TIGRE;;;7891395045096;NÃO TRIBUTADO (CSOSN 400)
2054681;KIT PINTURA TIGRE C/5P PRATIC 1540;002489;UN;96034010;;GERAL;;TIGRE;;;7891395025340;NÃO TRIBUTADO (CSOSN 400)
2058818;LIXA DE FERRO 120 - NORTON FOLH 19.99.105;002613;UN;68051000;;LIXA;;;;;9900000000721;
2058819;LIXA DE FERRO 150 - NORTON FOLH 19.99.110;002614;UN;68051000;;LIXA;;;;;9900000000738;
2058820;LIXA DE MASSA  80 - NORTON FOLH 19.99.185;002615;UN;68052000;;LIXA;;;;;7891792133754;
2058821;LIXA DE MASSA 100 - NORTON FOLH 19.99.145;002616;UN;68052000;;LIXA;LIXAS;Norton;;;7891792022331;NÃO TRIBUTADO (CSOSN 400)
2058822;LIXA DE MASSA 120 - NORTON FOLH 19.99.150;002617;UN;68052000;;LIXA;;;;;9900000000752;
2058823;LIXA DE MASSA 150 - NORTON FOLH 19.99.155;002618;UN;68052000;;LIXA;;;;;9900000000769;
2058824;LIXA DE MASSA 180 - NORTON FOLH 19.99.160;002619;UN;68052000;;LIXA;;;;;9900000000776;
2058825;LIXA DE MASSA 220 - NORTON FOLH 19.99.165;002620;UN;68052000;;LIXA;;;;;9900000000783;
2058679;LIXA FERRO NORTON K246 GR 36 E 40 C/25 PECAS / GRANA 36;002503;UN;68051000;;LIXA;;;;;7895316667879;
2058681;LIXA FERRO NORTON K246 GR 36 E 40 C/25 PECAS / GRANA 40;002505;UN;68051000;;LIXA;;;;;7895316667732;
2058684;LIXA FERRO NORTON K246 GR 50 A 80 C/25 PECAS / GRANA 50;002508;UN;68051000;;LIXA;;;;;7895316667749;
2058682;LIXA FERRO NORTON K246 GR 50 A 80 C/25 PECAS / GRANA 60;002506;UN;68051000;;LIXA;;;;;7895316667756;
2058683;LIXA FERRO NORTON K246 GR 50 A 80 C/25 PECAS / GRANA 80;002507;UN;68051000;;LIXA;;;;;7895316667763;
2058685;LIXA FERRO NORTON K246 GR100 A 220 C/25 PECAS / GRANA 100;002509;UN;68051000;;LIXA;;;;;7895316667770;
2058686;LIXA FERRO NORTON K246 GR100 A 220 C/25 PECAS / GRANA 180;002510;UN;68051000;;LIXA;;;;;7895316667800;
2058687;LIXA FERRO NORTON K246 GR100 A 220 C/25 PECAS / GRANA 220;002511;UN;68051000;;LIXA;;;;;7895316667817;
2058746;LIXA P/MADEIRA  50 NORTON FOLH 19.99.370;002543;UN;68052000;;LIXA;;;;;SEM GTIN;
2058747;LIXA P/MADEIRA  80 NORTON FOLH 19.99.372;002544;UN;68052000;;LIXA;;;;;SEM GTIN;
2058748;LIXA P/MADEIRA 100 NORTON FOLH 19.99.373;002545;UN;68052000;;LIXA;;;;;SEM GTIN;
2058749;LIXA P/MADEIRA 120 NORTON FOLH 19.99.374;002546;UN;68052000;;LIXA;;;;;SEM GTIN;
2058750;LIXA P/MADEIRA 150 NORTON FOLH 19.99.375;002547;UN;68052000;;LIXA;;;;;SEM GTIN;
2058751;LIXA P/MADEIRA 180 NORTON FOLH 19.99.376;002548;UN;68052000;;LIXA;;;;;SEM GTIN;
2058752;LIXA P/MADEIRA 220 NORTON FOLH 19.99.377;002549;UN;68052000;;LIXA;;;;;SEM GTIN;
2052295;LONA DE PLASTICO PRETA METROS;000591;MT;39201099;;GERAL;;;;;SEM GTIN;NÃO TRIBUTADO (CSOSN 400)
2052399;LONA PLAST  PTA 4X50M 6KG ROLO;000695;UN;39202019;;GERAL;;;;;7898319084353;TRIBUTADO (CSOSN 102)
2053017;LONA PLAST LONAX PTA 4X 50M MEDIA 10KG;001313;UN;39202019;;GERAL;;;;;7898319082847;NÃO TRIBUTADO (CSOSN 400)
2053118;LONA PLAST NEGREIRA PRETA 4X100M 20KG;001414;UN;39259090;;GERAL;;;;;7898711701049;TRIBUTADO (CSOSN 102)
2052329;LONA PLASTICA PRETA 4X100 12KG;000625;MT;39201099;;GERAL;;;;;SEM GTIN;NÃO TRIBUTADO (CSOSN 400)
2058753;LONA PRETA 4X50 6KG FINA INFINITY;002550;UN;39259090;;GERAL;;;;;7908569405157;
2053078;LUVA MALHA PIGMENTADA - THOMPSON;001374;UN;61161000;;GERAL;;;;;7898011977090;TRIBUTADO (CSOSN 102)
2054049;M - VERDE;002345;UN;32041600;;CORANTE;;;;;7730149745489;NÃO TRIBUTADO (CSOSN 400)
2132713;MACTRA VEDBEM PAREDE  3,6 KG;002800;GL;32091010;;COMPLEMENTO;Complementos e Preparação;Coral;;2400100;7897866455616;TRIBUTADO (CSOSN 102)
2072879;MASSA ACRILICA;002681;GL;32141020;;COMPLEMENTO;;;;2400100;7908896303096;
2080998;MASSA ACRILICA;002704;QT;32141020;;COMPLEMENTO;;;;2400100;9900000001247;NÃO TRIBUTADO (CSOSN 400)
2058807;MASSA ACRILICA;002603;BD;32141020;;COMPLEMENTO;;;;;9900000000653;
2080997;MASSA CORRIDA;002703;QT;32141020;;COMPLEMENTO;;;;2400100;9900000001230;NÃO TRIBUTADO (CSOSN 400)
2081000;MASSA CORRIDA;002706;BD;32141020;;COMPLEMENTO;;;;2400100;9900000001261;NÃO TRIBUTADO (CSOSN 400)
2058676;MASSA CORRIDA PVA 25 KG SUVINIL.;002500;LA;32141020;;COMPLEMENTO;;;;;9900000000097;
2052896;MASSA F-12 MOGNO 400GR;001192;QT;32141020;;COMPLEMENTO;;;;;7898055524830;NÃO TRIBUTADO (CSOSN 400)
2058826;MASSA PLASTICA CARPLAST CINZA 400GR 16.99.006;002621;UN;35061090;;COMPLEMENTO;;;;;7898031545002;
2053016;MASTIFLEX FIXA ESPELHO SELANTE POLIURETANO -TUBO;001312;UN;35069110;;COMPLEMENTO;;;;;7898409010514;TRIBUTADO (CSOSN 102)
2053080;MASTIFLEX PU.40 SELANTE POLIURETANO BRANCO - TUBO;001376;UN;35069110;;COMPLEMENTO;;;;;7898409013898;TRIBUTADO (CSOSN 102)
2053196;MASTIFLEX PU.40 SELANTE POLIURETANO CINZA - TUBO;001492;UN;35069110;;GERAL;;;;;7898409013874;TRIBUTADO (CSOSN 102)
2053081;MASTIFLEX PU.40 SELANTE POLIURETANO PRETO - TUBO;001377;UN;35069110;;COMPLEMENTO;;;;;7898409013881;TRIBUTADO (CSOSN 102)
2053015;MASTIFLEX SELATRINCAS SELANTE ACRILICO BRANCO.TUBO;001311;UN;32141010;;COMPLEMENTO;;;;;7898409010248;TRIBUTADO (CSOSN 102)
2053014;MASTIFLEX SELATRINCAS 2130 BRANCO GALAO.5KG;001310;GL;32141010;;COMPLEMENTO;;;;;7898409013287;TRIBUTADO (CSOSN 102)
2053082;MASTIFLEX VEDA CALHA ACRILICO POTE.500G;001378;UN;32141010;;COMPLEMENTO;;;;;7898409013423;TRIBUTADO (CSOSN 102)
2052276;MAXI RUBBER BATIDA DE PEDRA BRANCO 900ML;000572;QT;32091010;;GERAL;;;;;7898031541455;TRIBUTADO (CSOSN 102)
2058784;MAXI RUBBER BATIDA DE PEDRA PRETA  1/4 16.59.050;002581;QT;32091010;;COMPLEMENTO;;;;2400100;9900000000462;
2052275;MAXI RUBBER BATIDA DE PEDRA PRETO 3,6L;000571;GL;32091010;;GERAL;;;;;7898031540960;TRIBUTADO (CSOSN 102)
2052277;MAXI RUBBER BATIDA DE PEDRA PRETO 900ML;000573;QT;32091010;;GERAL;;;;;7898031540441;TRIBUTADO (CSOSN 102)
2058785;MAXI RUBBER CAT. WASH / PRETO FOSCO 16.59.217;002582;UN;38249939;;EPOXI;;;;;9900000000479;
2109467;MAXI RUBBER REMOVEDOR PASTOSO 1 KG 16.59.040;002733;UN;38140090;;REMOVEDOR;Complementos e Preparação;Maxi Rubber;;;7898031541196;TRIBUTADO (CSOSN 102)
2109465;MAXI RUBBER REMOVEDOR PASTOSO 500G 16.59.039;002732;UN;38140090;;REMOVEDOR;Complementos e Preparação;Maxi Rubber;;;7898031546757;TRIBUTADO (CSOSN 102)
2052274;MAXI RUBBER RESINA ADESIVO P/ LAMINACAO 990GR;000570;QT;39079100;;GERAL;;;;;7898031543640;TRIBUTADO (CSOSN 102)
2058786;MAXI RUBBER WASH PRIMER 16.59.196;002583;UN;32082019;;EPOXI;;;;2400100;9900000000486;
2052282;MAXI RUBBER WASH PRIMER 600ML;000578;QT;32082019;;AUTO;Linha Automotiva;Maxi Rubber;;;7898031540083;TRIBUTADO (CSOSN 102)
2058832;MAXI RUBBER WASH PRIMER 600ML 16.59.196;002627;UN;32141020;;EPOXI;;;;;9900000000813;
2052837;MEXEDOR DE TINTA ACO GALVANIZADO 120 X 9 X 600MM;001133;UN;82079000;;GERAL;;;;;7897613529010;TRIBUTADO (CSOSN 102)
2053025;MONTANA RESINA CER TELHA BR AGUA 3,6L;001321;UN;32091010;;GERAL;;;;;7909547000098;TRIBUTADO (CSOSN 102)
2053083;MONTANA STRIPTIZI REMOVEDOR GEL 1 KG;001379;UN;38089299;;REMOVEDOR;;;;;7896682402118;TRIBUTADO (CSOSN 102)
2053084;MONTANA STRIPTIZI REMOVEDOR GEL 4 KG;001380;UN;38089299;;REMOVEDOR;;;;;7896682402125;TRIBUTADO (CSOSN 102)
2054050;N - AZUL;002346;UN;32041600;;CORANTE;;;;;SEM GTIN;NÃO TRIBUTADO (CSOSN 400)
2052867;NORTON DISCO CORTE BNA12 115X1.0X22.23;001163;UN;68042211;;GERAL;;;;;7891345716533;NÃO TRIBUTADO (CSOSN 400)
2052668;NORTON DISCO LIXA MASSA C/VEL 8 FUR 120X225MM A-25;000964;UN;68052000;;LIXA;;;;;SEM GTIN;NÃO TRIBUTADO (CSOSN 400)
2052658;NORTON ESCOVA DE ACO C/C 3F;000954;UN;96039000;;GERAL;;;;;7891345355503;TRIBUTADO (CSOSN 102)
2053610;NORTON FITA ISOLANTE CLASSIC 19 X 05M;001906;UN;39191020;;FITA;;;;;7891345666029;NÃO TRIBUTADO (CSOSN 400)
2052676;NORTON LIXA DE AGUA J1200;000972;UN;68052000;;LIXA;;;;;7891345436651;NÃO TRIBUTADO (CSOSN 400)
2051951;NORTON LIXA DE AGUA T499 1500;000247;UN;68052000;;LIXA;;;;;1010001084144;TRIBUTADO (CSOSN 102)
2051952;NORTON LIXA DE AGUA T499 2000;000248;UN;68052000;;LIXA;;;;;7891345436752;TRIBUTADO (CSOSN 102)
2052441;NORTON LIXA DE AGUA 100;000737;UN;68051000;;LIXA;;;;;7891792133549;NÃO TRIBUTADO (CSOSN 400)
2052777;NORTON LIXA DE AGUA 120;001073;UN;68052000;;LIXA;;;;;7891792133556;TRIBUTADO (CSOSN 102)
2052142;NORTON LIXA DE AGUA 1200;000438;UN;34053000;;LIXA;;;;;7895316819858;NÃO TRIBUTADO (CSOSN 400)
2052619;NORTON LIXA DE AGUA 150;000915;UN;68052000;;LIXA;;;;;7891792133563;TRIBUTADO (CSOSN 102)
2052620;NORTON LIXA DE AGUA 180;000916;UN;68052000;;LIXA;;;;;7891792133570;TRIBUTADO (CSOSN 102)
2052621;NORTON LIXA DE AGUA 220;000917;UN;68052000;;LIXA;;;;;7891792006928;TRIBUTADO (CSOSN 102)
2051949;NORTON LIXA DE AGUA 240;000245;UN;68052000;;LIXA;;;;;7891792133587;TRIBUTADO (CSOSN 102)
2051804;NORTON LIXA DE AGUA 2500;000100;UN;68052000;;LIXA;;;;;7891345436790;TRIBUTADO (CSOSN 102)
2051950;NORTON LIXA DE AGUA 280;000246;UN;68052000;;LIXA;;;;;7891792133594;TRIBUTADO (CSOSN 102)
2052627;NORTON LIXA DE AGUA 320;000923;UN;82055900;;LIXA;;;;;7891792133600;NÃO TRIBUTADO (CSOSN 400)
2052317;NORTON LIXA DE AGUA 360;000613;UN;34053000;;LIXA;;;;;7891792133617;NÃO TRIBUTADO (CSOSN 400)
2052383;NORTON LIXA DE AGUA 400;000679;UN;68052000;;LIXA;;;;;7891792133624;NÃO TRIBUTADO (CSOSN 400)
2052628;NORTON LIXA DE AGUA 500;000924;UN;96034010;;LIXA;;;;;7891792133631;TRIBUTADO (CSOSN 102)
2052618;NORTON LIXA DE AGUA 80;000914;UN;68052000;;LIXA;;;;;7891792133532;TRIBUTADO (CSOSN 102)
2051805;NORTON LIXA DE DAGUA 3000;000101;UN;68052000;;LIXA;;;;;7891345769720;TRIBUTADO (CSOSN 102)
2052660;NORTON LIXA DE FERRO 120;000956;UN;68051000;;LIXA;;;;;7891792133891;TRIBUTADO (CSOSN 102)
2052623;NORTON LIXA DE FERRO 150;000919;UN;68051000;;LIXA;;;;;7891792133914;TRIBUTADO (CSOSN 102)
2052661;NORTON LIXA DE FERRO 180;000957;UN;68051000;;LIXA;;;;;7891792006911;TRIBUTADO (CSOSN 102)
2052662;NORTON LIXA DE FERRO 220;000958;UN;68051000;;LIXA;;;;;7891792133921;TRIBUTADO (CSOSN 102)
2052659;NORTON LIXA DE FERRO 80;000955;UN;68051000;;LIXA;;;;;7891792133877;TRIBUTADO (CSOSN 102)
2053482;NORTON LIXA FERRO 040;001778;UN;68051000;;LIXA;;;;;7891792133808;TRIBUTADO (CSOSN 102)
2052936;NORTON LIXA FERRO 050;001232;UN;68051000;;LIXA;;;;;7891792133815;TRIBUTADO (CSOSN 102)
2053483;NORTON LIXA FERRO 060;001779;UN;68051000;;LIXA;;;;;7891792133822;TRIBUTADO (CSOSN 102)
2053260;NORTON LIXA FERRO 100;001556;UN;68051000;;LIXA;;;;;7891792133884;TRIBUTADO (CSOSN 102)
2053484;NORTON LIXA FERRO 240;001780;UN;68051000;;LIXA;;;;;7891792133952;TRIBUTADO (CSOSN 102)
2053485;NORTON LIXA FERRO 320;001781;UN;68051000;;LIXA;;;;;7891792133976;TRIBUTADO (CSOSN 102)
2053115;NORTON LIXA FERRO 36;001411;UN;68051000;;LIXA;;;;;7891792133792;TRIBUTADO (CSOSN 102)
2053486;NORTON LIXA MASSA 060;001782;UN;68052000;;LIXA;;;;;7891345670569;TRIBUTADO (CSOSN 102)
2052622;NORTON LIXA MASSA 100;000918;UN;68051000;;LIXA;Utilidades;Norton;;;SEM GTIN;TRIBUTADO (CSOSN 102)
2052945;NORTON LIXA MASSA 120;001241;UN;68052000;;LIXA;;;;;7891792133761;TRIBUTADO (CSOSN 102)
2052420;NORTON LIXA MASSA 150;000716;UN;68052000;;LIXA;;;;;7891792133778;TRIBUTADO (CSOSN 102)
2052421;NORTON LIXA MASSA 180;000717;UN;68052000;;LIXA;;;;;7891792133785;TRIBUTADO (CSOSN 102)
2052927;NORTON LIXA MASSA 220;001223;UN;68052000;;LIXA;;;;;7891792133983;TRIBUTADO (CSOSN 102)
2052940;NORTON LIXA MASSA 320;001236;UN;68052000;;LIXA;;;;;SEM GTIN;TRIBUTADO (CSOSN 102)
2052926;NORTON LIXA MASSA 50;001222;UN;68052000;;LIXA;;;;;7891792133662;TRIBUTADO (CSOSN 102)
2052792;NORTON LIXA MASSA 80;001088;UN;68052000;;LIXA;;;;;7891792133754;NÃO TRIBUTADO (CSOSN 400)
2051710;NORTON LIXA P/ MADEIRA 100;000006;UN;68052000;;LIXA;;;;;7891792134041;TRIBUTADO (CSOSN 102)
2051809;NORTON LIXA P/ MADEIRA 120;000105;UN;68052000;;LIXA;;;;;7891792134065;TRIBUTADO (CSOSN 102)
2051810;NORTON LIXA P/ MADEIRA 150;000106;UN;68052000;;LIXA;;;;;7891792134072;TRIBUTADO (CSOSN 102)
2051811;NORTON LIXA P/ MADEIRA 180;000107;UN;68052000;;LIXA;;;;;7891792134089;TRIBUTADO (CSOSN 102)
2051812;NORTON LIXA P/ MADEIRA 220;000108;UN;68052000;;LIXA;LIXAS;;;;7891792134096;TRIBUTADO (CSOSN 102)
2051807;NORTON LIXA P/ MADEIRA 50;000103;UN;68052000;;LIXA;;;;;7891792133990;TRIBUTADO (CSOSN 102)
2051709;NORTON LIXA P/ MADEIRA 60;000005;UN;68052000;;LIXA;;;;;7895316231964;TRIBUTADO (CSOSN 102)
2051808;NORTON LIXA P/ MADEIRA 80;000104;UN;68052000;;LIXA;;;;;7891792134027;TRIBUTADO (CSOSN 102)
2052946;NORTON LIXA SECO CHAMPAGNE 100;001242;UN;68052000;;LIXA;;;;;7895316460081;TRIBUTADO (CSOSN 102)
2052942;NORTON LIXA SECO CHAMPAGNE 120;001238;UN;68052000;;LIXA;;;;;7895316460050;TRIBUTADO (CSOSN 102)
2052933;NORTON LIXA SECO CHAMPAGNE 150;001229;UN;68052000;;LIXA;;;;;7895316460111;TRIBUTADO (CSOSN 102)
2052273;NORTON LIXA SECO CHAMPAGNE 180;000569;UN;68052000;;LIXA;;;;;7895316460135;NÃO TRIBUTADO (CSOSN 400)
2052389;NORTON LIXA SECO CHAMPAGNE 220;000685;UN;68052000;;LIXA;;;;;7895316491467;NÃO TRIBUTADO (CSOSN 400)
2052390;NORTON LIXA SECO CHAMPAGNE 320;000686;UN;68052000;;LIXA;;;;;7895316460289;NÃO TRIBUTADO (CSOSN 400)
2053543;NORTON LIXA SECO CHAMPAGNE 400;001839;UN;68052000;;LIXA;;;;;SEM GTIN;NÃO TRIBUTADO (CSOSN 400)
2052931;NORTON LIXA SECO CHAMPAGNE 600;001227;UN;68052000;;LIXA;;;;;7895316460463;TRIBUTADO (CSOSN 102)
2052388;NORTON LIXA SECO CHAMPAGNE 80;000684;UN;68052000;;LIXA;;;;;7895316460029;NÃO TRIBUTADO (CSOSN 400)
2054051;O - MAGENTA;002347;UN;32041600;;CORANTE;;;;;SEM GTIN;NÃO TRIBUTADO (CSOSN 400)
2109130;PACOTE DE ESTOPA ;002727;UN;32082011;;GERAL;Utilidades;ADELBRAS;;;SEM GTIN;
2052012;PAD PARA RECORTE ATLAS;000308;UN;39269090;;GERAL;;;;;SEM GTIN;NÃO TRIBUTADO (CSOSN 400)
2052373;PALHA DE ACO NO2 - VIERA;000669;UN;73231000;;GERAL;;;;;7897133600077;NÃO TRIBUTADO (CSOSN 400)
2052017;PAPELAO ONDULADO 1.20M X 1M;000313;UN;48081000;;COMPLEMENTO;;;;;SEM GTIN;NÃO TRIBUTADO (CSOSN 400)
2052375;PAPELAO ONDULADO 1.20M X 10M BOBINA;000671;UN;48191000;;GERAL;;;;;SEM GTIN;TRIBUTADO (CSOSN 102)
2053607;PAPELAO ONDULADO 120M X 100M BOBINA;001903;UN;48081000;;GERAL;;;;;SEM GTIN;TRIBUTADO (CSOSN 102)
2112482;PARAFUSADEIRA BATERIA 21V BOM-9961;002754;UN;48114110;;GERAL;Utilidades;;;;7908782211283;TRIBUTADO (CSOSN 102)
2053517;QUARTZO MICA PRIME;001813;UN;32089010;;COMPLEMENTO;Complementos e Preparação;;;;9900000001315;NÃO TRIBUTADO (CSOSN 400)
2053644;QUARTZOLIT ADIT PLASTIFICANTE P/ ARGAMASSAS 100ML;001940;UN;32149000;;COMPLEMENTO;;;;;7894174243072;NÃO TRIBUTADO (CSOSN 400)
2058739;QUEROSENE ITAQUA 0,9L 11.29.020;002536;QT;27101919;;DILUENTE;;;;0600300;7898941765132;
2058740;QUEROSENE ITAQUA 5L 11.29.021;002537;UN;27101919;;DILUENTE;;;;0600300;9900000000349;
2052362;QUEROSENE 5 L ITAQUA;000658;UN;32089010;;DILUENTE;;;;;SEM GTIN;TRIBUTADO (CSOSN 102)
2054052;R - PRETO;002348;UN;32041600;;CORANTE;;;;;7730149658727;NÃO TRIBUTADO (CSOSN 400)
2141110;RENDE MUITO BRANCO BALDE PLAST. 20L;002819;BD;32091010;;ACRILICA;TINTA ACRILICA;Coral;;2400100;7891019907892;TRIBUTADO (CSOSN 102)
2117311;RENDE MUITO BRANCO 0,9L 02.02.145;002776;QT;32091010;;ACRILICA;TINTA ACRILICA;Coral;;2400100;9900000001346;NÃO TRIBUTADO (CSOSN 400)
2058816;RENOVA AZULEJOS BA AC BRANCO 3,60 02.10.109;002611;GL;32091010;;EPOXI;;;;2400100;7891019176571;
2052223;RENOVA AZULEJOS EPOXI B/AGUA AC BRANCO 0.9 L - CORAL;000519;QT;32091010;;ESMALTE;;;;;7891019176588;NÃO TRIBUTADO (CSOSN 400)
2052224;RENOVA AZULEJOS EPOXI B/AGUA BR BRANCO 0.9 L - CORAL;000520;QT;32091010;;ESMALTE;;;;;7891019176403;NÃO TRIBUTADO (CSOSN 400)
2052136;RENOVA AZULEJOS EPOXI B/AGUA BR BRANCO 3.6 L - CORAL;000432;GL;32091010;;ESMALTE;;;;;7891019176397;NÃO TRIBUTADO (CSOSN 400)
2052263;RENOVA GESSO & DRYWALL 18L CORAL;000559;LA;32091010;;ACRILICA;TINTA ACRILICA;Coral;;;7891019139729;NÃO TRIBUTADO (CSOSN 400)
2052264;RENOVA GESSO & DRYWALL 3,6L CORAL;000560;GL;32091010;;ACRILICA;TINTA ACRILICA;Coral;;;7891019139712;NÃO TRIBUTADO (CSOSN 400)
2072875;RESINA PROTETORA INCOLOR;002677;GL;32091010;;COMPLEMENTO;;;;2400100;9900000001032;
2058677;ROLO ESPUMA TIGRE AMARELA 05CM C/C 1341;002501;UN;96034010;;GERAL;;;;;7891395000057;TRIBUTADO (CSOSN 102)
2052989;ROLO LA SINT 1375-150 SEM RESPINGO ( NOVO );001285;UN;96034010;;GERAL;;;;;7891395040046;TRIBUTADO (CSOSN 102)
2058799;ROLO LA SINTETICA TIGRE 23CM S/C 1312;002595;UN;96034010;;GERAL;;;;;9900000000585;
2053102;ROLO LONA PLASTICA PRETA 04 X 100M - NEGREIRA;001398;UN;39259090;;GERAL;;;;;7890202101116;TRIBUTADO (CSOSN 102)
2052941;ROLO LONA PLASTICA PRETA 04 X 50M - NEGREIRA;001237;UN;39259090;;GERAL;;;;;7895099284300;TRIBUTADO (CSOSN 102)
2084594;ROLO TEXTURA ALTA 1355 S/C AMARE;002711;UN;32091010;;GERAL;;;;;7891395000958;TRIBUTADO (CSOSN 102)
2051928;ROLO 23CM REF:1376 ANTIRESPINGO-TIGRE;000224;UN;96034010;;GERAL;;;;;SEM GTIN;NÃO TRIBUTADO (CSOSN 400)
2054053;S - BRANCO;002349;UN;32041600;;CORANTE;;;;;SEM GTIN;NÃO TRIBUTADO (CSOSN 400)
2053770;SALVA CANTO CANTONEIRA 50X50X3X200M;002066;UN;48115129;;GERAL;;;;;SEM GTIN;TRIBUTADO (CSOSN 102)
2053092;SALVABRAS KRAFT MASCARAMENTO 30 CM X 20M;001388;UN;48115129;;GERAL;;;;;SEM GTIN;TRIBUTADO (CSOSN 102)
2053093;SALVABRAS SALVA BANCADA 0,60M X 25MT;001389;UN;48115129;;GERAL;;;;;751320369314;TRIBUTADO (CSOSN 102)
2053027;SALVABRAS SALVA ENTULHO 10 SACOS;001323;UN;48115129;;GERAL;;;;;SEM GTIN;TRIBUTADO (CSOSN 102)
2053095;SALVABRAS SALVA METAIS 0,1M X 75M;001391;UN;48115129;;GERAL;;;;;SEM GTIN;TRIBUTADO (CSOSN 102)
2053089;SALVABRAS SALVA PINTURA 20M X 0,45M;001385;UN;48115129;;GERAL;;;;;751320368553;TRIBUTADO (CSOSN 102)
2053090;SALVABRAS SALVA PINTURA 20M X 0,90M;001386;UN;48115129;;GERAL;;;;;SEM GTIN;TRIBUTADO (CSOSN 102)
2053026;SALVABRAS SALVA PINTURA 20M X 1,50M;001322;UN;48115129;;GERAL;;;;;751320368577;TRIBUTADO (CSOSN 102)
2053091;SALVABRAS SALVA PINTURA 20M X 2,40M;001387;UN;48115129;;GERAL;;;;;SEM GTIN;TRIBUTADO (CSOSN 102)
2053096;SALVABRAS SALVA RALO 10 MM;001392;UN;48115129;;GERAL;;;;;SEM GTIN;TRIBUTADO (CSOSN 102)
2053180;SALVABRAS SALVA RALO 10CMM;001476;UN;48115129;;GERAL;;;;;SEM GTIN;TRIBUTADO (CSOSN 102)
2053097;SALVABRAS SALVA RALO 15 MM;001393;UN;48115129;;GERAL;;;;;751320369291;TRIBUTADO (CSOSN 102)
2053181;SALVABRAS SALVA RALO 15CMM;001477;UN;48115129;;GERAL;;;;;SEM GTIN;TRIBUTADO (CSOSN 102)
2053098;SALVABRAS SALVA TOMADA 4X2;001394;UN;48115129;;GERAL;;;;;SEM GTIN;TRIBUTADO (CSOSN 102)
2053099;SALVABRAS SALVA TOMADA 4X4;001395;UN;48115129;;GERAL;;;;;SEM GTIN;TRIBUTADO (CSOSN 102)
2053094;SALVABRAS SALVA VIDRO 0,60M X 25M;001390;UN;48115129;;GERAL;;;;;751320369468;TRIBUTADO (CSOSN 102)
2052895;SELACALHA 500G DGFLEX;001191;UN;32091010;;GERAL;;;;;SEM GTIN;TRIBUTADO (CSOSN 102)
2052416;SELADOR ACRILICO CORAL 3,6 L;000712;GL;32091010;;COMPLEMENTO;;;;;7891019106028;NÃO TRIBUTADO (CSOSN 400)
2052053;SELADORA P/ MADEIRA BASE AGUA SPARLACK 3,6L - CORAL;000349;GL;32091020;;COMPLEMENTO;;;;;SEM GTIN;NÃO TRIBUTADO (CSOSN 400)
2132714;SPARLACK EXTRA MARITIMO ACET NATURAL-  0,9L 02.07.070;002801;QT;32089029;;VERNIZ;Vernizes e Proteção de Madeira;Coral;;2400100;7891019170913;TRIBUTADO (CSOSN 102)
2132715;SPARLACK EXTRA MARITIMO BR NATURAL-  0,9L 02.07.050;002802;QT;32089029;;VERNIZ;Vernizes e Proteção de Madeira;Coral;;2400100;7891574012369;TRIBUTADO (CSOSN 102)
2113786;SPARLACK PINTOFF REMOVEDOR 1LT 02.13.005;002759;UN;38140090;;REMOVEDOR;Complementos e Preparação;Sparlack CORAL;;;7891019172184;TRIBUTADO (CSOSN 102)
2052348;SPARLACK SELADORA P/MAD SOLVENTE 0,900ML;000644;QT;32089010;;COMPLEMENTO;;;;;7891574033265;NÃO TRIBUTADO (CSOSN 400)
2052349;SPARLACK SELADORA P/MAD SOLVENTE 3,6L;000645;GL;32089029;;COMPLEMENTO;;;;;7891574033258;NÃO TRIBUTADO (CSOSN 400)
2052210;SPARLACK SELADORA P/MAD.BASE AGUA 0,9L;000506;QT;32091020;;COMPLEMENTO;;;;;7891019172924;NÃO TRIBUTADO (CSOSN 400)
2058754;SPARLACK SELADORA P/MAD.BASE AGUA 0,9L 02.08.005;002551;QT;32091020;;COMPLEMENTO;;;;2400100;9900000000363;
2052211;SPARLACK SELADORA P/MAD.BASE AGUA 3,60;000507;GL;32091020;;COMPLEMENTO;;;;;7891019172917;NÃO TRIBUTADO (CSOSN 400)
2052333;SPARLACK STAIN CETOL IMBUIA ACET 3,6 L - CORAL;000629;GL;32089029;;STAIN;;;;;7891574063767;NÃO TRIBUTADO (CSOSN 400)
2114413;SPRAY DSCOLOR ALTA TEMPERATURA 400ML / ALUMINIO FOSCO 50507;002768;UN;32082011;;GERAL;Utilidades;DSCOLOR;;2400100;7898693154901;
2054657;SPRAY DSCOLOR ALTA TEMPERATURA 400ML / BRANCO FOSCO 50508;002465;UN;32082011;;GERAL;;;;2400100;7898693154918;NÃO TRIBUTADO (CSOSN 400)
2054656;SPRAY DSCOLOR ALTA TEMPERATURA 400ML / PRETO FOSCO 50509;002464;UN;32082011;;GERAL;;;;2400100;7898693154925;NÃO TRIBUTADO (CSOSN 400)
2054658;SPRAY DSCOLOR ALTA TEMPERATURA 400ML / VERMELHO FOSCO 50510;002466;UN;32082011;;GERAL;;;;2400100;7898693154932;NÃO TRIBUTADO (CSOSN 400)
2054661;SPRAY DSCOLOR LUMINOSO 400ML / AMARELO 50511;002469;UN;32082011;;GERAL;;;;2400100;7898693154949;NÃO TRIBUTADO (CSOSN 400)
2054660;SPRAY DSCOLOR LUMINOSO 400ML / LARANJA 50512;002468;UN;32082011;;GERAL;;;;2400100;7898693154956;NÃO TRIBUTADO (CSOSN 400)
2054662;SPRAY DSCOLOR LUMINOSO 400ML / PINK 50513;002470;UN;32082011;;GERAL;;;;2400100;7898693154963;NÃO TRIBUTADO (CSOSN 400)
2054659;SPRAY DSCOLOR LUMINOSO 400ML / VERDE 50514;002467;UN;32082011;;GERAL;;;;2400100;7898693154970;NÃO TRIBUTADO (CSOSN 400)
2114421;SPRAY DSCOLOR USO GERAL 400ML / AMARELO 50529;002769;UN;32082011;;GERAL;Utilidades;DSCOLOR;;2400100;7898693155137;
2114411;SPRAY DSCOLOR USO GERAL 400ML / AZUL CLARO 50530;002766;UN;32082011;;GERAL;Utilidades;DSCOLOR;;2400100;7898693155144;NÃO TRIBUTADO (CSOSN 400)
2114409;SPRAY DSCOLOR USO GERAL 400ML / AZUL ESCURO 50531;002765;UN;32082011;;GERAL;Utilidades;DSCOLOR;;2400100;7898693155151;NÃO TRIBUTADO (CSOSN 400)
2114408;SPRAY DSCOLOR USO GERAL 400ML / AZUL MEDIO 50532;002764;UN;32082011;;GERAL;Utilidades;DSCOLOR;;2400100;7898693155168;NÃO TRIBUTADO (CSOSN 400)
2054674;SPRAY DSCOLOR USO GERAL 400ML / BRANCO BRILHO 50533;002482;UN;32082011;;GERAL;;DSCOLOR;;2400100;7898693155175;NÃO TRIBUTADO (CSOSN 400)
2054673;SPRAY DSCOLOR USO GERAL 400ML / BRANCO FOSCO 50534;002481;UN;32082011;;GERAL;;DSCOLOR;;2400100;7898693155182;NÃO TRIBUTADO (CSOSN 400)
2054663;SPRAY DSCOLOR USO GERAL 400ML / BRANCO PRIMER 50535;002471;UN;32082011;;GERAL;;;;2400100;7898693155199;NÃO TRIBUTADO (CSOSN 400)
2054667;SPRAY DSCOLOR USO GERAL 400ML / CINZA CLARO 50552;002475;UN;32082011;;GERAL;;;;2400100;7898693156424;NÃO TRIBUTADO (CSOSN 400)
2054666;SPRAY DSCOLOR USO GERAL 400ML / CINZA ESCURO 50553;002474;UN;32082011;;GERAL;;;;2400100;7898693156431;NÃO TRIBUTADO (CSOSN 400)
2054664;SPRAY DSCOLOR USO GERAL 400ML / CINZA FUNDO PRIMER 50537;002472;UN;32082011;;GERAL;;;;2400100;7898693155212;NÃO TRIBUTADO (CSOSN 400)
2054671;SPRAY DSCOLOR USO GERAL 400ML / MARROM 50539;002479;UN;32082011;;GERAL;;DSCOLOR;;2400100;7898693155236;NÃO TRIBUTADO (CSOSN 400)
2054676;SPRAY DSCOLOR USO GERAL 400ML / PRETO BRILHO 50540;002484;UN;32082011;;GERAL;;DSCOLOR;;2400100;7898693155243;NÃO TRIBUTADO (CSOSN 400)
2054675;SPRAY DSCOLOR USO GERAL 400ML / PRETO FOSCO 50541;002483;UN;32082011;;GERAL;;DSCOLOR;;2400100;7898693155250;NÃO TRIBUTADO (CSOSN 400)
2054665;SPRAY DSCOLOR USO GERAL 400ML / VERDE CLARO 50544;002473;UN;32082011;;GERAL;;;;2400100;7898693155281;NÃO TRIBUTADO (CSOSN 400)
2114422;SPRAY DSCOLOR USO GERAL 400ML / VERDE ESCURO 50545;002770;UN;32082011;;GERAL;Utilidades;DSCOLOR;;2400100;7898693155298;
2054670;SPRAY DSCOLOR USO GERAL 400ML / VERMELHO FOSCO 50547;002478;UN;32082011;;GERAL;;DSCOLOR;;2400100;7898693155311;NÃO TRIBUTADO (CSOSN 400)
2054672;SPRAY DSCOLOR USO GERAL 400ML / VERMELHO 50546;002480;UN;32082011;;GERAL;;DSCOLOR;;2400100;7898693155304;NÃO TRIBUTADO (CSOSN 400)
2114412;SPRAY DSCOLOR USO GERAL 400ML / VERNIZ BRILHO 50548;002767;UN;32082011;;GERAL;Utilidades;DSCOLOR;;2400100;7898693155328;
2140898;SUPER RENDIMENTO STD AZUL ACONCHEGO;002818;LA;32091010;;ACRILICA;TINTA ACRILICA;FUTURA;;2400100;7898576315498;NÃO TRIBUTADO (CSOSN 400)
2130501;SUPER RENDIMENTO STD VERDE LIMAO 18LT;002784;LA;32091010;;ACRILICA;TINTA ACRILICA;FUTURA;;2400100;7898428712963;NÃO TRIBUTADO (CSOSN 400)
2052010;SUPORTE P/LIXA 100/3 ATLAS;000306;UN;39269090;;GERAL;;;;;SEM GTIN;NÃO TRIBUTADO (CSOSN 400)
2052011;SUPORTE P/LIXA 100/4 ATLAS;000307;UN;39269090;;GERAL;;;;;SEM GTIN;NÃO TRIBUTADO (CSOSN 400)
2058672;SUPORTE ROLO 23CM TIGRE 1301;002496;UN;73269090;;GERAL;;;;;9900000000066;
2053501;SUV ACR FO GESSO DRYWALL -18L;001797;LA;32091010;;ACRILICA;TINTA ACRILICA;Suvinil;;;7891260431955;NÃO TRIBUTADO (CSOSN 400)
2052928;SUV ACR FOSCO PISO PRETO -18L;001224;LA;32091010;;ACRILICA;TINTA ACRILICA;Suvinil;;;7891260058312;NÃO TRIBUTADO (CSOSN 400)
2052120;SUV ACR TETO BRANCO 3,6 LT;000416;GL;32091010;;ACRILICA;TINTA ACRILICA;Suvinil;;;7891260179772;NÃO TRIBUTADO (CSOSN 400)
2052121;SUV ACR TETO BRANCO 900 ML;000417;QT;32091010;;ACRILICA;TINTA ACRILICA;Suvinil;;;7891260179116;NÃO TRIBUTADO (CSOSN 400)
2058670;SUV ACRILICO TOQUE SEDA / BRANCO NEVE 18LT;002494;LA;32091010;;ACRILICA;TINTA ACRILICA;Suvinil;;2400100;7891260559031;
2052058;SUV AGUARAS 900 ML;000354;UN;27101230;;DILUENTE;;;;;7891260051528;NÃO TRIBUTADO (CSOSN 400)
2052057;SUV AGUARRAS 5 LT;000353;UN;27101230;;DILUENTE;;;;;7891260179765;NÃO TRIBUTADO (CSOSN 400)
2052033;SUV CIMENTO QUEIMADO 5KG - AVENIDA EXPRESSA;000329;UN;32141020;;EFEITO;;;;;7891260475591;NÃO TRIBUTADO (CSOSN 400)
2052037;SUV CIMENTO QUEIMADO 5KG - DIA DE CHUVA;000333;UN;32091010;;EFEITO;;;;;7891260475584;NÃO TRIBUTADO (CSOSN 400)
2052036;SUV CIMENTO QUEIMADO 5KG - PEDRA ROSADA;000332;UN;32141020;;EFEITO;;;;;7891260475461;NÃO TRIBUTADO (CSOSN 400)
2052035;SUV CIMENTO QUEIMADO 5KG - SELVA DE PEDRA;000331;UN;32141020;;EFEITO;;;;;7891260475478;NÃO TRIBUTADO (CSOSN 400)
2052032;SUV CIMENTO QUEIMADO 5KG - TUNEL DE CONCRETO;000328;UN;32141020;;EFEITO;;;;;7891260475485;NÃO TRIBUTADO (CSOSN 400)
2052034;SUV CIMENTO QUEIMADO 5KG - VISTA NOTURNA;000330;UN;32141020;;EFEITO;;;;;7891260475492;NÃO TRIBUTADO (CSOSN 400)
2052059;SUV CORANTE SUVINIL AMARELO;000355;UN;32041700;;CORANTE;;;;;7891260060490;NÃO TRIBUTADO (CSOSN 400)
2052061;SUV CORANTE SUVINIL AZUL;000357;UN;32041700;;CORANTE;;;;;7891260060568;NÃO TRIBUTADO (CSOSN 400)
2052067;SUV CORANTE SUVINIL CASTANHO;000363;UN;32041700;;CORANTE;;;;;7891260060544;NÃO TRIBUTADO (CSOSN 400)
2052062;SUV CORANTE SUVINIL LARANJA;000358;UN;32041700;;CORANTE;;;;;7891260060520;NÃO TRIBUTADO (CSOSN 400)
2052063;SUV CORANTE SUVINIL OCRE;000359;UN;32041700;;CORANTE;;;;;7891260060506;NÃO TRIBUTADO (CSOSN 400)
2052064;SUV CORANTE SUVINIL PRETO;000360;UN;32041700;;CORANTE;;;;;7891260060537;NÃO TRIBUTADO (CSOSN 400)
2052065;SUV CORANTE SUVINIL VERDE;000361;UN;32041700;;CORANTE;;;;;7891260060551;NÃO TRIBUTADO (CSOSN 400)
2052066;SUV CORANTE SUVINIL VERMELHO;000362;UN;32041700;;CORANTE;;;;;7891260060513;NÃO TRIBUTADO (CSOSN 400)
2052952;SUV ESM AC SEC RAP BRANCO 900 ML;001248;QT;32091010;;ESMALTE;;;;;SEM GTIN;NÃO TRIBUTADO (CSOSN 400)
2052111;SUV ESM ALUMINIO BRTE 900 ML SOLVETE;000407;QT;32089010;;ESMALTE;;;;;7891260024294;NÃO TRIBUTADO (CSOSN 400)
2052075;SUV ESM AMARELO OURO BRTE 3,6 LT SOLVENTE;000371;GL;32081010;;ESMALTE;;;;;SEM GTIN;NÃO TRIBUTADO (CSOSN 400)
2052074;SUV ESM AZUL DEL REY BRTE 3,6 LT SOLVENTE;000370;GL;32081010;;ESMALTE;;;;;7891260023181;NÃO TRIBUTADO (CSOSN 400)
2052100;SUV ESM AZUL DEL REY BRTE 900 ML SOLVENTE;000396;QT;32081010;;ESMALTE;;;;;7891260023198;NÃO TRIBUTADO (CSOSN 400)
2052099;SUV ESM BR AZUL FRANCA 900 ML SOLVENTE;000395;QT;32081010;;ESMALTE;;;;;7891260024812;NÃO TRIBUTADO (CSOSN 400)
2052976;SUV ESM BR SEMPRE BRANCO - 3,6 LT;001272;GL;32081010;;ESMALTE;;;;;7891260451076;NÃO TRIBUTADO (CSOSN 400)
2052972;SUV ESM BR SEMPRE BRANCO 900 ML;001268;QT;32081010;;ESMALTE;;;;;7891260451045;NÃO TRIBUTADO (CSOSN 400)
2052127;SUV ESM BRANCO ACT AGUA 900 ML;000423;QT;32091010;;ESMALTE;;;;;7891260250440;NÃO TRIBUTADO (CSOSN 400)
2052085;SUV ESM BRANCO ACT 3,6 LT AGUA;000381;GL;32091010;;ESMALTE;;;;;7891260250402;NÃO TRIBUTADO (CSOSN 400)
2052109;SUV ESM BRANCO ACT 3,6 LT SOLVENTE;000405;GL;32081010;;ESMALTE;;;;;7891260025086;NÃO TRIBUTADO (CSOSN 400)
2052110;SUV ESM BRANCO ACT 900 ML SOLVENTE;000406;QT;32081010;;ESMALTE;;;;;7891260025093;NÃO TRIBUTADO (CSOSN 400)
2052125;SUV ESM BRANCO BR AGUA 900 ML;000421;QT;32091010;;ESMALTE;;;;;7891260250419;NÃO TRIBUTADO (CSOSN 400)
2052081;SUV ESM BRANCO BRTE  3,6 LT SOLVENTE;000377;GL;32081010;;ESMALTE;;;;;7891260022665;NÃO TRIBUTADO (CSOSN 400)
2052082;SUV ESM BRANCO BRTE 900 ML SOLVENTE;000378;QT;32081010;;ESMALTE;;;;;7891260022672;NÃO TRIBUTADO (CSOSN 400)
2052949;SUV ESM BRANCO FOSCO 3,6 LT AGUA;001245;GL;32091010;;ESMALTE;;;;;7891260532294;NÃO TRIBUTADO (CSOSN 400)
2052112;SUV ESM BRANCO FOSCO 3,6 LT SOLVENTE;000408;GL;32081010;;ESMALTE;;;;;7891260026861;NÃO TRIBUTADO (CSOSN 400)
2053113;SUV ESM BRANCO FOSCO 900 ML AGUA;001409;QT;32081010;;ESMALTE;;;;;7891260532287;NÃO TRIBUTADO (CSOSN 400)
2052113;SUV ESM BRANCO FOSCO 900 ML SOLVENTE;000409;QT;32081010;;ESMALTE;;;;;7891260026878;NÃO TRIBUTADO (CSOSN 400)
2051760;SUV ESM BRNTE GELO 900 ML AGUA;000056;QT;32091010;;ESMALTE;;;;;7891260250464;TRIBUTADO (CSOSN 102)
2051757;SUV ESM BRTE AMARELO OURO 3,6 LT AGUA;000053;GL;32091010;;ESMALTE;;;;;7891260279489;TRIBUTADO (CSOSN 102)
2051762;SUV ESM BRTE AMARELO OURO 900 ML AGUA;000058;QT;32091010;;ESMALTE;;;;;7891260259337;TRIBUTADO (CSOSN 102)
2052101;SUV ESM BRTE AMARELO OURO 900 ML SOLVENTE;000397;QT;32081010;;ESMALTE;;;;;7891260022917;NÃO TRIBUTADO (CSOSN 400)
2052397;SUV ESM BRTE AZUL DEL REY AGUA 3,6 LT;000693;GL;32091010;;ESMALTE;;;;;7891260250457;TRIBUTADO (CSOSN 102)
2052084;SUV ESM BRTE BRANCO 3,6 LT AGUA;000380;GL;32091010;;ESMALTE;;;;;7891260250327;NÃO TRIBUTADO (CSOSN 400)
2051758;SUV ESM BRTE GELO 3,6 LT AGUA;000054;GL;32091010;;ESMALTE;;;;;7891260250341;TRIBUTADO (CSOSN 102)
2053195;SUV ESM BRTE MARFIM NOBRE 3,6 GL AGUA;001491;GL;32091010;;ESMALTE;;;;;7891260250556;NÃO TRIBUTADO (CSOSN 400)
2051761;SUV ESM BRTE PLATINA 900 ML AGUA;000057;QT;32091010;;ESMALTE;;;;;7891260250433;TRIBUTADO (CSOSN 102)
2051755;SUV ESM BRTE VERDE FOLHA 3,6 LT AGUA;000051;GL;32091010;;ESMALTE;;;;;7891260539071;TRIBUTADO (CSOSN 102)
2051756;SUV ESM BRTE VERMELHO 3,6 LT AGUA;000052;GL;32091010;;ESMALTE;;;;;7891260250617;TRIBUTADO (CSOSN 102)
2051763;SUV ESM BRTE VERMELHO 900 ML AGUA;000059;QT;32091010;;ESMALTE;;;;;7891260251676;TRIBUTADO (CSOSN 102)
2052068;SUV ESM BRTE VINHO CHASSIS 3,6L SOLVETE;000364;GL;32081010;;ESMALTE;;;;;7891260024874;NÃO TRIBUTADO (CSOSN 400)
2053493;SUV ESM CAMURCA BRTE 3,6 LT SOLVENTE;001789;GL;32081010;;ESMALTE;;;;;7891260052860;NÃO TRIBUTADO (CSOSN 400)
2052944;SUV ESM CERAMICA BRTE 900 ML;001240;QT;32081010;;ESMALTE;;;;;7891260097663;NÃO TRIBUTADO (CSOSN 400)
2053494;SUV ESM CINZA ESCURO BRTE 3,6 LT SOLVENTE;001790;GL;32081010;;ESMALTE;;;;;7891260023501;NÃO TRIBUTADO (CSOSN 400)
2052079;SUV ESM CINZA MEDIO BRTE 3,6 LT SOLVENTE;000375;GL;32081010;;ESMALTE;;;;;7891260024553;NÃO TRIBUTADO (CSOSN 400)
2052104;SUV ESM CINZA MEDIO BRTE 900 ML SOLVENTE;000400;QT;32081010;;ESMALTE;;;;;7891260024560;NÃO TRIBUTADO (CSOSN 400)
2052070;SUV ESM COLORADO BRTE 3,6 LT SOLVENTE;000366;GL;32081010;;ESMALTE;;;;;7891260023747;NÃO TRIBUTADO (CSOSN 400)
2052310;SUV ESM CONTRA FERRUGEM CINZA ESCURO BRTE 900 ML;000606;QT;32081010;;ESMALTE;;;;;7891260451670;NÃO TRIBUTADO (CSOSN 400)
2052345;SUV ESM CONTRA FERRUGEM VERDE COLONIAL BRTE 900 ML;000641;QT;32081010;;ESMALTE;;;;;7891260451755;NÃO TRIBUTADO (CSOSN 400)
2052073;SUV ESM COR & PROT AZUL FRANCA BR SOLVENTE 3,6;000369;GL;32081010;;ESMALTE;;;;;7891260024805;NÃO TRIBUTADO (CSOSN 400)
2052325;SUV ESM COR E PROTECAO BRTE ALUMINIO 3,6 LT;000621;GL;32081010;;ESMALTE;;;;;7891260024287;NÃO TRIBUTADO (CSOSN 400)
2052105;SUV ESM COR E PROTECAO BRTE CINZA ESCURO 900 ML;000401;QT;32081010;;ESMALTE;;;;;7891260023518;NÃO TRIBUTADO (CSOSN 400)
2052107;SUV ESM COR E PROTECAO BRTE LARANJA 900 ML;000403;QT;32081010;;ESMALTE;;;;;7891260023143;NÃO TRIBUTADO (CSOSN 400)
2052080;SUV ESM COR E PROTECAO BRTE MARFIM NOBRE 3,6L;000376;GL;32081010;;ESMALTE;;;;;7891260023822;NÃO TRIBUTADO (CSOSN 400)
2052106;SUV ESM COR E PROTECAO BRTE MARFIM NOBRE 900 ML;000402;QT;32081010;;ESMALTE;;;;;7891260023839;NÃO TRIBUTADO (CSOSN 400)
2053372;SUV ESM GRAFITE CLARO FOSCO 900 ML;001668;QT;32081010;;ESMALTE;;;;;SEM GTIN;NÃO TRIBUTADO (CSOSN 400)
2052115;SUV ESM GRAFITE CLARO FOSCO 900 ML SOLVETE;000411;QT;32081010;;ESMALTE;;;;;7891260027066;NÃO TRIBUTADO (CSOSN 400)
2053370;SUV ESM GRAFITE ESCURO FOSCO 3,6 LT;001666;GL;32081010;;ESMALTE;;;;;7891260027028;NÃO TRIBUTADO (CSOSN 400)
2052116;SUV ESM GRAFITE ESCURO FOSCO 900 ML SOLVETE;000412;QT;32081010;;ESMALTE;;;;;7891260027035;NÃO TRIBUTADO (CSOSN 400)
2052071;SUV ESM MARROM BRTE 3,6 LT SOLVENTE;000367;GL;32081010;;ESMALTE;;;;;7891260024201;NÃO TRIBUTADO (CSOSN 400)
2052097;SUV ESM MARROM BRTE 900 ML SOLVENTE;000393;QT;32081010;;ESMALTE;;;;;7891260024218;NÃO TRIBUTADO (CSOSN 400)
2053495;SUV ESM MARROM CONHAQUE BRTE 3,6 LT SOLVENTE;001791;GL;32081010;;ESMALTE;;;;;7891260024461;NÃO TRIBUTADO (CSOSN 400)
2052095;SUV ESM MARROM CONHAQUE BRTE 900 ML SOLVENTE;000391;QT;32081010;;ESMALTE;;;;;7891260024478;NÃO TRIBUTADO (CSOSN 400)
2053491;SUV ESM PLATINA AC 3,6 LT SOLVENTE;001787;GL;32081010;;ESMALTE;;;;;7891260025260;NÃO TRIBUTADO (CSOSN 400)
2053514;SUV ESM PLATINA BRTE 3,6 ML SOLVENTE;001810;GL;32081010;;ESMALTE;;;;;7891260023679;NÃO TRIBUTADO (CSOSN 400)
2052103;SUV ESM PLATINA BRTE 900 ML SOLVENTE;000399;QT;32081010;;ESMALTE;;;;;7891260023686;NÃO TRIBUTADO (CSOSN 400)
2051759;SUV ESM PLATINA 3,6 LT AGUA;000055;GL;32091010;;ESMALTE;;;;;7891260250365;TRIBUTADO (CSOSN 102)
2052114;SUV ESM PREMIUM COR E PROTECAO GRAFITE CLARO FOSCO 3,6 LT;000410;GL;32081010;;ESMALTE;;;;;7891260027059;NÃO TRIBUTADO (CSOSN 400)
2053504;SUV ESM PRETO AC AGUA 900 ML;001800;QT;32091010;;ESMALTE;;;;;7891260549575;NÃO TRIBUTADO (CSOSN 400)
2053492;SUV ESM PRETO ACT 3,6 LT AGUA;001788;GL;32091010;;ESMALTE;;;;;7891260549568;NÃO TRIBUTADO (CSOSN 400)
2052995;SUV ESM PRETO BRTE 3,6 LT AGUA;001291;GL;32091010;;COMPLEMENTO;;;;;7891260259320;NÃO TRIBUTADO (CSOSN 400)
2052072;SUV ESM PRETO BRTE 3,6 LT SOLVENTE;000368;GL;32081010;;ESMALTE;;;;;7891260022757;NÃO TRIBUTADO (CSOSN 400)
2052953;SUV ESM PRETO BRTE 900 ML AGUA;001249;QT;32091010;;ESMALTE;;;;;7891260259344;NÃO TRIBUTADO (CSOSN 400)
2052098;SUV ESM PRETO BRTE 900 ML SOLVENTE;000394;QT;32081010;;ESMALTE;;;;;7891260022764;NÃO TRIBUTADO (CSOSN 400)
2052951;SUV ESM PRETO FOSCO 3,6 LT AGUA;001247;GL;32091010;;ESMALTE;;;;;7891260532317;NÃO TRIBUTADO (CSOSN 400)
2053496;SUV ESM PRETO FOSCO 3,6 LT SOLVENTE;001792;GL;32081010;;ESMALTE;;;;;7891260026915;NÃO TRIBUTADO (CSOSN 400)
2052930;SUV ESM PRETO FOSCO 900 ML AGUA;001226;QT;32091010;;ESMALTE;;;;;7891260532300;NÃO TRIBUTADO (CSOSN 400)
2052929;SUV ESM PRETO FOSCO 900 ML SOLVENTE;001225;QT;32081010;;ESMALTE;;;;;7891260129661;NÃO TRIBUTADO (CSOSN 400)
2053629;SUV ESM TABACO ACT 900 ML AGUA;001925;QT;32091010;;ESMALTE;;;;;7891260549551;NÃO TRIBUTADO (CSOSN 400)
2053497;SUV ESM TABACO BRTE 3,6 LT SOLVENTE;001793;GL;32081010;;ESMALTE;;;;;7891260024379;NÃO TRIBUTADO (CSOSN 400)
2052096;SUV ESM TABACO BRTE 900 ML SOLVENTE;000392;QT;32081010;;ESMALTE;;;;;7891260024386;NÃO TRIBUTADO (CSOSN 400)
2053630;SUV ESM TABACO BRTE 900L AGUA;001926;QT;32091010;;ESMALTE;;;;;7891260251683;NÃO TRIBUTADO (CSOSN 400)
2051754;SUV ESM TACABO BRTE AGUA 3,6 LT;000050;GL;32091010;;ESMALTE;;;;;7891260250310;TRIBUTADO (CSOSN 102)
2053642;SUV ESM VELEIRO BRTE 3,6 LT SOLVENTE;001938;GL;32081010;;ESMALTE;;;;;SEM GTIN;NÃO TRIBUTADO (CSOSN 400)
2052077;SUV ESM VERDE COLONIAL BRTE 3,6 LT SOLVENTE;000373;GL;32081010;;ESMALTE;;;;;7891260022832;NÃO TRIBUTADO (CSOSN 400)
2052102;SUV ESM VERDE FOLHA BR 0,900 SOLVENTE;000398;QT;32081010;;ESMALTE;;;;;7891260023419;NÃO TRIBUTADO (CSOSN 400)
2052076;SUV ESM VERDE FOLHA BRTE 3,6 LT SOLVENTE;000372;GL;32081010;;ESMALTE;;;;;7891260023402;NÃO TRIBUTADO (CSOSN 400)
2052108;SUV ESM VERMELHO BR 0,900 SOLVENTE;000404;QT;32081010;;ESMALTE;;;;;7891260024645;NÃO TRIBUTADO (CSOSN 400)
2053371;SUV ESM VERMELHO BRTE 3,6 LT  SOLVENTE;001667;GL;32081010;;ESMALTE;;;;;7891260024638;NÃO TRIBUTADO (CSOSN 400)
2054165;SUV FACHADA PROT. EMBORRACHADA 3,6 LT;002461;GL;12345678;;ACRILICA;TINTA ACRILICA;Suvinil;;;7891260561362;NÃO TRIBUTADO (CSOSN 400)
2053499;SUV FACHADA PROTEGIDA BRANCO NEVE -18L;001795;LA;32091010;;ACRILICA;TINTA ACRILICA;Suvinil;;;7891260562062;NÃO TRIBUTADO (CSOSN 400)
2053284;SUV FOSCO SEMPRE LIMPO BRANCO 18L;001580;LA;32091010;;ACRILICA;TINTA ACRILICA;Suvinil;;;7891260561577;NÃO TRIBUTADO (CSOSN 400)
2053488;SUV FOSCO SEMPRE LIMPO BRANCO 3,6L;001784;GL;32091010;;ACRILICA;TINTA ACRILICA;Suvinil;;;7891260561584;NÃO TRIBUTADO (CSOSN 400)
2053513;SUV FUNDO BASE AGUA BRANCO FOSCO - 900;001809;QT;32091010;;COMPLEMENTO;;;;;SEM GTIN;NÃO TRIBUTADO (CSOSN 400)
2052219;SUV FUNDO BRANCO FOSCO P/ MADEIRA 3,6 LT;000515;GL;32091010;;COMPLEMENTO;;;;;7891260027134;NÃO TRIBUTADO (CSOSN 400)
2052119;SUV FUNDO BRANCO FOSCO 900ML;000415;QT;32091010;;ACRILICA;TINTA ACRILICA;Suvinil;;;7891260027141;NÃO TRIBUTADO (CSOSN 400)
2053287;SUV FUNDO FOSCO BRANCO - 0,9L;001583;QT;32081010;;COMPLEMENTO;;;;;SEM GTIN;NÃO TRIBUTADO (CSOSN 400)
2053103;SUV FUNDO PARA GALVANIZADO BASE AGUA 3,6 LT;001399;GL;32091010;;COMPLEMENTO;;;;;SEM GTIN;NÃO TRIBUTADO (CSOSN 400)
2053216;SUV FUNDO PARA GALVANIZADO BASE AGUA 900 ML;001512;QT;32081010;;COMPLEMENTO;;;;;7891260223329;NÃO TRIBUTADO (CSOSN 400)
2052218;SUV FUNDO PARA GALVANIZADO BASE SOLVENTE 3,6 LT;000514;GL;32091010;;COMPLEMENTO;;;;;7891260222539;NÃO TRIBUTADO (CSOSN 400)
2052350;SUV FUNDO PARA GALVANIZADO BASE SOLVENTE 900 ML;000646;QT;32091010;;COMPLEMENTO;;;;;SEM GTIN;NÃO TRIBUTADO (CSOSN 400)
2052924;SUV FUNDO PREPARADOR BASE AGUA 18 LT;001220;LA;32091020;;COMPLEMENTO;;;;;7891260096024;NÃO TRIBUTADO (CSOSN 400)
2053184;SUV FUNDO PREPARADOR BASE AGUA 3,6 LT;001480;GL;32091010;;COMPLEMENTO;;;;;7891260096017;NÃO TRIBUTADO (CSOSN 400)
2052906;SUV FUNDO PREPARADOR PAREDE 18 LTS BALDE;001202;LA;32091020;;COMPLEMENTO;;;;;7891260559017;NÃO TRIBUTADO (CSOSN 400)
2052381;SUV FUNDO SECA RAPIDO 3,6 L AGUA;000677;GL;32091010;;COMPLEMENTO;;;;;7891260272213;NÃO TRIBUTADO (CSOSN 400)
2052404;SUV FUNDO SECA RAPIDO 900ML AGUA;000700;QT;32091010;;COMPLEMENTO;;;;;7891260272527;NÃO TRIBUTADO (CSOSN 400)
2052122;SUV GESSO & DRYWALL 3,6 LT;000418;GL;32091010;;ACRILICA;TINTA ACRILICA;Suvinil;;;7891260431948;NÃO TRIBUTADO (CSOSN 400)
2053105;SUV GLASU CORANTE AMARELO 50ML;001401;UN;32064990;;ACRILICA;Utilidades;Suvinil;;;7891260510995;NÃO TRIBUTADO (CSOSN 400)
2053106;SUV GLASU CORANTE AZUL 50ML;001402;UN;32041700;;ACRILICA;Utilidades;Suvinil;;;7891260510988;NÃO TRIBUTADO (CSOSN 400)
2053107;SUV GLASU CORANTE CASTANHO 50ML;001403;UN;32064990;;ACRILICA;Utilidades;Suvinil;;;7891260507490;NÃO TRIBUTADO (CSOSN 400)
2053108;SUV GLASU CORANTE LARANJA 50ML;001404;UN;32041700;;ACRILICA;Utilidades;Suvinil;;;7891260507698;NÃO TRIBUTADO (CSOSN 400)
2053109;SUV GLASU CORANTE OCRE 50ML;001405;UN;32064990;;ACRILICA;Utilidades;Suvinil;;;7891260507704;NÃO TRIBUTADO (CSOSN 400)
2053110;SUV GLASU CORANTE PRETO 50ML;001406;UN;32064990;;ACRILICA;Utilidades;Suvinil;;;7891260507292;NÃO TRIBUTADO (CSOSN 400)
2053111;SUV GLASU CORANTE VERDE 50ML;001407;UN;32041700;;ACRILICA;Utilidades;Suvinil;;;7891260507711;NÃO TRIBUTADO (CSOSN 400)
2053112;SUV GLASU CORANTE VERMELHO 50ML;001408;UN;32041700;;ACRILICA;Utilidades;Suvinil;;;7891260507728;NÃO TRIBUTADO (CSOSN 400)
2053101;SUV GLASU MAXIMA EFICIENCIA BRANCO NEVE 18L;001397;LA;32091010;;ACRILICA;TINTA ACRILICA;Suvinil;;;7891260166277;NÃO TRIBUTADO (CSOSN 400)
2052950;SUV GLASU MUDA FACIL BRANCO -18 LTS;001246;LA;32091010;;ACRILICA;TINTA ACRILICA;Suvinil;;;7891260058626;NÃO TRIBUTADO (CSOSN 400)
2052947;SUV GLASU MUDA FACIL BRANCO 3,6L;001243;GL;32091010;;ACRILICA;TINTA ACRILICA;Suvinil;;;7891260058633;NÃO TRIBUTADO (CSOSN 400)
2052977;SUV GLASU PINTURA ESSENCIAL BRANCO 18L;001273;LA;32091010;;ACRILICA;TINTA ACRILICA;Suvinil;;;SEM GTIN;NÃO TRIBUTADO (CSOSN 400)
2052948;SUV GLASU PINTURA ESSENCIAL BRANCO 3,6L;001244;GL;32091010;;ACRILICA;TINTA ACRILICA;Suvinil;;;7891260489550;NÃO TRIBUTADO (CSOSN 400)
2052938;SUV MASSA ACRILICA - 1,4 KG;001234;QT;32141020;;COMPLEMENTO;;;;;7891260028773;TRIBUTADO (CSOSN 102)
2052954;SUV MASSA ACRILICA GL - 5,7 KG;001250;GL;32141020;;COMPLEMENTO;;;;;7891260028766;TRIBUTADO (CSOSN 102)
2051746;SUV MASSA ACRILICA 25KG;000042;LA;32091010;;COMPLEMENTO;;;;;7891260457078;TRIBUTADO (CSOSN 102)
2052939;SUV MASSA CORRIDA PVA - 1,4 KG;001235;QT;32141020;;COMPLEMENTO;;;;;7891260028728;TRIBUTADO (CSOSN 102)
2052901;SUV MASSA CORRIDA PVA GL - 5,7 KG;001197;GL;32141020;;COMPLEMENTO;;;;;7891260028711;TRIBUTADO (CSOSN 102)
2051745;SUV MASSA CORRIDA PVA 25KG;000041;LA;32091010;;COMPLEMENTO;;;;;7891260456989;NÃO TRIBUTADO (CSOSN 400)
2052123;SUV MASSA P/ MADEIRA - 1,3 KG;000419;UN;32141020;;COMPLEMENTO;;;;;7891260028827;NÃO TRIBUTADO (CSOSN 400)
2053498;SUV MASSA P/ MADEIRA - 5,5 KG;001794;GL;32141020;;COMPLEMENTO;;;;;7891260028810;TRIBUTADO (CSOSN 102)
2052184;SUV MULTISSUPERFICIES EPOXI ACT BRANCO AGUA 3,6 GL;000480;GL;32091010;;ACRILICA;TINTA ESMALTE ;Suvinil;;;7891260325605;NÃO TRIBUTADO (CSOSN 400)
2053252;SUV MULTISSUPERFICIES EPOXI ACT BRANCO AGUA 900 ML;001548;QT;32091010;;ACRILICA;TINTA ESMALTE ;Suvinil;;;7891260327999;NÃO TRIBUTADO (CSOSN 400)
2052888;SUV PISO AMARELO SEG. 3,6;001184;GL;32091010;;ACRILICA;TINTA ACRILICA;Suvinil;;;SEM GTIN;NÃO TRIBUTADO (CSOSN 400)
2053639;SUV PISO AZUL 18 LT;001935;LA;32091010;;ACRILICA;TINTA ACRILICA;Suvinil;;;7891260058015;NÃO TRIBUTADO (CSOSN 400)
2052829;SUV PISO BRANCO 18LT;001125;LA;32091010;;ACRILICA;TINTA ACRILICA;Suvinil;;;7891260057964;NÃO TRIBUTADO (CSOSN 400)
2052088;SUV PISO BRANCO 3,6 GL;000384;GL;32091010;;ACRILICA;TINTA ACRILICA;Suvinil;;;7891260057957;NÃO TRIBUTADO (CSOSN 400)
2052089;SUV PISO CERAMICA 3,6 LT;000385;GL;32091010;;ACRILICA;TINTA ACRILICA;Suvinil;;;7891260058282;NÃO TRIBUTADO (CSOSN 400)
2052798;SUV PISO CINZA 18L SUVINIL;001094;LA;32091010;;ACRILICA;TINTA ACRILICA;Suvinil;;;SEM GTIN;NÃO TRIBUTADO (CSOSN 400)
2052091;SUV PISO CINZA 3,6 LT;000387;GL;32091010;;ACRILICA;TINTA ACRILICA;Suvinil;;;7891260058220;NÃO TRIBUTADO (CSOSN 400)
2052086;SUV PISO CONCRETO PURO 3,6 LT;000382;GL;32091010;;ACRILICA;TINTA ACRILICA;Suvinil;;;7891260435922;NÃO TRIBUTADO (CSOSN 400)
2052785;SUV PISO CONCRETO 18L SUVINIL;001081;LA;32089010;;ACRILICA;TINTA ACRILICA;Suvinil;;;7891260058343;NÃO TRIBUTADO (CSOSN 400)
2052090;SUV PISO CONCRETO 3,6 LT;000386;GL;32091010;;ACRILICA;TINTA ACRILICA;Suvinil;;;7891260058336;NÃO TRIBUTADO (CSOSN 400)
2052884;SUV PISO CONCRETO 3,6L SUVINIL;001180;GL;32091010;;ACRILICA;TINTA ACRILICA;Suvinil;;;SEM GTIN;NÃO TRIBUTADO (CSOSN 400)
2052093;SUV PISO PRETO 3,6 LT;000389;GL;32091010;;ACRILICA;TINTA ACRILICA;Suvinil;;;7891260058329;NÃO TRIBUTADO (CSOSN 400)
2052889;SUV PISO VERMELHO SEG. 3,6L SUVINIL;001185;GL;32091010;;ACRILICA;TINTA ACRILICA;Suvinil;;;SEM GTIN;NÃO TRIBUTADO (CSOSN 400)
2053120;SUV PROTECAO TOTAL BRANCA GL 3,6;001416;GL;39269090;;ACRILICA;TINTA ACRILICA;Suvinil;;;SEM GTIN;TRIBUTADO (CSOSN 102)
2053288;SUV RENDE & COBRE MUITO BRANCO -18 L;001584;LA;32091010;;ACRILICA;TINTA ACRILICA;Suvinil;;;7891260331811;NÃO TRIBUTADO (CSOSN 400)
2053289;SUV RENDE & COBRE MUITO BRANCO 20 LTS;001585;BD;32091010;;ACRILICA;TINTA ACRILICA;Suvinil;;;7891260440674;NÃO TRIBUTADO (CSOSN 400)
2052056;SUV RENDE & COBRE MUITO BRANCO 3,6 LT;000352;GL;32091010;;ACRILICA;TINTA ACRILICA;Suvinil;;;7891260331804;NÃO TRIBUTADO (CSOSN 400)
2053268;SUV RENDE & COBRE MUITO BRANCO 900 ML;001564;QT;32091010;;ACRILICA;TINTA ACRILICA;Suvinil;;;7891260340196;NÃO TRIBUTADO (CSOSN 400)
2052126;SUV SELADOR ACRILICO  3,6 LT;000422;GL;32091010;;COMPLEMENTO;;;;;7891260028582;NÃO TRIBUTADO (CSOSN 400)
2052128;SUV SELADOR ACRILICO 18 LT;000424;LA;32091010;;COMPLEMENTO;;;;;7891260574706;NÃO TRIBUTADO (CSOSN 400)
2053182;SUV SELADORA P/ MADEIRA 3,6 LT;001478;GL;32089039;;COMPLEMENTO;;;;;7891260217757;NÃO TRIBUTADO (CSOSN 400)
2052124;SUV SELADORA P/ MADEIRA 900 ML;000420;QT;32089039;;COMPLEMENTO;;;;;7891260217856;NÃO TRIBUTADO (CSOSN 400)
2053489;SUV TOQUE BRILHO BRANCO 3,6L;001785;GL;32091010;;ACRILICA;TINTA ACRILICA;Suvinil;;;7891260559239;NÃO TRIBUTADO (CSOSN 400)
2114638;SUV TOQUE DA TERRA;002771;UN;32141020;;EFEITO;Efeitos Decorativos;Suvinil;;;9900000001292;NÃO TRIBUTADO (CSOSN 400)
2052902;SUV TOQUE FOSCO BRANCO 3,6L;001198;GL;12345678;;ACRILICA;TINTA ACRILICA;Suvinil;;;7891260561713;TRIBUTADO (CSOSN 102)
2053503;SUV TOQUE FOSCO BRANCO 900ML;001799;QT;32091010;;ACRILICA;TINTA ACRILICA;Suvinil;;;7891260561706;NÃO TRIBUTADO (CSOSN 400)
2053087;SUV TOQUE FOSCO COMPLETO BRANCA 20 LTS;001383;BD;39269090;;ACRILICA;TINTA ACRILICA;Suvinil;;;7891260560907;NÃO TRIBUTADO (CSOSN 400)
2053490;SUV TOQUE FOSCO COMPLETO BRANCO 3,6L;001786;GL;32091010;;ACRILICA;TINTA ACRILICA;Suvinil;;;7891260560877;NÃO TRIBUTADO (CSOSN 400)
2053502;SUV TOQUE FOSCO COMPLETO BRANCO 900ML;001798;QT;32091010;;ACRILICA;TINTA ACRILICA;Suvinil;;;7891260560860;NÃO TRIBUTADO (CSOSN 400)
2051772;SUV TOQUE FOSCO PALHA 18 LT;000068;LA;32091010;;ACRILICA;TINTA ACRILICA;Suvinil;;;7891260561096;TRIBUTADO (CSOSN 102)
2052789;SUV TOQUE SEDA BRANCO 18L;001085;LA;32091010;;ACRILICA;TINTA ACRILICA;Suvinil;;;SEM GTIN;TRIBUTADO (CSOSN 102)
2053487;SUV TOQUE SEDA BRANCO 3,6L;001783;GL;32091010;;ACRILICA;TINTA ACRILICA;Suvinil;;;7891260559048;NÃO TRIBUTADO (CSOSN 400)
2051954;SUV TOQUE SEDA 900 ML BRANCO;000250;QT;32091010;;ACRILICA;TINTA ACRILICA;Suvinil;;;SEM GTIN;NÃO TRIBUTADO (CSOSN 400)
2052923;SUV VERNIZ AC PROT MAX DECK NATURAL - 3,6L;001219;GL;32091020;;VERNIZ;;;;;7891260505083;NÃO TRIBUTADO (CSOSN 400)
2052978;SUV VERNIZ BR SEC RAP NATURAL - 3,6L;001274;GL;32091020;;VERNIZ;;;;;SEM GTIN;NÃO TRIBUTADO (CSOSN 400)
2052870;SUV VERNIZ BR SECA RAPIDO IMBUIA 3,6L SUVINIL;001166;GL;32081020;;VERNIZ;;;;;SEM GTIN;NÃO TRIBUTADO (CSOSN 400)
2052869;SUV VERNIZ BRTE IMBUIA 900 ML AGUA;001165;QT;32081020;;VERNIZ;;;;;7891260347317;NÃO TRIBUTADO (CSOSN 400)
2053547;SUV VERNIZ BRTE MOGNO  B. AGUA 3,6 LT;001843;GL;32091020;;VERNIZ;;;;;7891260347294;NÃO TRIBUTADO (CSOSN 400)
2052937;SUV VERNIZ BRTE TINGE E PROTEGE MOGNO 3,6 LT;001233;GL;32081020;;VERNIZ;;;;;7891260233689;NÃO TRIBUTADO (CSOSN 400)
2053292;SUV VERNIZ NATURAL FOSCO B. SOLVENTE 3,6 LT;001588;GL;32081020;;VERNIZ;;;;;7891260025789;NÃO TRIBUTADO (CSOSN 400)
2054054;T - AMARELO OXIDO;002350;UN;32041600;;CORANTE;;;;;SEM GTIN;NÃO TRIBUTADO (CSOSN 400)
2053643;TEK BOND ADES INST. 793 100G;001939;UN;35061090;;GERAL;;;;;SEM GTIN;TRIBUTADO (CSOSN 102)
2053117;TEK BOND SPRAY  BRANCO FOSCO - 350 ML;001413;UN;32082019;;GERAL;;;;;7898543381013;NÃO TRIBUTADO (CSOSN 400)
2053254;TEK BOND SPRAY ALTA TEMPE. ALUMINIO - 350ML;001550;UN;32082019;;GERAL;;;;;7898543381174;NÃO TRIBUTADO (CSOSN 400)
2052932;TEK BOND SPRAY ALTA TEMPE. PRETO BRIL - 350ML;001228;UN;32082019;;GERAL;;;;;7898543381167;NÃO TRIBUTADO (CSOSN 400)
2053255;TEK BOND SPRAY ALTA TEMPE. PRETO FOSCO - 350ML;001551;UN;32082019;;GERAL;;;;;7898543382348;NÃO TRIBUTADO (CSOSN 400)
2053186;TEK BOND SPRAY ALUMINIO - 350 ML;001482;UN;32082019;;GERAL;;;;;7898543380948;NÃO TRIBUTADO (CSOSN 400)
2053187;TEK BOND SPRAY AMARELO - 350 ML;001483;UN;32082019;;GERAL;;;;;7898543380979;NÃO TRIBUTADO (CSOSN 400)
2053188;TEK BOND SPRAY BRANCO BRILHANTE - 350 ML;001484;UN;32082019;;GERAL;;;;;7898543380931;NÃO TRIBUTADO (CSOSN 400)
2052991;TEK BOND SPRAY COBRE METALICO - 350ML ( NOVO );001287;UN;32082019;;GERAL;;;;;7898543381228;NÃO TRIBUTADO (CSOSN 400)
2053189;TEK BOND SPRAY DOURADO - 350 ML;001485;UN;32082019;;GERAL;;;;;7898543380962;NÃO TRIBUTADO (CSOSN 400)
2053190;TEK BOND SPRAY GRAFITE - 350 ML;001486;UN;32082019;;GERAL;;;;;7898543381037;NÃO TRIBUTADO (CSOSN 400)
2052973;TEK BOND SPRAY PRETO BRILHANTE - 350ML;001269;UN;32082019;;GERAL;;;;;7898543380924;NÃO TRIBUTADO (CSOSN 400)
2052974;TEK BOND SPRAY PRETO FOSCO - 350ML;001270;UN;32082019;;GERAL;;;;;7898543380917;NÃO TRIBUTADO (CSOSN 400)
2053590;TEK BOND SPRAY USO GERAL AZUL - 350ML;001886;UN;32082019;;GERAL;;;;;7898543380993;NÃO TRIBUTADO (CSOSN 400)
2053591;TEK BOND SPRAY USO GERAL AZUL CLARO - 350ML;001887;UN;32082019;;GERAL;;;;;7898543380986;NÃO TRIBUTADO (CSOSN 400)
2053592;TEK BOND SPRAY USO GERAL AZUL ESCURO - 350ML;001888;UN;32082019;;GERAL;;;;;7898543381006;NÃO TRIBUTADO (CSOSN 400)
2053593;TEK BOND SPRAY USO GERAL BEGE - 350ML;001889;UN;32082019;;GERAL;;;;;7898543381099;NÃO TRIBUTADO (CSOSN 400)
2053594;TEK BOND SPRAY USO GERAL GELO - 350ML;001890;UN;32082019;;GERAL;;;;;7898543381020;NÃO TRIBUTADO (CSOSN 400)
2053587;TEK BOND SPRAY USO GERAL PRIMER FUNDO - 350ML;001883;UN;32082020;;GERAL;;;;;7898543381105;NÃO TRIBUTADO (CSOSN 400)
2053586;TEK BOND SPRAY USO GERAL ROSA - 350ML;001882;UN;32082019;;GERAL;;;;;7898543381051;NÃO TRIBUTADO (CSOSN 400)
2053585;TEK BOND SPRAY USO GERAL VERDE - 350ML;001881;UN;32082019;;GERAL;;;;;7898543381075;NÃO TRIBUTADO (CSOSN 400)
2053584;TEK BOND SPRAY USO GERAL VERDE ESCURO - 350ML;001880;UN;32082019;;GERAL;;;;;7898543381068;NÃO TRIBUTADO (CSOSN 400)
2053193;TEK BOND SPRAY USO GERAL VERNIZ FOSCO - 350 ML;001489;UN;32082020;;GERAL;;;;;7898543394396;NÃO TRIBUTADO (CSOSN 400)
2053191;TEK BOND SPRAY VERMELHO - 350 ML;001487;UN;32082019;;GERAL;;;;;7898543380955;NÃO TRIBUTADO (CSOSN 400)
2053192;TEK BOND SPRAY VERNIZ BRILHANTE - 350 ML;001488;UN;32082020;;GERAL;;;;;7898543381082;NÃO TRIBUTADO (CSOSN 400)
2053645;TEKBOND COLA INSTANTANEA 2GR;001941;UN;35061090;;GERAL;;;;;7898904869044;TRIBUTADO (CSOSN 102)
2052747;TEKBOND FITA ANTIDERRAP 50X5M PT;001043;UN;68053090;;FITA;;;;;7898472262834;TRIBUTADO (CSOSN 102)
2052748;TEKBOND FITA ANTIDERRAP 50X5M TRANSP;001044;UN;68053090;;FITA;;;;;7898472262841;TRIBUTADO (CSOSN 102)
2141111;THINNER 16 ITAQUA 0,9L 11.29.025;002820;UN;38140090;;COMPLEMENTO;Utilidades;Maza;;;9900000001445;TRIBUTADO (CSOSN 102)
2072861;THINNER 37 ITAQUA 0,9L 11.29.030;002667;UN;38140090;;DILUENTE;;;;;9900000000998;NÃO TRIBUTADO (CSOSN 400)
2053646;THOMPSON ABRACADEIRA NYLON PRETA UNIDADE;001942;UN;39269090;;GERAL;;;;;7898011975577;TRIBUTADO (CSOSN 102)
2132718;TIGRE BANDEJA 23CM PORTA PIN 4,2L REF.2307-23;002805;UN;39269090;;GERAL;Acessórios e Ferramentas;TIGRE;;1002000;7891395073556;TRIBUTADO (CSOSN 102)
2132716;TIGRE BANDEJA 2304 15CM PRETA PC 18.50.007;002803;UN;39269090;;GERAL;Acessórios e Ferramentas;TIGRE;;1002000;7891395060426;TRIBUTADO (CSOSN 102)
2132717;TIGRE BANDEJA 2304 23CM PRETA PC 18.50.006;002804;UN;39269090;;GERAL;Acessórios e Ferramentas;TIGRE;;1002000;7891395045263;TRIBUTADO (CSOSN 102)
2052060;TIGRE CABO P/ ROLO 1301/23;000356;UN;73269090;;GERAL;;;;;7891395001399;NÃO TRIBUTADO (CSOSN 400)
2117312;TIGRE CABO P/ROLO 23CM 1301 PC 18.50.490;002777;UN;73269090;;GERAL;Acessórios e Ferramentas;TIGRE;;;9900000001353;TRIBUTADO (CSOSN 102)
2117313;TIGRE CABO UNIVERSAL P/ ROLOS 23 CM 1305 PC 18.50.A45;002778;UN;73269090;;GERAL;Acessórios e Ferramentas;TIGRE;;;9900000001360;TRIBUTADO (CSOSN 102)
2058833;TIGRE DESEMPENADEIRA  ACO - LISA - 2117 C/CABO DE MADEIRA 18.50.028;002628;UN;82055900;;GERAL;;;;0801000;7891395026798;
2058834;TIGRE DESEMPENADEIRA  ACO INOX CAB FECH 12X25CM;002629;UN;82055900;;GERAL;;;;0801000;7891395072047;
2058835;TIGRE DESEMPENADEIRA  ACO INOX CAB FECH 12X45CM;002630;UN;82055900;;GERAL;;;;0801000;7891395072061;
2058836;TIGRE DESEMPENADEIRA ACO INOX CAB ABER 12X25CM;002631;UN;82055900;;GERAL;;;;0801000;7891395072078;
2058837;TIGRE DESEMPENADEIRA ACO INOX CAB ABER 12X35CM;002632;UN;82055900;;GERAL;;;;0801000;7891395072085;NÃO TRIBUTADO (CSOSN 400)
2058838;TIGRE DESEMPENADEIRA ACO INOX CAB FECH 12X35CM;002633;UN;82055900;;GERAL;;;;0801000;7891395072054;NÃO TRIBUTADO (CSOSN 400)
2058839;TIGRE DESEMPENADEIRA INOX CANT EXT REF.2123-01;002634;UN;82055900;;GERAL;;;;0801000;7891395073532;
2058840;TIGRE DESEMPENADEIRA INOX CANT INT REF.2123-00;002635;UN;82055900;;GERAL;;;;0801000;7891395073518;
2109463;TIGRE DESEMPENADEIRA PLAST 30X17CM;002731;UN;39269090;;GERAL;Utilidades;TIGRE;;1002000;7891395026767;NÃO TRIBUTADO (CSOSN 400)
2132719;TIGRE ESCOVA RETANGULAR 1199-01 PC 18.50.A35;002806;UN;96034090;;GERAL;Acessórios e Ferramentas;TIGRE;;;7891395059819;TRIBUTADO (CSOSN 102)
2069742;TIGRE ESPATULA CABO MADEIRA ACO INOX 3,5CM 2153-1;002666;UN;82055900;;GERAL;;;;;7891395014924;TRIBUTADO (CSOSN 102)
2069741;TIGRE ESPATULA CABO MADEIRA ACO INOX 7,6CM 2153-3;002665;UN;82055900;;GERAL;;;;;7891395014948;TRIBUTADO (CSOSN 102)
2072885;TIGRE ESPATULA PLAST LISA 2160 10CM PC 18.50.039;002687;UN;39269090;;GERAL;;TIGRE;;1002000;7891395033994;NÃO TRIBUTADO (CSOSN 400)
2072886;TIGRE ESPATULA PLAST LISA 2160-08;002688;UN;39269090;;GERAL;;TIGRE;;1002000;7891395033987;NÃO TRIBUTADO (CSOSN 400)
2052069;TIGRE EXTENSOR 1307 2M;000365;UN;73269090;;GERAL;;;;;7891395013392;NÃO TRIBUTADO (CSOSN 400)
2058841;TIGRE EXTENSOR 1307 2M PC 18.50.042;002636;UN;73269090;;GERAL;;;;;9900000000820;
2058842;TIGRE EXTENSOR 1307 3M PC 18.50.043;002637;UN;73269090;;GERAL;;;;;7891395015082;NÃO TRIBUTADO (CSOSN 400)
2058843;TIGRE EXTENSOR 1308 1,8M TELESCOPICO ALUMINIO PC 18.50.A41;002638;UN;76169900;;GERAL;;;;;7891395028877;
2058844;TIGRE EXTENSOR 1308 2,7M ALUMINIO PC 18.50.044;002639;UN;76169900;;GERAL;;;;;7891395028884;
2058845;TIGRE EXTENSOR 1308 5M ALUMINIO 18.50.046;002640;UN;76169900;;GERAL;;;;;7891395062703;
2053049;TIGRE GARFO SUPORTE  UNIVERSAL ;001345;UN;76169900;;GERAL;Acessórios e Ferramentas;;;;7891395033499;TRIBUTADO (CSOSN 102)
2058755;TIGRE KIT 1522 REPARO 7 PECAS 18.50.597;002552;UN;96034010;;GERAL;;;;;7891395036759;NÃO TRIBUTADO (CSOSN 400)
2141112;TIGRE KIT 1541 BASICO PAREDE KIT 18.50.599;002821;UN;96034010;;GERAL;Utilidades;TIGRE;;;7891395038227;NÃO TRIBUTADO (CSOSN 400)
2058846;TIGRE KIT 1576 ANTI-RESPINGO PC 18.50.592;002641;UN;96034010;;GERAL;;;;;9900000000837;
2109461;TIGRE KIT 1582 - 5 PECAS 18.50.507;002730;UN;96034010;;GERAL;Utilidades;TIGRE;;;7891395072276;NÃO TRIBUTADO (CSOSN 400)
2052422;TIGRE LIXA MASSA 180;000718;UN;68052000;;LIXA;;;;;7891395027092;TRIBUTADO (CSOSN 102)
2058827;TIGRE ROLO ANTI-RESPINGO 1374 23CM PC 18.50.516;002622;UN;96034010;;GERAL;;;;;7891395028693;NÃO TRIBUTADO (CSOSN 400)
2132720;TIGRE ROLO ANTI-RESPINGO 1375  9CM PC 18.50.513;002807;QT;96034010;;GERAL;Acessórios e Ferramentas;TIGRE;;;7891395040039;TRIBUTADO (CSOSN 102)
2117314;TIGRE ROLO ANTI-RESPINGO 1376 23CM ECON PC 18.50.517;002779;UN;96034010;;GERAL;Acessórios e Ferramentas;TIGRE;;;7891395041647;TRIBUTADO (CSOSN 102)
2117315;TIGRE ROLO ANTI-RESPINGO 1377 15CM ECON PC 18.50.509;002780;UN;96034010;;GERAL;Acessórios e Ferramentas;TIGRE;;;7891395041630;TRIBUTADO (CSOSN 102)
2117316;TIGRE ROLO DE ESPUMA  5CM 1341 C/C PC 18.50.565;002781;UN;96034010;;GERAL;Acessórios e Ferramentas;TIGRE;;;9900000001377;TRIBUTADO (CSOSN 102)
2132721;TIGRE ROLO DE ESPUMA  9CM 1341 C/C PC 18.50.566;002808;UN;96034010;;GERAL;Acessórios e Ferramentas;TIGRE;;;7891395000064;TRIBUTADO (CSOSN 102)
2072887;TIGRE ROLO DE ESPUMA 15CM 1341 C/C PC 18.50.567;002689;UN;96034010;;GERAL;;TIGRE;;1002000;7891395041562;NÃO TRIBUTADO (CSOSN 400)
2058741;TIGRE ROLO DE ESPUMA 23CM 1330 S/C BCO PC 18.50.555;002538;UN;96034010;;GERAL;;TIGRE;;;7891395000934;
2058742;TIGRE ROLO DE ESPUMA 23CM 1342 S/C AMARE PC 18.50.560;002539;UN;96034010;;GERAL;;TIGRE;;;7891395016287;
2117317;TIGRE ROLO LA NATURAL 05CM 1379 C/C PC 18.50.A32;002782;UN;96034010;;GERAL;Acessórios e Ferramentas;TIGRE;;;7891395047618;TRIBUTADO (CSOSN 102)
2051927;TIGRE ROLO LA 05CM 1366 C/C P/EPOXI;000223;UN;96034010;;GERAL;;;;;7891395032768;NÃO TRIBUTADO (CSOSN 400)
2132722;TIGRE ROLO LA 05CM 1383 C/C PC 18.50.493;002809;UN;96034010;;GERAL;Acessórios e Ferramentas;TIGRE;;;7891395047625;TRIBUTADO (CSOSN 102)
2132723;TIGRE ROLO LA 15CM 1383 C/C PC 18.50.496;002810;UN;96034010;;GERAL;Acessórios e Ferramentas;TIGRE;;;7891395037435;TRIBUTADO (CSOSN 102)
2052078;TIGRE ROLO LA 23CM 1312 SINTETICO;000374;UN;96034010;;GERAL;;;;;7891395002327;NÃO TRIBUTADO (CSOSN 400)
2058828;TIGRE ROLO LA 23CM 1312 SINTETICO PC 18.50.498;002623;UN;96034010;;GERAL;;;;;9900000000806;
2058829;TIGRE ROLO LA 23CM 1380 S/C PC 18.50.518;002624;UN;96034010;;GERAL;;;;;7891395022196;
2058743;TIGRE ROLO LA 23CM 1391 NATURAL PC 18.50.534;002540;UN;96034010;;GERAL;;TIGRE;;;7891395061065;NÃO TRIBUTADO (CSOSN 400)
2058830;TIGRE ROLO LA 23CM 1396 SINTETICA PC 18.50.529;002625;UN;96034010;;GERAL;;;;;7891395037466;
2117318;TIGRE ROLO POLYESTER  4CM 1345 MICRO PC 18.50.570;002783;UN;96034010;;GERAL;Acessórios e Ferramentas;TIGRE;;;7891395001009;TRIBUTADO (CSOSN 102)
2058831;TIGRE ROLO PRO MICROFIBRA 23CM 1338 PC 18.50.505;002626;UN;96034010;;GERAL;;;;;7891395062833;NÃO TRIBUTADO (CSOSN 400)
2084584;TIGRE ROLO TEXTURA BAIXA 1350 S/C AMARE;002710;UN;;;GERAL;;;;;7891395000941;TRIBUTADO (CSOSN 102)
2072866;TIGRE TRINCHA STARTEC 915-2;002672;UN;96034090;;GERAL;;TIGRE;;;7891395072962;TRIBUTADO (CSOSN 102)
2109459;"TIGRE TRINCHA 500  1/2"" PC 18.50.645";002729;UN;96034090;;GERAL;Utilidades;TIGRE;;;7891395003157;NÃO TRIBUTADO (CSOSN 400)
2109455;"TIGRE TRINCHA 500 1 1/2"" PC 18.50.635";002728;UN;96034090;;GERAL;Utilidades;Coral;;;7891395003188;
2132724;"TIGRE TRINCHA 571  1/2"" PC 18.50.790";002811;UN;96034090;;GERAL;Acessórios e Ferramentas;TIGRE;;;7891395003812;TRIBUTADO (CSOSN 102)
2132725;"TIGRE TRINCHA 571  3/4"" PC 18.50.815";002812;UN;96034090;;GERAL;Acessórios e Ferramentas;TIGRE;;;7891395003829;TRIBUTADO (CSOSN 102)
2132726;"TIGRE TRINCHA 571 1 "" PC 18.50.785";002813;UN;96034090;;GERAL;Acessórios e Ferramentas;TIGRE;;;7891395003836;TRIBUTADO (CSOSN 102)
2132727;"TIGRE TRINCHA 571 1 1/2"" PC 18.50.780";002814;UN;96034090;;GERAL;Acessórios e Ferramentas;TIGRE;;;7891395003843;TRIBUTADO (CSOSN 102)
2132728;"TIGRE TRINCHA 571 2 "" PC 18.50.800";002815;UN;96034090;;GERAL;Acessórios e Ferramentas;TIGRE;;;7891395003850;TRIBUTADO (CSOSN 102)
2132729;"TIGRE TRINCHA 571 2 1/2"" PC 18.50.795";002816;UN;96034090;;GERAL;Acessórios e Ferramentas;TIGRE;;;7891395003867;TRIBUTADO (CSOSN 102)
2132730;"TIGRE TRINCHA 573  1/2"" PC 18.50.835";002817;UN;96034090;;GERAL;Acessórios e Ferramentas;TIGRE;;;7891395003997;TRIBUTADO (CSOSN 102)
2132697;"TIGRE TRINCHA 573  3/4"" PC 18.50.860";002794;UN;96034090;;GERAL;Acessórios e Ferramentas;TIGRE;;;7891395004000;TRIBUTADO (CSOSN 102)
2072862;"TIGRE TRINCHA 573 1 "" PC 18.50.830";002668;UN;96034090;;GERAL;;TIGRE;;;7891395004017;NÃO TRIBUTADO (CSOSN 400)
2072863;"TIGRE TRINCHA 573 1 1/2"" PC 18.50.825";002669;UN;96034090;;GERAL;;TIGRE;;;7891395004024;NÃO TRIBUTADO (CSOSN 400)
2132695;"TIGRE TRINCHA 573 2 "" PC 18.50.845";002793;UN;96034090;;GERAL;Acessórios e Ferramentas;TIGRE;;;7891395004031;TRIBUTADO (CSOSN 102)
2132693;"TIGRE TRINCHA 573 2 1/2"" PC 18.50.840";002792;UN;96034090;;GERAL;Acessórios e Ferramentas;TIGRE;;;7891395004048;TRIBUTADO (CSOSN 102)
2132691;"TIGRE TRINCHA 573 3"" PC 18.50.855";002791;UN;96034090;;GERAL;Acessórios e Ferramentas;TIGRE;;;7891395004055;TRIBUTADO (CSOSN 102)
2072864;"TIGRE TRINCHA 573 4"" PC 18.50.865";002670;UN;96034090;;GERAL;;TIGRE;;;7891395004079;NÃO TRIBUTADO (CSOSN 400)
2132689;"TIGRE TRINCHA 728  3/4"" PC 18.50.920";002790;UN;96034090;;GERAL;Acessórios e Ferramentas;Viapol;;;7891395051189;TRIBUTADO (CSOSN 102)
2132688;"TIGRE TRINCHA 728 1 "" PC 18.50.922";002789;UN;96034090;;GERAL;Acessórios e Ferramentas;TIGRE;;;7891395051196;TRIBUTADO (CSOSN 102)
2132686;"TIGRE TRINCHA 728 1 1/2"" PC 18.50.923";002788;UN;96034090;;GERAL;Acessórios e Ferramentas;TIGRE;;;7891395051202;TRIBUTADO (CSOSN 102)
2132684;"TIGRE TRINCHA 728 2 "" PC 18.50.924";002787;UN;96034090;;GERAL;Acessórios e Ferramentas;TIGRE;;;7891395051219;TRIBUTADO (CSOSN 102)
2132683;"TIGRE TRINCHA 728 2 1/2"" PC 18.50.925";002786;UN;96034090;;GERAL;Acessórios e Ferramentas;TIGRE;;;7891395051226;TRIBUTADO (CSOSN 102)
2132682;"TIGRE TRINCHA 728 3"" PC 18.50.926";002785;UN;96034090;;FITA;Acessórios e Ferramentas;Coral;;;7891395051233;TRIBUTADO (CSOSN 102)
2072865;TIGRE TRINCHA 919 2 SINTETICO PRETO PC 18.50.A69;002671;UN;96034090;;GERAL;;TIGRE;;;7891395070562;NÃO TRIBUTADO (CSOSN 400)
2051708;TINTAS SUPER CASA FUNDO PREPA. BARRICA 16 LTS;000004;UN;32091010;;COMPLEMENTO;;;;;7893410001483;NÃO TRIBUTADO (CSOSN 400)
2053632;TINTAS SUPER CASA MASSA ACRILICA 25KG;001928;LA;32141020;;COMPLEMENTO;;;;;7893410000714;TRIBUTADO (CSOSN 102)
2051707;TINTAS SUPER CASA SELADORA ACR BARRICA 15 L;000003;UN;32091010;;COMPLEMENTO;;;;;7893410000127;NÃO TRIBUTADO (CSOSN 400)
2054683;"""TRINCHA TIGRE 695 2"""" GRIS LATEX/ACRILICA""";002491;UN;96034090;;GERAL;;TIGRE;;;7891395061607;
2054684;"""TRINCHA TIGRE 695 2.1/2"""" GRIS LATEX/ACRILICA""";002492;UN;96034090;;GERAL;;TIGRE;;;7891395061614;NÃO TRIBUTADO (CSOSN 400)
2054685;"""TRINCHA TIGRE 695 3"""" GRIS LATEX/ACRILICA""";002493;UN;96034090;;GERAL;;TIGRE;;;7891395061621;
2058675;"TRINCHA TIGRE 696 MEDIA 1.1/2"" BCA. VERNIZ/STAIN";002499;UN;96034090;;GERAL;;;;;7891395061874;NÃO TRIBUTADO (CSOSN 400)
2054056;V - VERMELHO INT;002352;UN;32041600;;CORANTE;;;;;SEM GTIN;NÃO TRIBUTADO (CSOSN 400)
2052045;VERNIZ SPARLACK CET CLASSIC BAL BR 3,6L - CANELA - CORAL;000341;GL;32089029;;VERNIZ;;;;;SEM GTIN;NÃO TRIBUTADO (CSOSN 400)
2052048;VERNIZ SPARLACK CET CLASSIC BR 0,9L - MOGNO CORAL;000344;QT;32089029;;VERNIZ;;;;;SEM GTIN;NÃO TRIBUTADO (CSOSN 400)
2052041;VERNIZ SPARLACK CET DECK S B  3,6L NATURAL - CORAL;000337;GL;32091020;;VERNIZ;;;;;7891574054147;NÃO TRIBUTADO (CSOSN 400)
2052044;VERNIZ SPARLACK CET STAIN BALANCE AC 3,6L - CORAL;000340;GL;32091020;;VERNIZ;;;;;7891019171187;NÃO TRIBUTADO (CSOSN 400)
2052374;VERNIZ SPARLACK CETOL CLASSIC AC 0,9L - MOGNO - CORAL;000670;QT;32089029;;VERNIZ;;;;;7891574012642;NÃO TRIBUTADO (CSOSN 400)
2052376;VERNIZ SPARLACK CETOL CLASSIC AC 3,6L - CANELA - CORAL;000672;GL;32089029;;VERNIZ;;;;;SEM GTIN;NÃO TRIBUTADO (CSOSN 400)
2052330;VERNIZ SPARLACK CETOL CLASSIC AC 3,6L - IMBUIA - CORAL;000626;GL;32089029;;VERNIZ;;;;;SEM GTIN;NÃO TRIBUTADO (CSOSN 400)
2052335;VERNIZ SPARLACK CETOL CLASSIC AC 3,6L - MOGNO - CORAL;000631;GL;32089029;;VERNIZ;;;;;SEM GTIN;NÃO TRIBUTADO (CSOSN 400)
2052182;VERNIZ SPARLACK CETOL CLASSIC BR 0,9L - IMBUIA - CORAL;000478;QT;32089029;;VERNIZ;;;;;SEM GTIN;NÃO TRIBUTADO (CSOSN 400)
2052334;VERNIZ SPARLACK CETOL CLASSIC BR 3,6L - IMBUIA - CORAL;000630;GL;32089029;;VERNIZ;;;;;SEM GTIN;NÃO TRIBUTADO (CSOSN 400)
2052326;VERNIZ SPARLACK CETOL STAIN  3,6L - CORAL;000622;GL;32091020;;STAIN;;;;;7891574012574;NÃO TRIBUTADO (CSOSN 400)
2052051;VERNIZ SPARLACK CETOL STAIN BALANCE AC  UV GLASS 0,9L - CORAL;000347;QT;32091020;;VERNIZ;;;;;7891019918454;NÃO TRIBUTADO (CSOSN 400)
2052046;VERNIZ SPARLACK CETOL STAIN BALANCE AC 0,9L - CORAL;000342;QT;32091020;;VERNIZ;;;;;SEM GTIN;NÃO TRIBUTADO (CSOSN 400)
2052367;VIAMANTA 10X4MM ROLO;000663;UN;27150000;;GERAL;;;;;SEM GTIN;NÃO TRIBUTADO (CSOSN 400)
2052943;VIAPOL MASSA F.12 BRANCA 0,400 KG;001239;UN;32141020;;COMPLEMENTO;;;;;7898055524847;TRIBUTADO (CSOSN 102)
2051958;VIAPOL MASSA F.12 CASTANHO 0,400KG;000254;UN;32141020;;GERAL;;;;;7898055525646;TRIBUTADO (CSOSN 102)
2051959;VIAPOL MASSA F.12 CEREJEIRA 0,400KG;000255;UN;32141020;;GERAL;;;;;7898055524922;TRIBUTADO (CSOSN 102)
2051960;VIAPOL MASSA F.12 CUMARU 0,400KG;000256;UN;32141020;;GERAL;;;;;7898055525981;TRIBUTADO (CSOSN 102)
2053251;VIAPOL MASSA F.12 IMBUIA 0,400KG;001547;UN;32141020;;COMPLEMENTO;;;;;7898055524854;TRIBUTADO (CSOSN 102)
2051961;VIAPOL MASSA F.12 IPE 0,400KG;000257;UN;32141020;;GERAL;;;;;7898055524861;TRIBUTADO (CSOSN 102)
2051962;VIAPOL MASSA F.12 JATOBA 0,400KG;000258;UN;32141020;;GERAL;;;;;7898055524878;TRIBUTADO (CSOSN 102)
2051820;VIAPOL MASSA F.12 MARFIM 0,400KG;000116;UN;32141020;;GERAL;;;;;7898055524823;TRIBUTADO (CSOSN 102)
2051963;VIAPOL MASSA F.12 SUCUPIRA 0,400KG;000259;UN;32141020;;GERAL;Complementos e Preparação;;;;7898055525660;TRIBUTADO (CSOSN 102)
2052999;VIAPOL VIAPLUS 1000 CX 18 KG;001295;kg;32149000;;COMPLEMENTO;;;;;7898055521723;NÃO TRIBUTADO (CSOSN 400)
2053000;VIAPOL VIAPLUS 5000 CX 18 KG;001296;kg;32149000;;COMPLEMENTO;;;;;7898055523574;NÃO TRIBUTADO (CSOSN 400)
2052368;VIAPOL VIAPLUS 7000 CX 18 KG;000664;UN;32149000;;GERAL;;;;;7898055528906;TRIBUTADO (CSOSN 102)
2053253;WD 40 LUBRIFICANTE SPRAY 300ML - THERON;001549;UN;34031900;;GERAL;Utilidades;;;;7898193140435;NÃO TRIBUTADO (CSOSN 400)
2052983;XADREZ  AZUL  50ML ;001279;QT;32099019;;CORANTE;Utilidades;Sherwin Williams;;;7891323075201;NÃO TRIBUTADO (CSOSN 400)
2052986;XADREZ  BRANCO  50ML ;001282;QT;32099019;;CORANTE;Utilidades;Sherwin Williams;;;7891323113064;NÃO TRIBUTADO (CSOSN 400)
2052987;XADREZ  MARROM  50ML;001283;QT;32099019;;CORANTE;Utilidades;Sherwin Williams;;;7891323075249;NÃO TRIBUTADO (CSOSN 400)
2052984;XADREZ  VIOLETA  50ML ;001280;QT;32099019;;CORANTE;Utilidades;Sherwin Williams;;;7891323075294;NÃO TRIBUTADO (CSOSN 400)
2052980;XADREZ AMARELO - 50ML ;001276;QT;32099019;;CORANTE;Utilidades;Sherwin Williams;;;7891323075195;NÃO TRIBUTADO (CSOSN 400)
2052988;XADREZ OCRE 50ML ;001284;QT;32099019;;CORANTE;Utilidades;Sherwin Williams;;;7891323075232;NÃO TRIBUTADO (CSOSN 400)
2052985;XADREZ PRETO  50ML ;001281;QT;32099019;;CORANTE;Utilidades;Sherwin Williams;;;7891323075256;NÃO TRIBUTADO (CSOSN 400)
2052979;XADREZ VERDE 50ML;001275;QT;32099019;;CORANTE;Utilidades;Sherwin Williams;;;7891323075270;NÃO TRIBUTADO (CSOSN 400)
2052982;XADREZ VERMELHO 50ML ;001278;QT;32099019;;CORANTE;Utilidades;Sherwin Williams;;;7891323075287;NÃO TRIBUTADO (CSOSN 400)
2054055;Z - MARROM UMBRIA;002351;UN;32041600;;CORANTE;;;;;7730149472583;NÃO TRIBUTADO (CSOSN 400)
