   ;Produto;Código;Cód Barras;Situação;Preço de Venda; 
;ABRAC NYLON BCA 2,5X200 EDA UNIDADE;001047;SEM GTIN;Inativo;1,0000; por UN
;ABRAC NYLON BCA 2,5X200 EDA 100P;001046;SEM GTIN;Inativo;1,0000; por UN
;ABRAC NYLON BCA 3,6X300 EDA UNIDADE;001049;SEM GTIN;Inativo;1,0000; por UN
;ABRAC NYLON BCA 3,6X300 EDA 100P;001048;7895315016227;Inativo;1,0000; por UN
;ABRAC NYLON BCA 4,8X400 BRASFORT 100P;001050;7898094336401;Inativo;1,0000; por UN
;ABRAC RSF INCA ME 9MM C 5/8X3/4 (16X19) UNIDADE;001151;7893537012003;Inativo;1,0000; por UN
;ABRE TRINCA ATLAS;000299;SEM GTIN;Ativo;1,0000; por UN
;ACO CORTEN ( NOVO );000753;7899698403391;Inativo;1,0000; por UN
;ACO CORTEN KIT;001630;SEM GTIN;Inativo;1,0000; por QT
;ACR SEMI BRILHO BRANCO 18L GLO;000336;SEM GTIN;Inativo;1,0000; por LA
;ACR SUPER LAVAVEL PREMIUM 18L - BRANCO - CORAL;000325;SEM GTIN;Inativo;478,9000; por UN
;ACR SUPER LAVAVEL PREMIUM 3,6L - BRANCO - CORAL;000617;7891019908226;Inativo;159,9900; por GL
;ADELBRAS FITA CREPE AUTO AMARELA 765 48MM X 40M 15.33.017;002752;7896603804915;Ativo;22,9900; por UN
;ADELBRAS FITA CREPE AZUL 722 48 X 50 M;001566;7896603804250;Ativo;41,9900; por UN
;ADELBRAS FITA CREPE MASK 18 X 50 M;001904;7896603846267;Ativo;5,9900; por UN
;ADELBRAS FITA CREPE MASK 24 X 50 M;000687;7896603802515;Ativo;7,9900; por UN
;ADELBRAS FITA CREPE MASK 48 X 50 M;001298;7896603879067;Ativo;16,4000; por UN
;ADELBRAS FITA EMBALAGEM 48X 40M MARROM REF. 0005;000074;7896603803802;Inativo;1,0000; por UN
;ADELBRAS FITA EMBALAGEM 48X 40M TRANSP. REF. 0018;000075;7896603803796;Inativo;1,0000; por UN
;ADELBRAS FITA EMBALAGEM 48X100M TRANSP. REF. 0520;000007;7896603804731;Inativo;1,0000; por UN
;ADELBRAS FITA SILVER TAPE PRATA 48 X 10 M;001884;7896603899911;Ativo;26,7800; por UN
;ADELBRAS FITA SILVER TAPE PRETA 48 X 10 M;001885;7896603850233;Ativo;26,9900; por UN
;ADESIVO ESTRUTURANTE COMPOUND 1KG;001069;SEM GTIN;Inativo;1,0000; por UN
;ADESIVO REFORCADO P/ LAMINACAO 800G - MAXIRUBBER ( NOVO );001289;7898031548805;Ativo;45,3200; por QT
;ALICATE UNIVERSAL 8 CABO BICOLOR;001129;7895315010324;Inativo;1,0000; por UN
;ANJO ACR PREM. TOQUE DE PETALAS BRANCO AC 18 LTS;001731;7899027797658;Inativo;1,0000; por UN
;ANJO ACR. PREM. TOQUE DE PETALAS BRANCO AC 3,6 GL;001732;7899027797665;Inativo;1,0000; por UN
;ANJO AGUARRAS MINERAL 18 L;001861;7898025460380;Inativo;1,0000; por UN
;ANJO AGUARRAS MINERAL 450 ML;001759;7898530461186;Ativo;13,5900; por UN
;ANJO AGUARRAS MINERAL 5 L;001761;7898025460373;Ativo;95,6900; por UN
;ANJO AGUARRAS MINERAL 900 ML;001760;7898025460366;Ativo;20,0000; por UN
;ANJO BATIDA DE PEDRA BRANCO;002077;7899917127985;Inativo;1,0000; por UN
;ANJO CATA. WASH PRIMER 2:1/ PRETO FOSCO VINILICO 1,2 L;001748;7899027740722;Inativo;1,0000; por UN
;ANJO CATALISADOR EPOXI PDA - COMPONENTE B 900 ML;001734;7899917136062;Inativo;1,0000; por UN
;ANJO CATALISADOR P/ PU E VERNIZ CARBON HS CT0117 450 ML;001995;7899917126162;Inativo;1,0000; por UN
;ANJO CATALISADOR P/ VERNIZ PU CARBON MS CT0120 150 ML;001996;7899917128531;Inativo;1,0000; por UN
;ANJO CATALISADOR PARA PRIMER PU REVOLUTION GT500 150ML;001811;7899917154387;Inativo;1,0000; por UN
;ANJO CATALISADOR WASH PRIMER 2/1 PRETO FOSCO VINILICO 300 ML;001750;7899027739610;Inativo;1,0000; por UN
;ANJO CIMENTO QUEIMADO CINZA CONCRETO 4,1KG;001767;7899917154622;Inativo;1,0000; por UN
;ANJO CIMENTO QUEIMADO CINZA URBANO 4,1KG;001768;7899917154608;Inativo;1,0000; por UN
;ANJO CIMENTO QUEIMADO GRAFITE ALVENARIA 4,1KG;001769;7899917154646;Inativo;1,0000; por UN
;ANJO COLA PLASTICA ESPECIAL BRANCA 400 GR;001960;7899917134389;Inativo;1,0000; por UN
;ANJO COLA PLASTICA ESPECIAL CINZA 400 GR;001961;7899917134365;Inativo;1,0000; por UN
;ANJO COLA PLASTICA SPEED LIGHT 495 GR;001990;7899917137465;Inativo;1,0000; por UN
;ANJO DEMARCACAO BRANCO 18 LTS;002064;SEM GTIN;Inativo;1,0000; por UN
;ANJO DEMARCACAO CINZA CLARO 18 LTS;002065;SEM GTIN;Inativo;1,0000; por UN
;ANJO DESENGRAXANTE 900 ML;001981;7899027701518;Inativo;1,0000; por UN
;ANJO DILUENTE P/ SELA MADEIRAS 5 LTS;001590;7899917155780;Ativo;260,9900; por UN
;ANJO DILUENTE P/ SELA MADEIRAS 900 ML;001589;7899917155742;Ativo;54,9900; por UN
;ANJO DILUENTE P/ VERNIZES AMAZONIA 5 LTS;001592;7899917155711;Ativo;107,7900; por UN
;ANJO DILUENTE P/ VERNIZES AMAZONIA 900 ML;001591;7899917155698;Ativo;21,3000; por UN
;ANJO EFEITO DECORATIVO - MARMORE 3,9KG;001770;7899917154585;Inativo;1,0000; por UN
;ANJO EMBORRACHADA BRANCA FOSCA 18L;001689;7898025461615;Inativo;1,0000; por UN
;ANJO EMBORRACHADA BRANCA FOSCA 3,6 L;001690;7898025461608;Inativo;1,0000; por UN
;ANJO EMBORRACHADA CINZA CLARO FOSCA 18 L;001922;7898025464630;Inativo;1,0000; por UN
;ANJO EMBORRACHADA CINZA ESCURO FOSCA 18 L;001923;7898025461691;Inativo;1,0000; por UN
;ANJO ESM. BASE AGUA ACQUA BRANCO AC 3,6 GL;001763;7898530467300;Inativo;1,0000; por UN
;ANJO ESM. BASE AGUA ACQUA BRANCO AC 900 L;001762;7899027700252;Inativo;1,0000; por QT
;ANJO ESM. BASE AGUA ACQUA BRANCO BR 3,6 GL;001764;7898530462039;Inativo;1,0000; por UN
;ANJO ESM. BASE AGUA ACQUA BRANCO BR 900 ML;001765;7898530462015;Inativo;1,0000; por QT
;ANJO ESM. BASE AGUA ACQUA PLATINA BR 3,6 GL;001771;7898530463005;Inativo;1,0000; por UN
;ANJO ESM. BASE AGUA ACQUA PLATINA BR 900 ML;001766;7898530462985;Inativo;1,0000; por QT
;ANJO ESM. EPOXI PDA CLASSICO CINZA N6,5 3:1 BR 2,7L;001733;7899917135607;Inativo;1,0000; por UN
;ANJO ESM. PRM FLUENCE BRANCO AC 3,6 GL;001713;7899027700979;Inativo;1,0000; por UN
;ANJO ESM. PRM FLUENCE BRANCO AC 900 ML;001714;7899027700962;Inativo;1,0000; por QT
;ANJO ESM. PRM FLUENCE BRANCO FO 3,6 L;001711;7899027701273;Inativo;1,0000; por UN
;ANJO ESM. PRM FLUENCE BRANCO FO 900 ML;001712;7899027701266;Inativo;1,0000; por QT
;ANJO ESM. PRM. FLUENCE PRETO BR 3,6 GL;001704;7899027700405;Inativo;1,0000; por UN
;ANJO ESM. PRM FLUENCE PRETO BR. 900 ML;001705;7899027700399;Inativo;1,0000; por QT
;ANJO ESM. PRM. FLUENCE PRETO FOSCO 3,6 L;001702;7899027701242;Inativo;1,0000; por UN
;ANJO ESM. PRM FLUENCE PRETO FOSCO 900 ML;001703;7899027701235;Inativo;1,0000; por QT
;ANJO ESM SINT ER/PLUS AMARELO SEGURANCA MUNSELL 5Y 8/12 BR 3,6 LT;002030;7899027733755;Inativo;1,0000; por UN
;ANJO ESM SINT ER/PLUS BRANCO PURO BR 3,6 LT;002009;7899027712446;Inativo;1,0000; por UN
;ANJO ESM SINT ER/PLUS BRANCO PURO BR 900 ML;002010;7899027712453;Inativo;1,0000; por QT
;ANJO ESM SINT ER/PLUS BRANCO SUPER WHITE BR 3,6 LT;002007;7899917143282;Inativo;1,0000; por UN
;ANJO ESM SINT ER/PLUS BRANCO SUPER WHITE BR 900 ML;002008;7899917143268;Inativo;1,0000; por QT
;ANJO ESM SINT ER/PLUS CINZA SCANIA 94 BR 3,6 LT;002005;7899027712590;Inativo;1,0000; por UN
;ANJO ESM SINT ER/PLUS CINZA SCANIA 94 BR 900 ML;002006;7899027712606;Inativo;1,0000; por QT
;ANJO ESM SINT ER/PLUS MUNSELL N6,5 CINZA BR 3,6 LT;002003;7899027720526;Inativo;1,0000; por UN
;ANJO ESM SINT ER/PLUS MUNSELL N6,5 CINZA BR 900 ML;002004;7899027720519;Inativo;1,0000; por QT
;ANJO ESM SINT ER/PLUS PRETO CADILAC BR 3,6 LT;002002;7899027712682;Inativo;1,0000; por UN
;ANJO ESM SINT ER/PLUS PRETO CADILAC BR 900 ML;002001;7899027712699;Inativo;1,0000; por QT
;ANJO ESM SINT ER/PLUS PRETO CHASSIS SEMI-BRILHO 3,6 LT;001999;7899027712712;Inativo;1,0000; por UN
;ANJO ESM SINT ER/PLUS PRETO CHASSIS SEMI-BRILHO 900 ML;002000;7899027712729;Inativo;1,0000; por QT
;ANJO ESM. STD TOM PLUS BRANCO BR 3,6 GL;001715;7899027785242;Inativo;1,0000; por UN
;ANJO ESM. STD TOM PLUS BRANCO BR 900 ML;001716;7899027785778;Inativo;1,0000; por QT
;ANJO ESM. STD TOM PLUS CINZA ESCURO BR 3,6 GL;001717;7899027791953;Inativo;1,0000; por UN
;ANJO ESM. STD TOM PLUS CINZA ESCURO BR 900 ML;001718;7899027792172;Inativo;1,0000; por QT
;ANJO ESM. STD TOM PLUS CINZA MEDIO BR 3,6 GL;001719;7899027786294;Inativo;1,0000; por UN
;ANJO ESM. STD TOM PLUS CINZA MEDIO BR 900 ML;001720;7899027786072;Inativo;1,0000; por QT
;ANJO ESM. STD TOM PLUS GELO BR 3,6 GL;001729;7899027786270;Inativo;1,0000; por UN
;ANJO ESM. STD TOM PLUS GELO BR 900 ML;001730;7899027786058;Inativo;1,0000; por QT
;ANJO ESM. STD TOM PLUS MARFIM BR 3,6 GL;001727;7899027786232;Inativo;1,0000; por UN
;ANJO ESM. STD TOM PLUS MARFIM BR 900 ML;001728;7899027786447;Inativo;1,0000; por QT
;ANJO ESM. STD TOM PLUS MARROM CONHAQUE BR 3,6 GL;001723;7899027786218;Inativo;1,0000; por UN
;ANJO ESM. STD TOM PLUS MARROM CONHAQUE BR 900 ML;001724;7899027786010;Inativo;1,0000; por QT
;ANJO ESM. STD TOM PLUS MARROM TABACO BR 3,6 GL;001725;7899027791939;Inativo;1,0000; por UN
;ANJO ESM. STD TOM PLUS MARROM TABACO BR 900 ML;001726;7899027792134;Inativo;1,0000; por QT
;ANJO ESM. STD TOM PLUS PLATINA BR 3,6 GL;001721;7899027786195;Inativo;1,0000; por UN
;ANJO ESM. STD TOM PLUS PLATINA BR 900 ML;001722;7899027785990;Inativo;1,0000; por QT
;ANJO ESM. STD TOM PLUS PRETO BR 3,6 L;001706;7899027786133;Inativo;1,0000; por UN
;ANJO ESM. STD TOM PLUS PRETO BR 900 ML;001710;7899027785839;Inativo;1,0000; por QT
;ANJO FOSCO TOTAL BRANCO 18 LT;001900;7899027713849;Inativo;1,0000; por UN
;ANJO FOSCO TOTAL BRANCO 3,6 LT;001901;7899027714051;Inativo;1,0000; por UN
;ANJO FUNDO NIVELADOR BRANCO 3,6 GL;001737;7899027701426;Inativo;1,0000; por UN
;ANJO FUNDO NIVELADOR BRANCO 900 ML;001738;7899027701402;Inativo;1,0000; por QT
;ANJO FUNDO PREPARADOR PAREDE 18 LT;001707;7898025469956;Inativo;1,0000; por UN
;ANJO FUNDO PREPARADOR PAREDE 3,6 LT;001708;7898025465699;Inativo;1,0000; por UN
;ANJO GALVPRO 3,6 GL;001739;7899917147365;Inativo;1,0000; por UN
;ANJO GALVPRO 900 ML;001740;7899917147341;Inativo;1,0000; por QT
;ANJO IMPERMEAB. EMBORRACHADO P/ PAREDE 18 KG BALDE;001814;7899917138646;Inativo;1,0000; por UN
;ANJO MAIS ACR. PRE. BRANCO FOSCA 18 LT;001686;7898530467539;Ativo;429,9900; por LA
;ANJO MAIS ACR. PRE. BRANCO FOSCA 3,6 LT;001687;7898530467515;Ativo;164,9900; por GL
;ANJO MAIS ACR. PRE. GELO FOSCA 3,6 LT;001956;7898530468031;Inativo;1,0000; por UN
;ANJO MAIS ACR. PRE. LINHO EGIPCIO FOSCA 3,6 LT;001955;7898530465221;Inativo;1,0000; por UN
;ANJO MAIS PRE. ERVA DOCE FOSCA 18 LT;001898;7898530468970;Inativo;1,0000; por UN
;ANJO MAIS PRE. GELO FOSCA 18 LT;001893;7898530468055;Inativo;1,0000; por UN
;ANJO MAIS PRE. LINHO EGIPCIO FOSCA 18 LT;001897;7898530465245;Inativo;1,0000; por UN
;ANJO MAIS PRE. PRATA FOSCA 18 LT;001896;7899917136819;Inativo;1,0000; por UN
;ANJO MAIS PRE. TANGERINA FOSCA 18 LT;001895;7898530468444;Inativo;1,0000; por UN
;ANJO MAIS PRE. TERRACOTA FOSCA 18 LT;001894;7898530469038;Inativo;1,0000; por UN
;ANJO MANTA LIQUIDA EMBORRACHADA 12 KG;001812;7899917138158;Inativo;1,0000; por UN
;ANJO MASSA ACRILICA 1,4 KG;000044;7899917147211;Inativo;1,0000; por QT
;ANJO MASSA ACRILICA 23 KG;001736;7899917147242;Inativo;1,0000; por UN
;ANJO MASSA ACRILICA 6 KG;000043;7898530466426;Inativo;1,0000; por GL
;ANJO MASSA CORRIDA GL 6 KG;001852;7898530466457;Inativo;1,0000; por UN
;ANJO MASSA CORRIDA 1,4 KG;001957;7899917147198;Inativo;1,0000; por QT
;ANJO MASSA CORRIDA 23 KG;001735;7899917147235;Inativo;1,0000; por UN
;ANJO MASSA P/ PEQUENOS REPAROS 200 GR;001991;7899917138974;Inativo;1,0000; por UN
;ANJO MASSA POLIESTER OCTANO FV FIBRA DE VIDRO 750 GR;001998;7899917138219;Inativo;1,0000; por UN
;ANJO MASSA POLIESTER REVOLUTION GT5000 750G;002067;7899917157197;Inativo;1,0000; por UN
;ANJO MASSA POLIESTER REVOLUTION 1KG;002068;7899917146443;Inativo;1,0000; por UN
;ANJO METALSHIELD BRANCO BR 2,4L;001743;7899917138318;Inativo;1,0000; por UN
;ANJO METALSHIELD CINZA BR 2,4L;001744;7899917138394;Inativo;1,0000; por UN
;ANJO METALSHIELD PRETO BR 2,4L;001745;7899917138431;Inativo;1,0000; por UN
;ANJO PINTA DECK NAT. SEMIBRILHO 900 ML;001604;7899917156107;Ativo;59,9900; por QT
;ANJO PINTA DECK NATURAL SEMIBRILHO 3,6 LTS;001616;7899917153410;Ativo;226,4900; por GL
;ANJO PISO BLINDADO BRANCO PU POLIDO 10 LT;001967;7899917151232;Inativo;1,0000; por UN
;ANJO PISO BLINDADO CINZA N6,5 PU POLIDO 10L;001878;7899917151249;Inativo;1,0000; por UN
;ANJO PISO BLINDADO COMPONENTE B 2,5L;001879;7899917151287;Inativo;1,0000; por UN
;ANJO PISO BLINDADO COMPONENTE B 400 ML;001699;7899917151195;Inativo;1,0000; por UN
;ANJO PISO BLINDADO GRAF. VERNIZ PU ANTIDERRAPANTE 2,4 LT;001965;7899917153632;Inativo;1,0000; por UN
;ANJO PISO BLINDADO GRAFENO AMARELO DEMA. BASE AGUA 16L;001857;7899917150730;Inativo;1,0000; por UN
;ANJO PISO BLINDADO GRAFENO AMARELO DEMA. BASE AGUA 3,6L;001858;7899917150716;Inativo;1,0000; por UN
;ANJO PISO BLINDADO GRAFENO AZUL BASE AGUA 16L;001855;7899917150761;Inativo;1,0000; por UN
;ANJO PISO BLINDADO GRAFENO AZUL BASE AGUA 3,6L;001963;7899917150747;Inativo;1,0000; por UN
;ANJO PISO BLINDADO GRAFENO BRANCO AGUA 16 LT;001985;7899917150679;Inativo;1,0000; por UN
;ANJO PISO BLINDADO GRAFENO BRANCO BASE AGUA 3,6L;001856;7899917150655;Inativo;1,0000; por UN
;ANJO PISO BLINDADO GRAFENO BRANCO PU POLIDO 2,4L;001698;7899917151126;Inativo;1,0000; por UN
;ANJO PISO BLINDADO GRAFENO CINZA CHUMBO BASE AGUA 16L;001692;7899917150822;Inativo;1,0000; por UN
;ANJO PISO BLINDADO GRAFENO CINZA CHUMBO BASE AGUA 3,6L;001693;7899917150808;Inativo;1,0000; por UN
;ANJO PISO BLINDADO GRAFENO CINZA CLARO BASE AGUA 16L;001694;7899917150853;Inativo;1,0000; por UN
;ANJO PISO BLINDADO GRAFENO CINZA CLARO BASE AGUA 3,6L;001695;7899917150839;Inativo;1,0000; por UN
;ANJO PISO BLINDADO GRAFENO CINZA N6,5 PU POLIDO 2,4L;001701;7899917151140;Inativo;1,0000; por UN
;ANJO PISO BLINDADO GRAFENO CONCRETO BASE AGUA 16L;001696;7899917150792;Inativo;1,0000; por UN
;ANJO PISO BLINDADO GRAFENO CONCRETO BASE AGUA 3,6L;001697;7899917150778;Inativo;1,0000; por UN
;ANJO PISO BLINDADO GRAFENO MARROM BASE AGUA 3,6L;001930;7899917150860;Inativo;1,0000; por UN
;ANJO PISO BLINDADO GRAFENO PRETO BASE AGUA 16L;001929;7899917150914;Inativo;1,0000; por UN
;ANJO PISO BLINDADO GRAFENO PRETO BASE AGUA 3,6L;001853;7899917150891;Inativo;1,0000; por UN
;ANJO PISO BLINDADO GRAFENO VERDE BASE AGUA 16L;001859;7899917151034;Inativo;1,0000; por UN
;ANJO PISO BLINDADO GRAFENO VERDE BASE AGUA 3,6L;001964;7899917151010;Inativo;1,0000; por UN
;ANJO PISO BLINDADO GRAFENO VERMELHO SEG. BASE AGUA 16L;001854;7899917151003;Inativo;1,0000; por UN
;ANJO PISO BLINDADO GRAFENO VERMELHO SEG. BASE AGUA 3,6L;001962;7899917150983;Inativo;1,0000; por UN
;ANJO PISO BLINDADO GRAFENO VERNIZ PU POLIDO 2,4L;001700;7899917151263;Inativo;1,0000; por UN
;ANJO PRIMER EPOXI PDA CLASSICO CINZA CLARO FSC 3:1 2,7 LT;002031;7899917136086;Inativo;1,0000; por UN
;ANJO QUEROSENE 900 ML;001980;7898025465248;Inativo;22,3800; por UN
;ANJO REMOVEDOR PASTOSO 1KG;001746;7899917128104;Inativo;28,0100; por UN
;ANJO REMOVEDOR PASTOSO 3,6 KG;001747;7899027702294;Inativo;93,0200; por UN
;ANJO RESINA BASE AGUA INCOLOR BR 3,6 LTS;000045;7899917143930;Inativo;1,0000; por GL
;ANJO RESINA MULTIUSO BASE SOLVENTE INCOLOR BRILHANTE 3,6 LT;002070;7898025460892;Inativo;1,0000; por UN
;ANJO SELADOR ACRILICO PIGMENTADO 18 LT BALDE;001709;7899917137335;Inativo;1,0000; por UN
;ANJO SELADOR ACRILICO PIGMENTADO 3,6 GL;001691;7898025465675;Inativo;1,0000; por UN
;ANJO SELADOR EPOXI 1:1 3,6L;001662;7899917136147;Inativo;1,0000; por UN
;ANJO SELADOR PARA PLASTICO 450 ML;001997;7899917148775;Inativo;1,0000; por UN
;ANJO SELADORA P/ MADEIRAS. 3,6 LTS;001617;7899917155834;Inativo;1,0000; por UN
;ANJO SELADORA P/ MADEIRAS 900 ML;001600;7899917155810;Inativo;1,0000; por UN
;ANJO SPRAY ALTA TEMPERATURA ALUMINIO 400 ML;002032;7899917152574;Inativo;1,0000; por UN
;ANJO SPRAY ALTA TEMPERATURA BRANCO FSC 400 ML;002033;7899917152598;Inativo;1,0000; por UN
;ANJO SPRAY ALTA TEMPERATURA PRETO FSC 400 ML;002034;7899917152611;Inativo;1,0000; por UN
;ANJO SPRAY LUMINOSA AMARELO 400 ML;002035;7899917152635;Inativo;1,0000; por UN
;ANJO SPRAY LUMINOSA LARANJA 400 ML;002036;7899917152659;Inativo;1,0000; por UN
;ANJO SPRAY LUMINOSA PINK 400 ML;002037;7899917152673;Inativo;1,0000; por UN
;ANJO SPRAY LUMINOSA VERDE 400 ML;002038;7899917152390;Inativo;1,0000; por UN
;ANJO SPRAY METALICA ALUMINIO PARA RODAS 400 ML;002040;7899917152192;Ativo;20,0000; por UN
;ANJO SPRAY METALICA ALUMINIO 400 ML;002039;7899917152772;Inativo;1,0000; por UN
;ANJO SPRAY METALICA CROMADO 400 ML;002041;7899917152413;Inativo;1,0000; por UN
;ANJO SPRAY METALICA DOURADA 400 ML;002042;7899917152710;Inativo;1,0000; por UN
;ANJO SPRAY METALICA OURO 400 ML;002043;7899917152734;Inativo;1,0000; por UN
;ANJO SPRAY METALICA PRATA 400 ML;002044;7899917152758;Inativo;1,0000; por UN
;ANJO SPRAY USO GERAL AMARELO 400 ML;002045;7899917152215;Ativo;22,0000; por UN
;ANJO SPRAY USO GERAL AZUL CLARO 400 ML;002046;7899917152239;Ativo;22,0000; por UN
;ANJO SPRAY USO GERAL AZUL ESCURO 400 ML;002047;7899917152253;Ativo;22,0000; por UN
;ANJO SPRAY USO GERAL BRANCO BRTE 400 ML;002048;7899917152352;Ativo;22,0000; por UN
;ANJO SPRAY USO GERAL BRANCO FSC 400 ML;002049;7899917152437;Ativo;22,0000; por UN
;ANJO SPRAY USO GERAL CINZA CLARO 400 ML;002050;7899917152451;Ativo;22,0000; por UN
;ANJO SPRAY USO GERAL CINZA ESCURO 400 ML;002051;7899917152475;Ativo;22,0000; por UN
;ANJO SPRAY USO GERAL FUNDO BRANCO PRIMER 400 ML;002062;7899917152697;Ativo;22,0000; por UN
;ANJO SPRAY USO GERAL FUNDO PREP. CINZA 400 ML;002052;7899917152277;Ativo;22,0000; por UN
;ANJO SPRAY USO GERAL GRAFITE 400 ML;002053;7899917152499;Ativo;22,0000; por UN
;ANJO SPRAY USO GERAL LARANJA 400 ML;002054;7899917152819;Ativo;22,0000; por UN
;ANJO SPRAY USO GERAL MARROM 400 ML;002055;7899917152512;Ativo;22,0000; por UN
;ANJO SPRAY USO GERAL PRETO BRILHANTE 400 ML;002071;7899917152291;Ativo;22,0000; por UN
;ANJO SPRAY USO GERAL PRETO FSC 400 ML;002056;7899917152536;Ativo;22,0000; por UN
;ANJO SPRAY USO GERAL PRETO SEMI BRILHO 400 ML;002057;7899917152314;Ativo;22,0000; por UN
;ANJO SPRAY USO GERAL ROSA 400 ML;002058;7899917152338;Ativo;22,0000; por UN
;ANJO SPRAY USO GERAL VERDE ESCURO 400 ML;002059;7899917152833;Ativo;22,0000; por UN
;ANJO SPRAY USO GERAL VERMELHO BR 400 ML;002060;7899917152376;Ativo;22,0000; por UN
;ANJO SPRAY USO GERAL VERMELHO FSC 400ML;002063;7899917152857;Ativo;22,0000; por UN
;ANJO SPRAY USO GERAL VERNIZ 400 ML;002061;7899917152550;Ativo;22,0000; por UN
;ANJO STAIN CASA IMBUIA ACET. 3,6 L;001615;7899917153359;Ativo;191,9900; por GL
;ANJO STAIN CASA IMBUIA ACET. 900 ML;001606;7899917156015;Ativo;53,9900; por QT
;ANJO STAIN CASA INCOLOR ACET. 3,6 L;001613;7899917153335;Ativo;143,6900; por GL
;ANJO STAIN CASA INCOLOR ACET. 900 ML;001608;7899917155988;Ativo;44,6900; por QT
;ANJO STAIN CASA IPE ACET. 3,6L;001614;7899917156565;Ativo;191,9900; por GL
;ANJO STAIN CASA IPE ACET. 900ML;001609;7899917156541;Ativo;53,0000; por QT
;ANJO STAIN CASA MOGNO ACET. 3,6 LTS;001611;7899917153373;Ativo;176,3900; por GL
;ANJO STAIN CASA MOGNO ACET. 900 ML;001607;7899917156046;Ativo;53,0900; por QT
;ANJO STAIN CASA NATURAL ACET. 3,6 L;001618;7899917153397;Ativo;155,9500; por GL
;ANJO STAIN CASA NATURAL ACET. 900 ML;001610;7899917156077;Ativo;44,6900; por QT
;ANJO STAIN CASA NOGUEIRA ACET. 3,6L;001612;7899917156510;Ativo;176,6900; por GL
;ANJO STAIN CASA NOGUEIRA ACET. 900ML;001605;7899917156497;Ativo;53,0000; por QT
;ANJO STAND. UP FOSCO BRANCO 18 LT;001688;7899917132996;Inativo;1,0000; por UN
;ANJO TAPA FURO 340 GR;001958;7899917138929;Inativo;1,0000; por UN
;ANJO TAPA FURO 90 GR;001959;7899917138905;Inativo;1,0000; por UN
;ANJO THINNER ECOEFICIENTE 2750 450 ML;001979;7898530461209;Inativo;13,3500; por UN
;ANJO THINNER ECOEFICIENTE 2750 900 ML;001978;7898530460134;Inativo;22,2400; por UN
;ANJO THINNER PU CARBON BAIXA TEMPERATURA TH5002 900 ML;002069;7899917125981;Ativo;44,4900; por UN
;ANJO THINNER PU 5000 18 LT;001966;7898025460304;Inativo;59.193,0000; por UN
;ANJO THINNER PU 5000 5 L;001757;7898025460298;Ativo;159,9000; por UN
;ANJO THINNER PU 5000 900 ML;001756;7898025465392;Ativo;32,9200; por UN
;ANJO THINNER TH007 18 L;001860;7899917147617;Inativo;1,0000; por UN
;ANJO THINNER TH007 5L;001753;7899917147631;Ativo;81,3500; por UN
;ANJO THINNER TH007 900ML;001752;7899917147594;Ativo;17,6500; por UN
;ANJO THINNER 2750 18 LTS;001819;7898025460069;Ativo;328,1400; por UN
;ANJO THINNER 2750 5 L;001755;7898025460052;Ativo;94,8900; por UN
;ANJO THINNER 2750 900 ML;001754;7898025464180;Ativo;19,7500; por UN
;ANJO THINNER 2900 900 ML;001758;7898025464203;Ativo;21,8000; por UN
;ANJO TINTA EMBORRACHADA CINZA CLARO FOSCA 3,6 LT;001987;7898025464623;Inativo;1,0000; por UN
;ANJO TINTA EMBORRACHADA CINZA ESCURO FOSCA 3,6 LT;001988;7898025461684;Inativo;1,0000; por UN
;ANJO TINTA EMBORRACHADA CONCRETO FOSCA 3,6 LT;001989;7898025461844;Inativo;1,0000; por UN
;ANJO TINTA EMBORRACHADA VERMELHO OXIDO FOSCA 18 L;001921;7898025461776;Inativo;1,0000; por UN
;ANJO TINTA PARA PISO NOVO AMARELO DEMARCACAO FOSCA 900 ML;002012;7899027796453;Inativo;1,0000; por UN
;ANJO TINTA PARA PISO NOVO AZUL FOSCA 3,6 LT;002014;7899027796088;Inativo;1,0000; por UN
;ANJO TINTA PARA PISO NOVO BRANCO FOSCA 18 LT;002029;7899027795982;Inativo;1,0000; por UN
;ANJO TINTA PARA PISO NOVO BRANCO FOSCA 3,6 LT;002015;7899027797122;Inativo;1,0000; por UN
;ANJO TINTA PARA PISO NOVO CINZA CHUMBO FOSCA 18 LT;002027;7899027796200;Inativo;1,0000; por UN
;ANJO TINTA PARA PISO NOVO CINZA CHUMBO FOSCA 3,6 LT;002016;7899027796378;Inativo;1,0000; por UN
;ANJO TINTA PARA PISO NOVO CINZA CLARO FOSCA 18 LT;002026;7899027796019;Inativo;1,0000; por UN
;ANJO TINTA PARA PISO NOVO CINZA CLARO FOSCA 3,6 LT;002017;7899027795999;Inativo;1,0000; por UN
;ANJO TINTA PARA PISO NOVO CONCRETO FOSCA 18 LT;002028;7899027795838;Inativo;1,0000; por UN
;ANJO TINTA PARA PISO NOVO CONCRETO FOSCA 3,6 LT;002018;7899027795845;Inativo;1,0000; por UN
;ANJO TINTA PARA PISO NOVO MARROM FOSCA 3,6 LT;002019;7899027796279;Inativo;1,0000; por UN
;ANJO TINTA PARA PISO NOVO PRETO FOSCA 18 LT;002025;7899027796187;Inativo;1,0000; por UN
;ANJO TINTA PARA PISO NOVO PRETO FOSCA 3,6 LT;002020;7899027796293;Inativo;1,0000; por UN
;ANJO TINTA PARA PISO NOVO SAIBRO FOSCA 3,6 LT;002021;7899027796316;Inativo;1,0000; por UN
;ANJO TINTA PARA PISO NOVO VERDE FOSCA 3,6 LT;002022;7899027796057;Inativo;1,0000; por UN
;ANJO TINTA PARA PISO NOVO VERMELHO FOSCA 3,6 LT;002023;7899027796255;Inativo;1,0000; por UN
;ANJO TINTA PARA PISO NOVO VERMELHO SEGURANCA FOSCA 3,6 LT;002024;7899027796101;Inativo;1,0000; por UN
;ANJO TINTA PARA PISO PISO NOVO AMARELO DEMARCACAO FOSCA 3,6 LT;002011;7899027796149;Inativo;1,0000; por UN
;ANJO TINTA PARA PISO PISO NOVO AMARELO FOSCA 3,6 LT;002013;7899027796392;Inativo;1,0000; por UN
;ANJO VEDA CAPO BRANCO 400 GR;001992;7899917128067;Inativo;1,0000; por UN
;ANJO VERNIZ DURA MAIS NAT. ACET. 3,6 LTS;001596;7899917153434;Ativo;137,5900; por GL
;ANJO VERNIZ DURA MAIS NAT. ACET. 900 ML;001594;7899917155896;Ativo;51,4000; por QT
;ANJO VERNIZ DURA MAIS NAT. BRIL. 3,6 LTS;001595;7899917153311;Ativo;125,0000; por GL
;ANJO VERNIZ DURA MAIS NAT. BRIL. 900 ML;001593;7899917155865;Ativo;40,4900; por QT
;ANJO VERNIZ MARITIMO PREMIUM NAT. ACET. 3,6 LTS;001601;7899917153458;Ativo;133,2000; por GL
;ANJO VERNIZ MARITIMO PREMIUM NAT. ACET. 900 ML;001598;7899917155926;Ativo;45,1900; por QT
;ANJO VERNIZ MARITIMO PREMIUM NAT. BRIL. 3,6 L;001603;7899917155667;Ativo;133,2000; por GL
;ANJO VERNIZ MARITIMO PREMIUM NAT. BRIL. 900 ML;001599;7899917155643;Ativo;35,3900; por QT
;ANJO VERNIZ MARITIMO PREMIUM NAT. FOSCO 3,6 LTS;001602;7899917153472;Ativo;130,0000; por GL
;ANJO VERNIZ MARITIMO PREMIUM NAT. FOSCO 900 ML;001597;7899917155957;Ativo;43,0000; por QT
;ANJO VERNIZ PU CARBON HS 2:1 900 ML;001994;7899917128999;Inativo;1,0000; por UN
;ANJO VERNIZ PU CARBON MS 5:1 750 ML;001993;7899917129019;Inativo;1,0000; por UN
;ANJO VIDALAR BRANCO FOSCA BALDE 18L;001899;7899917144562;Inativo;1,0000; por UN
;ANJO VIDALAR BRANCO NEVE FOSCA 3,6 LT;001986;7899027789349;Inativo;1,0000; por UN
;ANJO WASH PRIMER 2:1 N-1261 2,4 L;001749;7899027740715;Inativo;1,0000; por UN
;ANJO WASH PRIMER 2:1 N-1261 600 ML;001751;7899027739528;Inativo;1,0000; por UN
;ANJO ZARCAO FUNDO ANTICORROSIVO (LARANJA) 3,6 GL;001741;7899027701396;Inativo;1,0000; por UN
;ANJO ZARCAO FUNDO ANTICORROSIVO (LARANJA) 900 ML;001742;7899027701389;Inativo;1,0000; por UN
;APLICADOR DE SILICONE / PU;000832;7895315000202;Ativo;29,0000; por UN
;APLICADOR DE SILICONE BRASF REFORC 7309;001035;7898464735629;Ativo;46,9000; por UN
;APLICADOR DE SILICONE BRASF TUBULAR 7310;001036;7898464735636;Ativo;78,9000; por UN
;APLICADOR 13,1 REF 152/2;000127;SEM GTIN;Inativo;1,0000; por UN
;ARALDITE TEK HOBBY (10MIN) 16GR PEQ;001045;7898472261776;Inativo;1,0000; por UN
;ARGAMASSA EXTERNA AC3 20KG COLAVIT;000925;SEM GTIN;Inativo;1,0000; por UN
;ARGAMASSA VOTOMASSA 20KG;000627;SEM GTIN;Inativo;1,0000; por UN
;ATLAS ABRACADEIRA PLAST PR 280X3,6MM PCT 100UN;001534;7896380108497;Ativo;2,0000; por UN
;ATLAS ABRE TRINCA 375;000161;7896380101481;Ativo;40,6900; por UN
;ATLAS ANTIGOTA KIT 6 PECAS AT1017;000175;7896380154401;Ativo;82,6500; por UN
;ATLAS APLICADOR DE SILICONE 177;000124;7896380101443;Ativo;44,8500; por UN
;ATLAS APLICADOR 4,5CM REF 152/1;000185;SEM GTIN;Ativo;1,0000; por UN
;ATLAS ASPIRADOR/EXTR. DE PO ELETR. 1600W/220V AT1751/2;001808;7896003898484;Inativo;1,0000; por UN
;ATLAS BALDE MULTIUSO PLAST PRETO 608P;001868;7896380192526;Ativo;27,8900; por UN
;ATLAS BANDEJA P/ GARFO DUPLO PROFISSIONAL 4,3L REF: AT1492P;001456;7896380109593;Ativo;67,3100; por UN
;ATLAS BANDEJA P/ PINTURA PT 3,6 L 1534P;001870;7896380192694;Ativo;30,4900; por UN
;ATLAS BANDEJA P/ PINTURA PVC 1,3L 1415;001455;7896380194889;Ativo;13,1600; por UN
;ATLAS BANDEJA P/ PINTURA PVC 2,7L 1523P;001354;7896380192625;Ativo;18,8000; por UN
;ATLAS BANQUETA ESCADA 47,4X45X49,7CM PLAST CZ PR1041-1;001864;7896003811407;Ativo;97,3600; por UN
;ATLAS BROXA RETANGULAR 15X5.6CM 800/1;000155;7896380131068;Ativo;2,0000; por UN
;ATLAS BROXA RETANGULAR 18X8CM 800/2;000156;7896380131075;Ativo;13,6500; por UN
;ATLAS CACAMBA DE PLA P/ MAO 2L REF:1420P;001834;7896003894677;Ativo;35,4700; por UN
;ATLAS CACAMBA P/ PINTURA PRETA PVC 10L 610P;001454;7896380192557;Ativo;41,7700; por UN
;ATLAS CACAMBA P/ PINTURA 12L REF: AT612P;001631;7896380103249;Ativo;55,1800; por UN
;ATLAS CAIXA DE MASSA PLASTICA 18 L AT611;001869;7896380100729;Ativo;50,5600; por UN
;ATLAS COLHER DE PEDREIRO 8;000159;SEM GTIN;Ativo;1,0000; por UN
;ATLAS CONJ DE PINTURA ANTIGOTA 5PCS REF: 4321;001340;7896380190621;Ativo;110,2400; por UN
;ATLAS CONJ DE PINTURA ANTIRESPINGO 3PCS 2003;001346;7896380154128;Ativo;39,9800; por UN
;ATLAS CONJ DE PINTURA COMPLETO 7 PCS 1016;001931;7896380153343;Ativo;69,1300; por UN
;ATLAS CONJ DE PINTURA 3PCS REF: AT 2001;001633;7896003894387;Ativo;30,8000; por UN
;ATLAS CONJ DE PINTURA 5PCS REF: AT1002;001632;7896380154074;Ativo;54,9800; por UN
;ATLAS DESEM. ACO LISA 143;000121;7896380191567;Ativo;2,0000; por UN
;ATLAS DESEM. ACO T LISA C/ ABERTO 12X25CM REF133;001329;7896380191192;Ativo;61,1000; por UN
;ATLAS DESEM. GR DE ACO P/MASSA AT248;000122;7896380101924;Ativo;200,0000; por UN
;ATLAS DESEMP. ACO INOX P/ EFEITOS DECORA. CHANFRADA 25CM AT113;001348;7896380173556;Ativo;117,2800; por UN
;ATLAS DESEMP. ACO T LISA C ABERTO 12X25CM AT148/1;001350;7896003894639;Ativo;33,9300; por UN
;ATLAS DESEMP. ACO T LISA C FECHADO 12X25CM AT148/2;001328;7896003894646;Ativo;35,0200; por UN
;ATLAS DESEMP INOX C.RED 12X35CM CABO FECH. AT836/1;001262;7896003894899;Ativo;112,1600; por UN
;ATLAS DESEMP INOX C.RET. 12X30 CABO FECH RIG AT826/1;001261;7896003894882;Ativo;83,4500; por UN
;ATLAS DESEMP INOX TRAPEZIO CHANF P/ EFEITOS AT110;001347;7896003897487;Ativo;194,0800; por UN
;ATLAS DESEMP METAL TRAPEZIO CHANF P/ EFEITOS  AT111;001170;7896003894769;Ativo;109,8100; por UN
;ATLAS DESEMP. P/ GRAFIATO 27X14CM 165;000120;7896380191642;Ativo;30,1200; por UN
;ATLAS DESEMP. P/ TEXT DE PLAST 30X17CM 166;001264;7896380191123;Ativo;31,3700; por UN
;ATLAS DESEMPE. ACO EFEITO DECORA. 254MM AT112;000181;7896003894776;Ativo;146,2900; por UN
;ATLAS DESEMPENADEIRA C/ESPUMA PLASTICA;000176;SEM GTIN;Ativo;1,0000; por UN
;ATLAS DESEMPENADEIRA P/ TEXT DE PLAST 16X8CM 164;001263;7896380191635;Ativo;15,0700; por UN
;ATLAS DISCO ABRASIVO FLAP 115MM G120 AT25/120;000200;7896003896411;Ativo;18,3300; por UN
;ATLAS DISCO ABRASIVO FLAP 115MM G120 OX ALUMIN AT24/120;001464;7896003896374;Ativo;15,5700; por UN
;ATLAS DISCO ABRASIVO FLAP 115MM G40 AT25/40;000203;7896003896381;Ativo;18,3300; por UN
;ATLAS DISCO ABRASIVO FLAP 115MM G40 OX ALUMIN AT24/40;001461;7896003896343;Ativo;15,5700; por UN
;ATLAS DISCO ABRASIVO FLAP 115MM G60 AT25/60;000202;7896003896398;Ativo;18,3300; por UN
;ATLAS DISCO ABRASIVO FLAP 115MM G60 OX ALUMIN AT24/60;001462;7896003896350;Ativo;15,5700; por UN
;ATLAS DISCO ABRASIVO FLAP 115MM G80 AT25/80;000201;7896003896404;Ativo;18,3300; por UN
;ATLAS DISCO ABRASIVO FLAP 115MM G80 OX ALUMIN AT24/80;001463;7896003896367;Ativo;15,5700; por UN
;ATLAS DISCO LIXA ABRASIVO 180 GRAO 150 AT19/150;001634;7896380109838;Ativo;5,2400; por UN
;ATLAS DISCO LIXA ABRASIVO 180 GRAO 180 AT19/180;001635;7896380109845;Ativo;5,2400; por UN
;ATLAS DISCO LIXA ABRASIVO 180 GRAO 220 AT19/220;001636;7896380109852;Ativo;4,8400; por UN
;ATLAS DISCO LIXA ABRASIVO 180 GRAO 80 AT19/80;001637;7896380109760;Ativo;4,8400; por UN
;ATLAS ESCOVA DE ACO ECONOMICA 3 FILEIRAS REF: AT1820/3;001457;7896380107308;Ativo;7,9000; por UN
;ATLAS ESPATULA ACO CROMADO 10CM 6255/16;001326;7896380173167;Ativo;27,3200; por UN
;ATLAS ESPATULA ACO CROMADO 12,5CM 6255/20;001327;7896380173174;Ativo;31,5200; por UN
;ATLAS ESPATULA ACO CROMADO 15 CM AT6255/21;001452;7896003896336;Ativo;39,9500; por UN
;ATLAS ESPATULA ACO CROMADO 3,5CM REF: 6255/6;001649;7896380173136;Ativo;19,7900; por UN
;ATLAS ESPATULA ACO CROMADO 6CM 6255/10;001324;7896380173143;Ativo;21,8900; por UN
;ATLAS ESPATULA ACO CROMADO 7,5CM 6255/12;001325;7896380173150;Ativo;22,6500; por UN
;ATLAS ESPATULA ACO INOX 20CM CABO MADEIRA AT6155/22;001453;7896380173471;Ativo;63,3200; por UN
;ATLAS ESPATULA ANGULAR DE ACO INOX 3 REF: AT 6165/3;001643;7896380100880;Ativo;46,3600; por UN
;ATLAS ESPATULA CABO MADEIRA ACO INOX 10CM 6155/16;001252;7896380173112;Ativo;42,2100; por UN
;ATLAS ESPATULA CABO MADEIRA ACO INOX 12,5CM 6155/20;001253;7896380173464;Ativo;49,6800; por UN
;ATLAS ESPATULA CABO MADEIRA ACO INOX 6 CM 6155/10;001914;7896380173099;Ativo;29,6300; por UN
;ATLAS ESPATULA CABO MADEIRA ACO INOX 7,5CM 6155/12;001251;7896380173105;Ativo;33,4600; por UN
;ATLAS ESPATULA DE ACO CABO PVC 10CM 175/10;000283;7896380191628;Ativo;19,0000; por UN
;ATLAS ESPATULA DE ACO CABO PVC 12CM 175/12;000284;7896380190799;Ativo;21,5100; por UN
;ATLAS ESPATULA DE ACO CABO PVC 4 CM 175/4;000280;7896380190782;Ativo;12,8400; por UN
;ATLAS ESPATULA DE ACO CABO PVC 6CM 175/6;000281;7896380191604;Ativo;13,5700; por UN
;ATLAS ESPATULA DE ACO CABO PVC 8CM 175/8;000282;7896380191611;Ativo;15,5000; por UN
;ATLAS ESPATULA DE ACO REFORCADO 100CM AT6555/10;001639;7896380108725;Ativo;27,9000; por UN
;ATLAS ESPATULA DE ACO REFORCADO 12CM AT6555/12;001640;7896380109685;Ativo;33,8000; por UN
;ATLAS ESPATULA DE ACO REFORCADO 60CM AT6555/6;001642;7896380108701;Ativo;24,7200; por UN
;ATLAS ESPATULA DE ACO REFORCADO 80CM 6555/8;001641;7896380108718;Ativo;25,4500; por UN
;ATLAS ESPATULA DRYWALL 8 INOX;000178;SEM GTIN;Ativo;1,0000; por UN
;ATLAS ESPATULA INOX ARREDONDADA 165 MM AT6655/6;000204;7896380197101;Ativo;41,6800; por UN
;ATLAS ESPATULA INOX P/ DRYWALL C/ BIT '6' AT1417;001528;7896380109777;Ativo;47,7700; por UN
;ATLAS ESPATULA INOX 5 P/ DRYWALL C/ BIT '12'  AT1414;001529;7896380109753;Ativo;67,9900; por UN
;ATLAS ESPATULA MULTIUSO METALICA AT195/1;001265;7896380150380;Ativo;30,0400; por UN
;ATLAS ESPATULA PLASTICA AT152/1;000303;7896380190850;Ativo;4,2900; por UN
;ATLAS ESPATULA PLASTICA LISA 10CM 150/10;001470;7896380193721;Ativo;6,3000; por UN
;ATLAS ESPATULA PLASTICA LISA 8CM 150/8;001469;7896380193714;Ativo;6,4800; por UN
;ATLAS ESPATULA PLASTICA 13,1X8,8 REF:152/2;000304;7896380191819;Ativo;4,3600; por UN
;ATLAS ESPATULA PLASTICA 20X8,8 AT152/3;000305;7896380190867;Ativo;8,2700; por UN
;ATLAS ESPATULA PVC DENTADA 10CM 151/10;001525;7896380193769;Ativo;5,4800; por UN
;ATLAS ESPATULA PVC DENTADA 8CM 151/8;001524;7896380193752;Ativo;6,4800; por UN
;ATLAS ESPATULA RETA. DRYWALL INOX '10' AT6455/10;001526;7896380104352;Ativo;64,7700; por UN
;ATLAS ESPATULA RETA. DRYWALL INOX '12' AT6455/12;001638;7896380104369;Ativo;73,2000; por UN
;ATLAS ESPATULA RETA. DRYWALL INOX '8' AT6455/8;001527;7896380104345;Ativo;58,0900; por UN
;ATLAS ESPONJA ABRASIVA 120X95 MEDIA AT18/180;001822;7896380108671;Ativo;21,8100; por UN
;ATLAS ESPUMA MULTIUSO DE POLIESTER 102;001817;7896380191185;Ativo;12,4400; por UN
;ATLAS ESTILETE AMARELO 175/2;000132;7896380173310;Ativo;1.250,0000; por UN
;ATLAS ESTILETE EMBORRACHADO PROF. AT175/3;000311;7896380150397;Ativo;41,5700; por UN
;ATLAS ESTILETE TRAPE CABO ALUMINIO AT1408;001862;7896380109708;Ativo;39,3700; por UN
;ATLAS EXTENSOR DE ACO 2M 1600;001437;7896380170586;Ativo;28,7700; por UN
;ATLAS EXTENSOR DE ACO 3M 1700;001436;7896380170999;Ativo;46,6900; por UN
;ATLAS EXTENSOR FIBRA PROFIMASTER 5M REF:18005;000129;7896380170449;Ativo;41.699,0000; por UN
;ATLAS EXTENSOR FIBRA/ALUMINIIO 2,4M AT18024;001659;7896380104314;Ativo;187,0200; por UN
;ATLAS EXTENSOR FIBRA/ALUMINIO 1,3M AT18013;001658;7896003894530;Ativo;158,6500; por UN
;ATLAS EXTENSOR FIBRA/ALUMINIO 4M AT18004;001660;7896380104307;Ativo;327,1300; por UN
;ATLAS EXTRA PELE DE CARNEIRO 23CM 322/22;001431;7896380150182;Ativo;79,1000; por UN
;ATLAS FIBRA ABRASIVA ACABAMENTOS 115X290MM AT95/10;001333;7896003895032;Ativo;11,0000; por UN
;ATLAS FIBRA ABRASIVA FERRUGEM 115X290M AT95/30;001331;7896003895056;Ativo;14,3800; por UN
;ATLAS FIBRA ABRASIVA MADEIRA 115X290MM AT95/20;001332;7896003895049;Ativo;15,0800; por UN
;ATLAS FIBRA ABRASIVA POS-OBRA 115X290MM AT95/40;001330;7896003895063;Ativo;13,3500; por UN
;ATLAS FITA ANTIDERRAPANTE PRETA;000166;SEM GTIN;Ativo;1,0000; por UN
;ATLAS FITA ANTIDERRAPANTE TRANSPARENTE;000167;7896380101863;Ativo;2,0000; por UN
;ATLAS FITA SINALIZACAO;000168;SEM GTIN;Ativo;1,0000; por UN
;ATLAS FITA SINALIZACAO PLASTICA 65MMX150M;000222;7896380153022;Ativo;19,3000; por UN
;ATLAS FITA TELADA PARA DRYWALL 45M;000190;SEM GTIN;Ativo;1,0000; por UN
;ATLAS FITA TELADA REPAROS 100MMX20M;001361;7896380105205;Ativo;22,1500; por UN
;ATLAS FITA TELADA REPAROS 50MMX45M;001362;7896380104376;Ativo;23,4300; por UN
;ATLAS FITA VEDA ROSCA 12MMX10M;000179;SEM GTIN;Ativo;1,0000; por UN
;ATLAS GARFO BUCHA C/ROSCA ACO 330/23R;000274;7896380192038;Ativo;26,0100; por UN
;ATLAS GARFO BUCHA S/ROSCA ACO 330/23SR;001429;7896380192045;Ativo;16,5900; por UN
;ATLAS GARFO COMFORT GAIOLA ACO 400/23;001865;7896380192502;Ativo;31,9900; por UN
;ATLAS GARFO GAIOLA C/ROSCA 400/23R;000126;7896380194650;Ativo;23,6000; por UN
;ATLAS GARFO GAIOLA S/R ACO 400/23SR;001351;7896380192519;Ativo;19,3600; por UN
;ATLAS GARFO GAIOLA 5 ARAMES 23CM AT550/23R;000285;7896380195428;Ativo;48,0500; por UN
;ATLAS GOL PELE DE CARN 23CM 923/19;001471;7896380191031;Ativo;55,5600; por UN
;ATLAS KIT 3 PECAS REF:1001;000163;SEM GTIN;Ativo;1,0000; por UN
;ATLAS KIT 3 PECAS RENDEPLUS 2004;000273;7896380100576;Ativo;52,9500; por UN
;ATLAS KIT 5 PECAS LACARNEIRO 1002;000272;SEM GTIN;Ativo;1,0000; por UN
;ATLAS KIT 5 PECAS REF:AT1002;000162;SEM GTIN;Ativo;1,0000; por UN
;ATLAS LAPIS DE CARPINTEIRO REF: AT 555;000001;7896003898316;Inativo;1,0000; por UN
;ATLAS LIXA DISCO ABRASIVO DE PAPEL 180 GRAO 120;001815;7896380109821;Ativo;6,0500; por UN
;ATLAS LIXA DISCO ABRASIVO 225MM GRAO '120';001515;SEM GTIN;Ativo;6,6000; por UN
;ATLAS LIXA DISCO ABRASIVO 225MM GRAO '150';001516;7896380108244;Ativo;6,6000; por UN
;ATLAS LIXA DISCO ABRASIVO 225MM GRAO '180';001514;7896380108251;Ativo;6,6000; por UN
;ATLAS LIXA DISCO ABRASIVO 225MM GRAO '220';001513;7896380108268;Ativo;6,6000; por UN
;ATLAS LIXA DISCO ABRASIVO 225MM GRAO 80 ( UNIDADE );001552;SEM GTIN;Ativo;6,8200; por UN
;ATLAS LIXA DISCO ABRASIVO 225MM GRAO '80' 5PCS;001517;7896003895896;Ativo;3.414,0000; por UN
;ATLAS LIXA TELADA DISCO 150 GRAO 120 AT13/120;000195;7896380108084;Ativo;5,2400; por UN
;ATLAS LIXA TELADA DISCO 150 GRAO 150 AT13/150;000089;7896380108091;Ativo;4,9200; por UN
;ATLAS LIXA TELADA DISCO 150 GRAO 180 AT13/180;000090;7896380108107;Ativo;4,9200; por UN
;ATLAS LIXA TELADA DISCO 150 GRAO 220 AT13/220;000091;7896380108114;Ativo;5,2400; por UN
;ATLAS LIXA TELADA DISCO 150 GRAO 240 AT13/240;000092;7896380108541;Ativo;5,2400; por UN
;ATLAS LIXA TELADA DISCO 150 GRAO 320 AT13/320;000093;7896380108558;Ativo;5,2400; por UN
;ATLAS LIXA TELADA DISCO 150 GRAO 400 AT13/400;000094;7896380108565;Ativo;5,2400; por UN
;ATLAS LIXA TELADA DISCO 150 GRAO 500 AT13/500;000095;7896380196005;Ativo;5,2400; por UN
;ATLAS LIXA TELADA DISCO 150 GRAO 600 AT13/600;000096;7896380108572;Ativo;5,2400; por UN
;ATLAS LIXA TELADA DISCO 150 GRAO 80 AT13/80;000194;7896380108077;Ativo;5,2400; por UN
;ATLAS LIXA TELADA DISCO 150 GRAO 800 AT13/800;000097;7896380195992;Ativo;5,2400; por UN
;ATLAS LIXA TELADA DISCO 180 GRAO 120 AT21/120;000192;7896380109906;Ativo;7,3400; por UN
;ATLAS LIXA TELADA DISCO 180 GRAO 150 AT21/150;000085;7896380109913;Ativo;6,9000; por UN
;ATLAS LIXA TELADA DISCO 180 GRAO 180 AT21/180;000086;7896380109920;Ativo;7,3400; por UN
;ATLAS LIXA TELADA DISCO 180 GRAO 220 AT21/220;000087;7896380109937;Ativo;7,3400; por UN
;ATLAS LIXA TELADA DISCO 180 GRAO 240 AT21/240;000193;7896380109944;Ativo;6,9000; por UN
;ATLAS LIXA TELADA DISCO 180 GRAO 320 AT21/320;000088;7896380109951;Ativo;7,3400; por UN
;ATLAS LIXA TELADA DISCO 180 GRAO 80 AT21/80;000002;7896003894479;Ativo;7,3400; por UN
;ATLAS LIXA TELADA DISCO 225 GRAO 120 AT14/120;000079;7896380108121;Ativo;9,0000; por UN
;ATLAS LIXA TELADA DISCO 225 GRAO 150 AT14/150;000080;7896380108138;Ativo;9,0000; por UN
;ATLAS LIXA TELADA DISCO 225 GRAO 180 AT14/180;000081;7896380108145;Ativo;9,0000; por UN
;ATLAS LIXA TELADA DISCO 225 GRAO 220 AT14/220;000082;7896380108152;Ativo;9,0000; por UN
;ATLAS LIXA TELADA DISCO 225 GRAO 240 AT14/240;000083;7896380108169;Ativo;900,0000; por UN
;ATLAS LIXA TELADA DISCO 225 GRAO 320 AT14/320;000084;7896380108176;Ativo;900,0000; por UN
;ATLAS LIXA TELADA DISCO 225 GRAO 80 AT14/80;000078;7896003894448;Ativo;8,4600; por UN
;ATLAS LIXADEIRA ELETR GIRAFA OE225-750W/220V REF:1740/2;001806;7896003895568;Inativo;1,0000; por UN
;ATLAS LIXADEIRA ELETR. OE180-850W/220V REF:AT1710/2;001805;7896003895544;Inativo;1,0000; por UN
;ATLAS LIXADEIRA ELETR.BRUSHLESS OE225-400W/220V REF:AT1741/2;001671;7896003897302;Inativo;1,0000; por UN
;ATLAS LIXADEIRA ORBITAL 150-350W/220V AT1702/2 5.0;001670;7896380195985;Inativo;1,0000; por UN
;ATLAS LUVA BANHADA EM PU EG AT1304EG;001833;7896380108800;Ativo;14,2300; por UN
;ATLAS LUVA BANHADA EM PU G AT1304G;001644;7896380108794;Ativo;14,1700; por UN
;ATLAS LUVA BANHADA EM PU M AT1304M;001927;7896380108787;Ativo;14,2300; por UN
;ATLAS LUVA DE ALGODAO PIGMENTADA EG 1303EG;001645;7896380108770;Ativo;12,6300; por UN
;ATLAS LUVA DE ALGODAO PIGMENTADA G AT1303G;001646;7896380108763;Ativo;12,6300; por UN
;ATLAS LUVA DE ALGODAO PIGMENTADA M AT1303M;001647;7896380108756;Ativo;12,6300; por UN
;ATLAS MAQ. PINTURA AIRLESS ELETR. AT1770/2 1100W/220V;001672;7896003898507;Inativo;1,0000; por UN
;ATLAS MASCARA DE FELTRO PFF2 C/ VAL. REF: AT2800;001466;7896380195275;Ativo;6,6000; por UN
;ATLAS MASCARA DE FELTRO PFF2 C/VALVULA CARVAO AT2600;001467;7896380102440;Ativo;14,0500; por UN
;ATLAS MASCARA DE FELTRO PFF2 S/ VAL. AT2700;001465;7896380195268;Ativo;5,1800; por UN
;ATLAS MASCARA DESCARTAVEL 2300;000130;SEM GTIN;Inativo;1,0000; por UN
;ATLAS MASCARA F.C/VALVULA REF:AT2400;000131;SEM GTIN;Inativo;1,0000; por UN
;ATLAS MISTURADOR ELETRICO 1600W/220V AT1760/2;001807;7896003895582;Inativo;1,0000; por UN
;ATLAS MISTURADOR MANUAL AT176/3;000310;7896380100743;Ativo;40,0700; por UN
;ATLAS MISTURADOR 176/1 40CM;001430;7896380101467;Ativo;40,0700; por UN
;ATLAS MISTURADOR 176/2 60CM;000125;7896380101474;Ativo;63,9900; por UN
;ATLAS NIVEL METALICO C/ IMA 10 AT182/10;001871;7896380110308;Ativo;40,3300; por UN
;ATLAS NIVEL METALICO C/ IMA 12 AT182/12;001872;7896380110315;Ativo;47,3300; por UN
;ATLAS NIVEL METALICO C/ IMA 14 AT182/14;001873;7896380110322;Ativo;48,5500; por UN
;ATLAS NIVELOPRO 25CM AT933/25;000276;7896380195503;Ativo;83,0500; por UN
;ATLAS NIVELOPRO 40CM AT933/40;000277;7896380195527;Ativo;113,7400; por UN
;ATLAS NIVELOPRO 60CM AT633;000309;7896003894608;Ativo;524,9900; por UN
;ATLAS NIVELOPRO 60CM AT933/60;000278;7896380195541;Ativo;150,0700; por UN
;ATLAS NIVELOPRO 80CM AT933/80;000279;7896380195565;Ativo;164,8200; por UN
;ATLAS OCULOS DE PROTECAO CINZA AT3300/2;001821;7896380140701;Ativo;14,6400; por UN
;ATLAS OCULOS DE PROTECAO INCOLOR AT3300/1;001820;7896380140695;Ativo;14,6400; por UN
;ATLAS PAD C/ CABO AJUSTAVEL  AT750/80;001434;7896380105168;Ativo;38,0800; por UN
;ATLAS PAD DE CANTOS C/ REFIL AT750/60;001648;7896380105151;Ativo;24,8800; por UN
;ATLAS PAD P/ RECORTE S/CABO AT751/70;001433;7896003897456;Ativo;39,9900; por UN
;ATLAS PAD PARA RECORTE PINTURA 750/70;000187;SEM GTIN;Ativo;1,0000; por UN
;ATLAS PALHA DE ACO N '0' AT90/50;001458;7896380173433;Ativo;6,5400; por UN
;ATLAS PALHA DE ACO N '1' AT90/60;001459;7896380173440;Ativo;6,5400; por UN
;ATLAS PALHA DE ACO N '2' AT90/70;001460;7896380173457;Ativo;6,5400; por UN
;ATLAS PINCEL ARTISTICO CHATO PELO SUINO 915/10;001656;7896380125319;Ativo;4,8200; por UN
;ATLAS PINCEL ARTISTICO CHATO PELO SUINO 915/14;001655;7896380125364;Ativo;6,3800; por UN
;ATLAS PINCEL ARTISTICO CHATO PELO SUINO 915/18;001657;7896380125418;Ativo;9,0200; por UN
;ATLAS PINCEL ARTISTICO CHATO PELO SUINO 915/2;001654;7896380125388;Ativo;3,8400; por UN
;ATLAS PINCEL ARTISTICO CHATO PELO SUINO 915/22;001653;7896380125371;Ativo;14,7200; por UN
;ATLAS PINCEL ARTISTICO CHATO PELO SUINO 915/6;001652;7896380125432;Ativo;4,1800; por UN
;ATLAS PISTOLA PROF. P/ CALAFETAR METALICA AT177/2;001353;7896380102563;Ativo;80,3900; por UN
;ATLAS PORTA-TRINCHA P/ PROLON. AT179;001650;7896380100651;Ativo;36,1500; por UN
;ATLAS PROTETOR AUDITIVO PLASTICO REF: AT3100;001468;7896380107179;Ativo;3,5500; por UN
;ATLAS RASPADOR DE TINTA 6CM 275/6;001835;7896380191666;Ativo;27,9300; por UN
;ATLAS RASPADOR P/ REJUNTE ATR193;001530;7896380195343;Ativo;44,5200; por UN
;ATLAS RASPADOR 6CM;000165;SEM GTIN;Ativo;1,0000; por UN
;ATLAS REFIL DE BUCHA PLAST P/ GARFO DUPLO PRO REF: AT3646;001435;7896380109531;Ativo;5,4900; por UN
;ATLAS REFIL DE LAMINA P/ ESTILETE 18MM AT175R;001533;7896003897432;Ativo;13,4200; por UN
;ATLAS REFIL ESTILETE TRAPEZOIDAL AT1409;001863;7896380109715;Ativo;16,4300; por UN
;ATLAS REFIL P/ PAD RECORTE AT751/35;001651;7896003897463;Ativo;25,1000; por UN
;ATLAS REFIL PARA PAD RECORTE PINTURA 750/35;000188;SEM GTIN;Ativo;1,0000; por UN
;ATLAS RODO MEDIO;000180;SEM GTIN;Ativo;1,0000; por UN
;ATLAS ROLO ANTIGOTA POLIAMIDA DUP 46CM;001344;7896380105236;Ativo;55,6200; por UN
;ATLAS ROLO ANTIGOTA 15CM 321/15;000142;7896380150731;Ativo;15,9900; por UN
;ATLAS ROLO ANTIGOTA 23CM 321/10;001260;7896380150113;Ativo;27,6000; por UN
;ATLAS ROLO ANTIGOTA 5CM  LA 10MM AT321/5;000270;7896380107445;Ativo;15,7400; por UN
;ATLAS ROLO ANTIGOTA 9CM 321/9;000265;7896380150724;Ativo;12,9500; por UN
;ATLAS ROLO ANTI-GOTA 9CMM REF: 321/9;000141;SEM GTIN;Ativo;1,0000; por UN
;ATLAS ROLO ANTIRESP LA SINT 15CM AT773/15;001343;7896003894950;Ativo;12,2800; por UN
;ATLAS ROLO ANTIRESP LA SINT. 23CM 773/10;001837;7896380193998;Ativo;17,8200; por UN
;ATLAS ROLO ANTIRESP LA SINT 5CM AT773/5;001341;7896003894929;Ativo;10,2800; por UN
;ATLAS ROLO ANTIRESP LA SINT 9CM AT773/9;001342;7896003894943;Ativo;9,3800; por UN
;ATLAS ROLO BRASILEIRINHO 23CM AT2014;001258;7896380103188;Ativo;26,5800; por UN
;ATLAS ROLO DE ESPUMA CINZA 68MM  23CM 406/23;000212;7896380140350;Ativo;21,1800; por UN
;ATLAS ROLO DE ESPUMA 15CM 406/15A;001257;7896380140633;Ativo;15,3800; por UN
;ATLAS ROLO DE ESPUMA 5CM 406/5A;001255;7896380140619;Ativo;7,8500; por UN
;ATLAS ROLO DE ESPUMA 9CM 406/9A;001256;7896380140626;Ativo;9,6200; por UN
;ATLAS ROLO DE LA NATURAL 15CM 328/15;001934;7896380190287;Ativo;29,5900; por UN
;ATLAS ROLO DE LA NATURAL 9CM 328/9;001932;7896380190270;Ativo;18,2000; por UN
;ATLAS ROLO DE TEXTURA RUSTICA E CHAPISCO 23CM AT110/85;001841;7896380140688;Ativo;35,2500; por UN
;ATLAS ROLO DE TEXTURA RUSTICA 5CM AT1155/5;001432;7896380105069;Ativo;20,3200; por UN
;ATLAS ROLO DRYWALL LA '8' 23CM AT321/8;001259;7896380100798;Ativo;28,4200; por UN
;ATLAS ROLO ESPUMA 23CM 406/23A;000133;7896380140640;Ativo;21,1800; por UN
;ATLAS ROLO INDUSTRIAL 23CM 326/5;000143;7896380150175;Ativo;20,2600; por UN
;ATLAS ROLO LA CARNEIRO + POLIESTER  23CM 228/22;001823;7896380190195;Ativo;29,5800; por UN
;ATLAS ROLO MAXILA NATURAL 23CM AT328/25;001254;7896380190140;Ativo;58,5200; por UN
;ATLAS ROLO P/ MASSA NIVELOPRO 23CM AT1122/23;001349;7896003895940;Ativo;64,2200; por UN
;ATLAS ROLO RENDEPLUS DUPLO LA '19' 46CM AT927/19;000198;7896380105243;Ativo;51,0500; por UN
;ATLAS ROLO RENDEPLUS LA '10' 23CM 327/23 MF;001924;7896380150038;Ativo;25,5800; por UN
;ATLAS ROLO RENDEPLUS LA '19'  23CM 327/19;000263;7896380150021;Ativo;25,3000; por UN
;ATLAS ROLO RENDEPLUS LA '19' 15CM 327/15;000182;SEM GTIN;Ativo;1,0000; por UN
;ATLAS ROLO RENDEPLUS LA '19' 5CM AT327/5;001661;7896380195299;Ativo;14,4300; por UN
;ATLAS ROLO RENDEPLUS LA '19' 9CM AT327/9;000183;7896380107469;Ativo;16,4300; por UN
;ATLAS ROLO RESIMAX  9 CM 339/9A;001838;7896380152292;Ativo;23,1300; por UN
;ATLAS ROLO RESIMAX 15 CM 339/15A;000174;7896380152315;Ativo;27,0400; por UN
;ATLAS ROLO RESIMAX 23CM 339/5A;000173;7896380152278;Ativo;42,1500; por UN
;ATLAS ROLO RESIMAX 5CM 339/55A;000169;7896380152308;Ativo;19,5000; por UN
;ATLAS ROLO RESINA / EPOXI 23CM PISOS AT339/23;001917;7896003896015;Ativo;36,9600; por UN
;ATLAS ROLO TEXTURA EX. RUST DE ESPUMA 23CM 110/55;001836;7896380192090;Ativo;33,8500; por UN
;ATLAS ROLO TEXTURA FINA 23CM 110/75;000148;7896380192069;Ativo;33,8500; por UN
;ATLAS ROLO TEXTURA MEDIA 23CM 110/65;000147;7896380140671;Ativo;33,8500; por UN
;ATLAS ROLO TEXTURA RUSTICA 23CM 1155;000146;7896380150502;Ativo;63,7800; por UN
;ATLAS ROLO TEXTURA 37CM AT91155;000199;7896380109654;Ativo;82,1600; por UN
;ATLAS ROLO 10CM CABELO DE ANJO C/SUPORTE;000160;SEM GTIN;Ativo;1,0000; por UN
;ATLAS ROLO 10CM C/SUPORTE DEMARCACAO;000164;SEM GTIN;Ativo;1,0000; por UN
;ATLAS ROLO 15CM LA CARNEIRO CONJ AT328/15SR;000189;SEM GTIN;Ativo;1,0000; por UN
;ATLAS ROLO 15CM LACARNEIRO REF:328/15;000139;SEM GTIN;Ativo;1,0000; por UN
;ATLAS ROLO 15CM REF: 407/15 ANTI MARCAS;000170;SEM GTIN;Ativo;1,0000; por UN
;ATLAS ROLO 15CM VELUDO 329/15;000158;SEM GTIN;Ativo;1,0000; por UN
;ATLAS ROLO 23CM EXTRA PROFIMAX AT322/46;000184;SEM GTIN;Ativo;2,0000; por UN
;ATLAS ROLO 23CM INDUSTRIAL 326/5;000264;SEM GTIN;Ativo;20,2600; por UN
;ATLAS ROLO 23CM LA CARNEIRO 228/22;000140;SEM GTIN;Ativo;2,0000; por UN
;ATLAS ROLO 23CM LACARNEIRO REF:328/22;000137;SEM GTIN;Ativo;2,0000; por UN
;ATLAS ROLO 23CM LACARNEIRO 1000/22;000135;SEM GTIN;Ativo;2,0000; por UN
;ATLAS ROLO 23CM LACARNEIRO 328/22;000261;SEM GTIN;Ativo;2,0000; por UN
;ATLAS ROLO 23CM LACARNEIRO 328/25;000136;SEM GTIN;Ativo;2,0000; por UN
;ATLAS ROLO 23CM PELECARNEIRO REF:1000;000171;SEM GTIN;Ativo;2,0000; por UN
;ATLAS ROLO 23CM PELECARNEIRO 322/22;000260;SEM GTIN;Ativo;2,0000; por UN
;ATLAS ROLO 23CM RESIMAX 339/5;000262;SEM GTIN;Ativo;26,0000; por UN
;ATLAS ROLO 23CM TEXTURA ACABAMENTO 1107;000150;SEM GTIN;Ativo;2,0000; por UN
;ATLAS ROLO 23CM TEXTURA ACABAMENTO 1110;000151;SEM GTIN;Ativo;2,0000; por UN
;ATLAS ROLO 23CM TEXTURA ACABAMENTO 1163;000152;SEM GTIN;Ativo;2,0000; por UN
;ATLAS ROLO 23CM TEXTURA ACABAMENTO 1166;000153;SEM GTIN;Ativo;2,0000; por UN
;ATLAS ROLO 23CM TEXTURA ACABAMENTO 1170;000154;SEM GTIN;Ativo;2,0000; por UN
;ATLAS ROLO 23CM VELUDO 329/5;000157;SEM GTIN;Ativo;2,0000; por UN
;ATLAS ROLO 5CM CABELO ANJO 1155/5;000191;SEM GTIN;Ativo;2,0000; por UN
;ATLAS ROLO 5CM LA SINT. 705/5;000271;SEM GTIN;Ativo;2,0000; por UN
;ATLAS ROLO 5CM LACARNEIRO REF:AT328/5;000172;SEM GTIN;Ativo;2,0000; por UN
;ATLAS ROLO 5CM LACARNEIRO 328/5;000268;SEM GTIN;Ativo;2,0000; por UN
;ATLAS ROLO 5CM RESIMAX 339/55;000269;SEM GTIN;Ativo;19,5000; por UN
;ATLAS ROLO 5CM VELUDO 329/55;000144;SEM GTIN;Ativo;2,0000; por UN
;ATLAS ROLO 9CM ANTIMARCAS REF:AT407/9;000134;SEM GTIN;Ativo;2,0000; por UN
;ATLAS ROLO 9CM LACARNEIRO 328/9;000138;SEM GTIN;Ativo;2,0000; por UN
;ATLAS ROLO 9CM RESIMAX 339/9;000266;SEM GTIN;Ativo;2,0000; por UN
;ATLAS ROLO 9CM ROLA FACIL 709/5;000267;SEM GTIN;Ativo;2,0000; por UN
;ATLAS ROLO 9CM TEXTURA FINA 110/9;000149;SEM GTIN;Ativo;2,0000; por UN
;ATLAS ROLO 9CM VELUDO 329/9;000145;SEM GTIN;Ativo;2,0000; por UN
;ATLAS SACO COLETOR DE PO REF: AT1710/130;000196;7896380174577;Ativo;141,5500; por UN
;ATLAS SERROTE DE PONTA DE ACO P/ DRYWALL AT192/1;001475;7896380102457;Ativo;65,9900; por UN
;ATLAS SOPRADOR TERM. DIGITAL 2000W/220V AT1790/2;000221;7896380196029;Ativo;496,9900; por UN
;ATLAS SOPRADOR TERMICO 2000W/220V REF: AT1791/2;000197;7896380196043;Ativo;206,3000; por UN
;ATLAS SUPORTE GAIOLA 546/23;000186;SEM GTIN;Ativo;2,0000; por UN
;ATLAS SUPORTE MANUAL P/ LIXA DE PVC REF:100/2;001334;7896380101320;Ativo;38,7900; por UN
;ATLAS SUPORTE P/ DESEMPENADEIRA AT9933;000205;7896380195589;Ativo;85,0600; por UN
;ATLAS SUPORTE P/ LIXA C/ ROSCA 10,5X21CM 100/3;001472;7896380101337;Ativo;95,2600; por UN
;ATLAS SUPORTE P/ MEIA LIXA PVC 23X10,5 AT100/4;000211;7896380103195;Ativo;54,0400; por UN
;ATLAS TACO PARA LIXA 100/1;000123;7896380101450;Ativo;34,2500; por UN
;ATLAS TESOURA DE AVIACAO CORTE RETO '25' AT1404;001816;7896380109661;Ativo;109,9900; por UN
;ATLAS TEXTURA RUSTICA 10CM AT155/10SR;001352;7896380150359;Ativo;34,6800; por UN
;ATLAS TRENA PROF. 10M AMARELA AT180/10;001866;7896380105274;Ativo;83,5300; por UN
;ATLAS TRENA PROFI. 8M AMARELA AT180/8;001867;7896380105267;Ativo;73,9100; por UN
;ATLAS TRENA 5M PROFI. AMARELA AT180/5;000177;7896380107162;Ativo;53,5100; por UN
;ATLAS TRINCHA ANGULAR AT345 1;001518;7896003896268;Ativo;19,6000; por UN
;ATLAS TRINCHA ANGULAR AT345 '1.1/2';001473;7896003896275;Ativo;25,0300; por UN
;ATLAS TRINCHA ANGULAR AT345 2;001474;7896003896282;Ativo;33,0500; por UN
;ATLAS TRINCHA ANGULAR AT345 '2.1/2';001519;7896003896299;Ativo;41,9500; por UN
;ATLAS TRINCHA ANGULAR IMPERIAL  AT416/3AN '1';000206;7896003896428;Ativo;30,3600; por UN
;ATLAS TRINCHA ANGULAR IMPERIAL AT416/4AN '1 1/2';000207;7896003896435;Ativo;34,8000; por UN
;ATLAS TRINCHA ANGULAR IMPERIAL AT416/5AN '2';000208;7896003896442;Ativo;41,1400; por UN
;ATLAS TRINCHA ANGULAR IMPERIAL AT416/6AN '2 1/2';000209;7896003896459;Ativo;51,9300; por UN
;ATLAS TRINCHA ANGULAR IMPERIAL AT416/7AN '3';000210;7896003896466;Ativo;60,3400; por UN
;ATLAS TRINCHA PROFISSIONAL AT717/3 '1';001531;7896003894844;Ativo;28,1400; por UN
;ATLAS TRINCHA PROFISSIONAL AT717/7 '3';001532;7896003894868;Ativo;62,9300; por UN
;ATLAS TRINCHA 315  '1.1/2';001441;7896380103843;Ativo;11,5500; por UN
;ATLAS TRINCHA 315  1/2;001438;7896380103812;Ativo;6,6700; por UN
;ATLAS TRINCHA 315  2;001442;7896380103850;Ativo;17,6700; por UN
;ATLAS TRINCHA 315  '2.1/2';001443;7896380103867;Ativo;20,8200; por UN
;ATLAS TRINCHA 315  3;001444;7896380103874;Ativo;29,0900; por UN
;ATLAS TRINCHA 315  '3/4';001439;7896380103829;Ativo;7,4700; por UN
;ATLAS TRINCHA 315  4;001445;7896380103881;Ativo;35,9100; por UN
;ATLAS TRINCHA 315 1;001440;7896380103836;Ativo;8,7000; por UN
;ATLAS TRINCHA 319  '1.1/2';001521;7896380105335;Ativo;10,9000; por UN
;ATLAS TRINCHA 319  1/2;001449;7896380105304;Ativo;5,9000; por UN
;ATLAS TRINCHA 319  2;001520;7896380105342;Ativo;16,5700; por UN
;ATLAS TRINCHA 319  '2.1/2';001451;7896380105359;Ativo;23,4700; por UN
;ATLAS TRINCHA 319  '3';001339;7896380105366;Ativo;26,4200; por UN
;ATLAS TRINCHA 319 1;001450;7896380105328;Ativo;11,1000; por UN
;ATLAS TRINCHA 319 '3/4';001902;7896380105311;Ativo;5,9500; por UN
;ATLAS TRINCHA 319 4;001522;7896380105373;Ativo;34,1500; por UN
;ATLAS TRINCHA 395  1;001447;7896380103522;Ativo;7,0500; por UN
;ATLAS TRINCHA 395  '1.1/2';001448;7896380103539;Ativo;9,3300; por UN
;ATLAS TRINCHA 395  '3/4';001338;7896380103515;Ativo;4,5800; por UN
;ATLAS TRINCHA 395 1/2;001446;7896380103508;Ativo;5,5000; por UN
;ATLAS TRINCHA 395 2;001337;7896380103546;Ativo;15,2000; por UN
;ATLAS TRINCHA 395 '2.1/2';001336;7896380103553;Ativo;19,7300; por UN
;ATLAS TRINCHA 395 3;001335;7896380103560;Ativo;23,5500; por UN
;ATLAS TRINCHA 395 4;001523;7896380103577;Ativo;28,4500; por UN
;B - AMARELO;002342;SEM GTIN;Ativo;1,0000; por UN
;BALA DE IOGURTE - B2 - SELFCOLOR - 'NOVO' TOQUE FOSCO COMPLETO;002354;SEM GTIN;Inativo;1,0000; por UN
;BANDEJA PARA PINTURA GRANDE THOMPSON;002796;7898011978806;Ativo;25,5000; por UN
;BANDEJA PINTURA 15CM PRETA - THOMPSON;001195;7898011978806;Ativo;9,6000; por UN
;BANDEJA TINTA THOMPSON 23CM GRANDE 1600;002477;7898011978813;Ativo;18,8000; por UN
;BANDEJA TINTA TIGRE PRO 46CM LARANJA REF.2307;002487;7891395073617;Ativo;67,9900; por UN
;BANQUETA DE ALUMINIO AGATA 3 DEGRAUS BAQ003;000682;7898083500356;Inativo;1,0000; por UN
;BASE CANELA - CETOL CLASSIC BALANCE AC;002338;7891019918546;Inativo;1,0000; por UN
;BASE CANELA - CETOL CLASSIC BALANCE AC 900ML;002337;7891019918553;Inativo;1,0000; por UN
;BASE CANELA - CETOL CLASSIC BALANCE BR;002339;7891019918577;Inativo;1,0000; por UN
;BASE CANELA - CETOL CLASSIC BALANCE BR 16L;002340;7891019918560;Inativo;1,0000; por UN
;BASE CIMENTO - DECORA EFEITO CIMENTO QUEIMADO 3L - CORAL;000479;7891019915798;Inativo;1,0000; por UN
;BASE CIMENTO - DECORA EFEITO 3L;000335;SEM GTIN;Inativo;1,0000; por GL
;BASE CIMENTO_QU - DECORA EFEITO CIMENTO QUEIMADO;002328;SEM GTIN;Inativo;1,0000; por UN
;BASE E TESTEIRA PARA EXP ARAMADO DE LIXA;001891;7908172300047;Inativo;1,0000; por UN
;BASE F - ACABAMENTO DE SEDA;002233;7891019177134;Inativo;1,0000; por UN
;BASE F - ACABAMENTO DE SEDA 3,2L;002232;7891019177097;Inativo;1,0000; por UN
;BASE F - ACABAMENTO DE SEDA 800ML;002231;7891019177066;Inativo;1,0000; por UN
;BASE F - CORALIT AB;002128;SEM GTIN;Inativo;1,0000; por UN
;BASE F - CORALIT AB 800ML;002127;7891019205585;Inativo;1,0000; por UN
;BASE F - CORALIT AC;002120;SEM GTIN;Inativo;1,0000; por UN
;BASE F - CORALIT AC 800ML;002119;7891019133581;Inativo;1,0000; por UN
;BASE F - CORALIT ZERO BRILHANTE;002161;7891019165339;Inativo;1,0000; por UN
;BASE F - CORALIT ZERO BRILHANTE 800ML;002162;7891019165346;Inativo;1,0000; por UN
;BASE F - DECORA CORES FOSCO;002110;7891019106714;Inativo;1,0000; por UN
;BASE F - DECORA CORES FOSCO 3,2L;002111;7891019106707;Inativo;1,0000; por UN
;BASE F - DECORA CORES FOSCO 800ML;002109;7891019106691;Inativo;1,0000; por UN
;BASE F - DECORA CORES SEMI BRILHO;002099;7891019106837;Inativo;1,0000; por UN
;BASE F - DECORA CORES SEMI BRILHO 3,2L;002098;7891019106820;Inativo;1,0000; por UN
;BASE F - DECORA CORES SEMI BRILHO 800ML;002097;7891019106813;Inativo;1,0000; por UN
;BASE F - DECORA SUAVE SENSACAO;002211;7891019155033;Inativo;1,0000; por UN
;BASE F - DECORA SUAVE SENSACAO 3,2L;002210;7891019156641;Inativo;1,0000; por UN
;BASE F - DECORA SUAVE SENSACAO 800ML;002209;7891019159727;Inativo;1,0000; por UN
;BASE F - SUPER LAVAVEL;002138;7891019147991;Inativo;1,0000; por UN
;BASE F - SUPER LAVAVEL 3,2L;002139;7891019147977;Inativo;1,0000; por UN
;BASE F - SUPER LAVAVEL 800ML;002137;7891019146376;Inativo;1,0000; por UN
;BASE F - WANDEPOXY;002195;7891019173136;Inativo;1,0000; por UN
;BASE F - 3 EM 1;002087;7891019106462;Inativo;1,0000; por UN
;BASE F - 3 EM 1 3,2L;002086;7891019106455;Inativo;1,0000; por UN
;BASE F - 3 EM 1 800ML;002085;7891019106448;Inativo;1,0000; por UN
;BASE FT - TEXTURIZADO GEL;002151;7891019155101;Inativo;1,0000; por UN
;BASE FT - TEXTURIZADO GEL 800ML;002152;7891019155118;Inativo;1,0000; por UN
;BASE M - ACABAMENTO DE SEDA;002230;7891019177127;Inativo;1,0000; por UN
;BASE M - ACABAMENTO DE SEDA 3,2L;002229;7891019177080;Inativo;1,0000; por UN
;BASE M - ACABAMENTO DE SEDA 800ML;002228;7891019177059;Inativo;1,0000; por UN
;BASE M - CORALIT AB ULTRA RES 3.2L CORAL;000425;7891019205578;Ativo;1,0000; por GL
;BASE M - CORALIT AB 16L;002126;SEM GTIN;Inativo;1,0000; por UN
;BASE M - CORALIT AB 18L;002125;7891019205561;Inativo;1,0000; por UN
;BASE M - CORALIT AC 0,800ML;002118;7891019133550;Inativo;1,0000; por UN
;BASE M - CORALIT AC 3,2L;002117;7891019133567;Inativo;1,0000; por UN
;BASE M - CORALIT ZERO BRILHANTE;002159;7891019165315;Inativo;1,0000; por UN
;BASE M - CORALIT ZERO BRILHANTE 800ML;002160;7891019165322;Inativo;1,0000; por UN
;BASE M - DECORA CORES FOSCO;002107;7891019106684;Inativo;1,0000; por UN
;BASE M - DECORA CORES FOSCO 3,2L;002106;7891019106677;Inativo;1,0000; por UN
;BASE M - DECORA CORES FOSCO 800ML;002108;7891019106660;Inativo;1,0000; por UN
;BASE M - DECORA CORES SEMI BRILHO;002094;7891019106806;Inativo;1,0000; por UN
;BASE M - DECORA CORES SEMI BRILHO 3,2L;002095;7891019106790;Inativo;1,0000; por UN
;BASE M - DECORA CORES SEMI BRILHO 800ML;002096;7891019106783;Inativo;1,0000; por UN
;BASE M - DECORA SUAVE SENSACAO;002207;7891019156634;Inativo;1,0000; por UN
;BASE M - DECORA SUAVE SENSACAO 3,2L;002208;7891019156610;Inativo;1,0000; por UN
;BASE M - DECORA SUAVE SENSACAO 800ML;002206;7891019159710;Inativo;1,0000; por UN
;BASE M - SUPER LAVAVEL;002135;7891019147953;Inativo;1,0000; por UN
;BASE M - SUPER LAVAVEL 3,2L;002134;7891019147939;Inativo;1,0000; por UN
;BASE M - SUPER LAVAVEL 800ML;002136;7891019147946;Inativo;1,0000; por UN
;BASE M - 3 EM 1;002082;7891019106431;Inativo;1,0000; por UN
;BASE M - 3 EM 1 SEMI BRILHO;002220;7891019175963;Inativo;1,0000; por UN
;BASE M - 3 EM 1 SEMI BRILHO 3,2L;002219;7891019175970;Inativo;1,0000; por UN
;BASE M - 3 EM 1 SEMI BRILHO 800ML;002218;7891019175987;Inativo;1,0000; por UN
;BASE M - 3 EM 1 3,2L;002083;7891019106424;Inativo;1,0000; por UN
;BASE M - 3 EM 1 800ML;002084;7891019106417;Inativo;1,0000; por UN
;BASE MARMORE - DECORA EFEITO MARMORE;002327;7891019915712;Inativo;1,0000; por UN
;BASE MF - ACRILICO TOTAL FOSCO;002241;7891019177240;Inativo;1,0000; por UN
;BASE MF - ACRILICO TOTAL FOSCO 3,2L;002240;7891019177332;Inativo;1,0000; por UN
;BASE MF - ACRILICO TOTAL FOSCO 800ML;002239;7891019177325;Inativo;1,0000; por UN
;BASE MF - ACRILICO TOTAL SEMIBRILHO;002250;7891019907540;Inativo;1,0000; por UN
;BASE MF - ACRILICO TOTAL SEMIBRILHO 3,2L;002249;7891019907557;Inativo;1,0000; por UN
;BASE MF - ACRILICO TOTAL SEMIBRILHO 800ML;002248;7891019907564;Inativo;1,0000; por UN
;BASE MF - CORALIT TOTAL ACET 0,8 L - CORAL;000427;7891019907915;Ativo;1,0000; por QT
;BASE MF - CORALIT TOTAL ACET 3.2L - CORAL;000426;7891019907908;Ativo;1,0000; por GL
;BASE MF - CORALIT TOTAL ACETINADO;002334;SEM GTIN;Inativo;1,0000; por UN
;BASE MF - CORALIT TOTAL ACETINADO 800ML;002335;SEM GTIN;Inativo;1,0000; por UN
;BASE MF - CORALIT TOTAL BR 3.2L - CORAL;000428;SEM GTIN;Inativo;1,0000; por GL
;BASE MF - CORALIT TOTAL BRILHANTE;002331;SEM GTIN;Inativo;1,0000; por UN
;BASE MF - CORALIT ULTRA RESISTENCIA BALANCE AC;002303;7891019909667;Inativo;1,0000; por UN
;BASE MF - CORALIT ULTRA RESISTENCIA BALANCE AC 700ML;002302;7891019909674;Inativo;1,0000; por UN
;BASE MF - CORALIT ULTRA RESISTENCIA BALANCE BR;002297;7891019909681;Inativo;1,0000; por UN
;BASE MF - CORALIT ULTRA RESISTENCIA BALANCE BR 700ML;002296;7891019909698;Inativo;1,0000; por UN
;BASE MF - CORALIT ZERO BRILHANTE;002272;SEM GTIN;Inativo;1,0000; por UN
;BASE MF - CORALIT ZERO BRILHANTE 3,2L;002271;7891019907939;Inativo;1,0000; por UN
;BASE MF - DECORA DIAMANTE S/B 16L - CORAL;000429;7891019177936;Ativo;1,0000; por LA
;BASE MF - DECORA DIAMANTE S/B 3.2L - CORAL;000430;7891019177943;Ativo;240,0000; por GL
;BASE MF - DECORA MATE FOSCO 0,8L - CORAL;000439;7891019906741;Ativo;1,0000; por QT
;BASE MF - DECORA MATE FOSCO 16L - CORAL;000433;7891019177882;Ativo;1,0000; por LA
;BASE MF - DECORA MATE FOSCO 3.2L - CORAL;000434;7891019906734;Ativo;1,0000; por GL
;BASE MF - DECORA MATTE 3,2L;000334;SEM GTIN;Inativo;1,0000; por GL
;BASE MF - DECORA SEDA AC 0,8 L - CORAL;000512;7891019915774;Ativo;1,0000; por QT
;BASE MF - DECORA SEDA AC 1 3,2L;002324;SEM GTIN;Inativo;1,0000; por UN
;BASE MF - DECORA SEDA AC 16L - CORAL;000440;SEM GTIN;Ativo;1,0000; por LA
;BASE MF - DECORA SEDA AC 16L - CORAL 800ML;000435;SEM GTIN;Inativo;1,0000; por LA
;BASE MF - DECORA SEDA AC 2 3,2L;002322;SEM GTIN;Inativo;1,0000; por UN
;BASE MF - DECORA SEDA AC 3.2L - CORAL;000511;7891019915767;Ativo;232,5000; por GL
;BASE MF - DECORA SEDA AC 800ML;002323;SEM GTIN;Inativo;1,0000; por UN
;BASE MF - NOVO DECORA FOSCO 1 3,2L;002257;SEM GTIN;Inativo;1,0000; por UN
;BASE MF - NOVO DECORA FOSCO 2 3,2L;002258;SEM GTIN;Inativo;1,0000; por UN
;BASE MF - NOVO DECORA FOSCO 800ML;002259;SEM GTIN;Inativo;1,0000; por UN
;BASE MF - NOVO DECORA SEMIBRILHO;002266;SEM GTIN;Inativo;1,0000; por UN
;BASE MF - NOVO DECORA SEMIBRILHO 800ML;002267;7891019177950;Inativo;1,0000; por UN
;BASE MF - RENOVA FOSCO 1 3,2L;002315;7891019915279;Inativo;1,0000; por UN
;BASE MF - RENOVA FOSCO 2 3,2L;002316;7891019915316;Inativo;1,0000; por UN
;BASE MF - RENOVA FOSCO 800ML;001167;SEM GTIN;Inativo;1,0000; por UN
;BASE MF - SOL & CHUVA 1 800ML;002308;7891019915040;Inativo;1,0000; por UN
;BASE MF - SOL & CHUVA 2 800ML;002309;7891019915033;Inativo;1,0000; por UN
;BASE MF - SOL&CHUVA ACRIL TOTAL 16L;002289;SEM GTIN;Inativo;1,0000; por UN
;BASE MF - SOL&CHUVA ACRIL TOTAL 16L - CORAL;000513;7891019909025;Ativo;1,0000; por LA
;BASE MF - SOL&CHUVA ACRIL TOTAL 3,2L;002288;SEM GTIN;Inativo;1,0000; por UN
;BASE MF - SOL&CHUVA ACRIL TOTAL 3.2L - CORAL;000521;SEM GTIN;Ativo;1,0000; por GL
;BASE MF - SUPER LAVAVEL EGGSHELL;002282;7891019906703;Inativo;1,0000; por UN
;BASE MF - SUPER LAVAVEL EGGSHELL 1 800ML;002280;7891019906710;Inativo;1,0000; por UN
;BASE MF - SUPER LAVAVEL EGGSHELL 16L - CORAL;000522;SEM GTIN;Ativo;1,0000; por LA
;BASE MF - SUPER LAVAVEL EGGSHELL 2 800ML;002281;7891019906697;Inativo;1,0000; por UN
;BASE MF - SUPER LAVAVEL EGGSHELL 3.2L - CORAL;000523;SEM GTIN;Inativo;1,0000; por GL
;BASE NATURAL - CETOL EFEITO NATURAL AC 15L;002174;7891574063750;Inativo;1,0000; por UN
;BASE NATURAL - CETOL EFEITO NATURAL AC 3,2L;002173;7891574062081;Inativo;1,0000; por UN
;BASE NATURAL - CETOL EFEITO NATURAL BALANCE AC;002185;7891019171170;Inativo;1,0000; por UN
;BASE NATURAL - CETOL EFEITO NATURAL BALANCE AC 800ML;002184;7891019171163;Inativo;1,0000; por UN
;BASE NATURAL - SPARALACK CETOL STAIN AC 800ML;002341;SEM GTIN;Inativo;1,0000; por UN
;BASE NATURAL - SPARLACK CETOL BALANCE AC;002199;7891019174416;Inativo;1,0000; por UN
;BASE NATURAL - SPARLACK CETOL BALANCE AC 900ML;002200;7891019174423;Inativo;1,0000; por UN
;BASE NATURAL - SPARLACK CETOL BALANCE BR;002202;7891019174294;Inativo;1,0000; por UN
;BASE NATURAL - SPARLACK CETOL BALANCE BR 900ML;002201;7891019174300;Inativo;1,0000; por UN
;BASE NATURAL - SPARLACK EX MAR B AGUA AC;002189;7891019170968;Inativo;1,0000; por UN
;BASE NATURAL - SPARLACK EX MAR B AGUA AC 900ML;002188;7891019170975;Inativo;1,0000; por UN
;BASE NATURAL - SPARLACK EX MAR B AGUA BR;002187;7891019171149;Inativo;1,0000; por UN
;BASE NATURAL - SPARLACK EX MAR B AGUA BR 900ML;002186;7891019170951;Inativo;1,0000; por UN
;BASE NATURAL - SPARLACK EXTRA MARIT AC;002181;7891019171095;Inativo;1,0000; por UN
;BASE NATURAL - SPARLACK EXTRA MARIT AC 900ML;002180;SEM GTIN;Inativo;1,0000; por UN
;BASE NATURAL - SPARLACK EXTRA MARIT BR 16L;002175;SEM GTIN;Inativo;1,0000; por UN
;BASE NATURAL - SPARLACK EXTRA MARIT BR 3,2L;002176;7891574012352;Inativo;1,0000; por UN
;BASE NATURAL - SPARLACK EXTRA MARIT FO;002183;7891574012338;Inativo;1,0000; por UN
;BASE NATURAL - SPARLACK EXTRA MARIT FO 900ML;002182;7891574012345;Inativo;1,0000; por UN
;BASE NATURAL - SPARLACK TFS AC;002172;7891574012314;Inativo;1,0000; por UN
;BASE NATURAL - SPARLACK TFS AC 900ML;002171;7891574012321;Inativo;1,0000; por UN
;BASE NATURAL - SPARLACK TFS BALANCE AC;002193;7891019169986;Inativo;1,0000; por UN
;BASE NATURAL - SPARLACK TFS BALANCE AC 900ML;002192;7891019170029;Inativo;1,0000; por UN
;BASE NATURAL - SPARLACK TFS BALANCE BR;002191;7891019170111;Inativo;1,0000; por UN
;BASE NATURAL - SPARLACK TFS BALANCE BR 900ML;002190;7891019170104;Inativo;1,0000; por UN
;BASE NATURAL - SPARLACK TFS BR;002169;7891574012291;Inativo;1,0000; por UN
;BASE NATURAL - SPARLACK TFS BR 900ML;002170;7891574012284;Inativo;1,0000; por UN
;BASE P - ACABAMENTO DE SEDA;002227;7891019177110;Inativo;1,0000; por UN
;BASE P - ACABAMENTO DE SEDA 800ML;002225;7891019177035;Inativo;1,0000; por UN
;BASE P - ACABAMENTO DE SEDA 900ML;002226;SEM GTIN;Inativo;1,0000; por UN
;BASE P - ACRILICO TOTAL FOSCO;002238;7891019177226;Inativo;1,0000; por UN
;BASE P - ACRILICO TOTAL FOSCO 3,2L;002237;7891019177356;Inativo;1,0000; por UN
;BASE P - ACRILICO TOTAL FOSCO 800ML;002236;7891019177349;Inativo;1,0000; por UN
;BASE P - ACRILICO TOTAL SEMIBRILHO;002247;7891019907328;Inativo;1,0000; por UN
;BASE P - ACRILICO TOTAL SEMIBRILHO 3,2L;002246;7891019907335;Inativo;1,0000; por UN
;BASE P - ACRILICO TOTAL SEMIBRILHO 800ML;002245;7891019907342;Inativo;1,0000; por UN
;BASE P - CORALIT AB;002123;SEM GTIN;Inativo;1,0000; por UN
;BASE P - CORALIT AB 800ML;002124;7891019205530;Inativo;1,0000; por UN
;BASE P - CORALIT AC;002116;SEM GTIN;Inativo;1,0000; por UN
;BASE P - CORALIT AC 800ML;002115;7891019132720;Inativo;1,0000; por UN
;BASE P - CORALIT BRILHANTE ULTRA RES 3.2L ;002608;7891019132867;Ativo;155,0000; por GL
;BASE P - CORALIT TOTAL ACETINADO;002333;SEM GTIN;Inativo;1,0000; por UN
;BASE P - CORALIT TOTAL BRILHANTE;002330;SEM GTIN;Inativo;1,0000; por UN
;BASE P - CORALIT ULTRA RESISTENCIA BALANCE AC;002300;7891019909629;Inativo;1,0000; por UN
;BASE P - CORALIT ULTRA RESISTENCIA BALANCE AC 700ML;002301;7891019909636;Inativo;1,0000; por UN
;BASE P - CORALIT ULTRA RESISTENCIA BALANCE BR;002295;7891019909643;Inativo;1,0000; por UN
;BASE P - CORALIT ULTRA RESISTENCIA BALANCE BR 700ML;002294;7891019909650;Inativo;1,0000; por UN
;BASE P - CORALIT ZERO ACETINADO;002274;7891019907960;Inativo;1,0000; por UN
;BASE P - CORALIT ZERO ACETINADO 800ML;002273;7891019907977;Inativo;1,0000; por UN
;BASE P - CORALIT ZERO BRILHANTE 16L;002158;7891019165308;Inativo;1,0000; por UN
;BASE P - CORALIT ZERO BRILHANTE 3,2L;002157;SEM GTIN;Inativo;1,0000; por UN
;BASE P - DECORA CORES FOSCO;002103;7891019106653;Inativo;1,0000; por UN
;BASE P - DECORA CORES FOSCO 3,2L;002105;7891019133543;Inativo;1,0000; por UN
;BASE P - DECORA CORES FOSCO 800ML;002104;7891019106646;Inativo;1,0000; por UN
;BASE P - DECORA CORES SEMI BRILHO;002091;7891019106776;Inativo;1,0000; por UN
;BASE P - DECORA CORES SEMI BRILHO 3,2L;002093;7891019106769;Inativo;1,0000; por UN
;BASE P - DECORA CORES SEMI BRILHO 800ML;002092;7891019106752;Inativo;1,0000; por UN
;BASE P - DECORA DIAMANTE S/B 3.2L ;002530;7891019907021;Ativo;262,5000; por GL
;BASE P - DECORA DIAMENTE S/B 800M - CORAL;000524;SEM GTIN;Ativo;1,0000; por QT
;BASE P - DECORA MATTE EXTRA FOSCO 3.2L - CORAL;000525;7891019906833;Ativo;195,0000; por GL
;BASE P - DECORA SEDA AC 3,2L;002321;SEM GTIN;Inativo;1,0000; por UN
;BASE P - DECORA SEDA AC 800ML;002320;SEM GTIN;Inativo;1,0000; por UN
;BASE P - DECORA SUAVE SENSACAO;002205;7891019156665;Inativo;1,0000; por UN
;BASE P - DECORA SUAVE SENSACAO 3,2L;002204;7891019156597;Inativo;1,0000; por UN
;BASE P - DECORA SUAVE SENSACAO 800ML;002203;7891019156603;Inativo;1,0000; por UN
;BASE P - NOVO DECORA FOSCO 16L;002254;SEM GTIN;Inativo;1,0000; por UN
;BASE P - NOVO DECORA FOSCO 800ML;002255;7891019906826;Inativo;1,0000; por UN
;BASE P - RENOVA FOSCO;002314;7891019915309;Inativo;1,0000; por UN
;BASE P - RENOVA FOSCO 16L;002313;7891019915194;Inativo;1,0000; por UN
;BASE P - RENOVA FOSCO 3,2L;002312;7891019915262;Inativo;1,0000; por UN
;BASE P - SOL & CHUVA;002307;SEM GTIN;Inativo;1,0000; por UN
;BASE P - SOL & CHUVA IMPER;002306;SEM GTIN;Inativo;1,0000; por UN
;BASE P - SOL&CHUVA ACRIL TOTAL;002286;7891019909049;Inativo;1,0000; por UN
;BASE P - SOL&CHUVA ACRIL TOTAL 3,2L;002287;7891019909056;Inativo;1,0000; por UN
;BASE P - SUPER LAVAVEL;002132;7891019147922;Inativo;1,0000; por UN
;BASE P - SUPER LAVAVEL EGGSHELL;002277;7891019908165;Inativo;1,0000; por UN
;BASE P - SUPER LAVAVEL EGGSHELL 3,2L;002279;7891019908172;Inativo;1,0000; por UN
;BASE P - SUPER LAVAVEL EGGSHELL 800ML;002278;7891019908189;Inativo;1,0000; por UN
;BASE P - SUPER LAVAVEL 3,2L;002133;7891019147908;Inativo;1,0000; por UN
;BASE P - SUPER LAVAVEL 800ML;002131;7891019147915;Inativo;1,0000; por UN
;BASE P - 3 EM 1;002079;7891019106400;Inativo;1,0000; por UN
;BASE P - 3 EM 1 SEMI BRILHO;002217;7891019175932;Inativo;1,0000; por UN
;BASE P - 3 EM 1 SEMI BRILHO 3,2L;002216;7891019175949;Inativo;1,0000; por UN
;BASE P - 3 EM 1 SEMI BRILHO 800ML;002215;7891019175956;Inativo;1,0000; por UN
;BASE P - 3 EM 1 3,2L;002080;7891019106394;Inativo;1,0000; por UN
;BASE P - 3 EM 1 800ML;002081;7891019106387;Inativo;1,0000; por UN
;BASE P -NOVO DECORA FOSCO;002256;SEM GTIN;Inativo;1,0000; por UN
;BASE P -NOVO DECORA SEMIBRILHO;002264;SEM GTIN;Inativo;1,0000; por UN
;BASE P -NOVO DECORA SEMIBRILHO 16L;002265;7891019907014;Inativo;1,0000; por UN
;BASE P -NOVO DECORA SEMIBRILHO 800ML;002263;7891019907038;Inativo;1,0000; por UN
;BASE PM - BRILHO E PROTECAO;002179;7891019170616;Inativo;1,0000; por UN
;BASE PM - BRILHO E PROTECAO 3,2L;002178;7891019170586;Inativo;1,0000; por UN
;BASE PM - BRILHO E PROTECAO 800ML;002177;7891019170593;Inativo;1,0000; por UN
;BASE PM - CORALIT ZERO ACETINADO;002166;7891019165360;Inativo;1,0000; por UN
;BASE PM - CORALIT ZERO ACETINADO 800ML;002165;7891019165377;Inativo;1,0000; por UN
;BASE PM - RENDE MUITO NOVA FORMULA 16L;002198;SEM GTIN;Inativo;1,0000; por UN
;BASE PM - RENDE MUITO NOVA FORMULA 3,2L;002197;SEM GTIN;Inativo;1,0000; por UN
;BASE PM - RENDE MUITO 3.2L CORAL;002541;7891019170654;Ativo;148,0600; por GL
;BASE PM - RENDE MUITO 800ML CORAL;002542;7891019170661;Ativo;42,0000; por QT
;BASE PM - SOL & CHUVA;002168;7891019166404;Inativo;1,0000; por UN
;BASE PM - SOL & CHUVA 3,2L;002167;7891019166398;Inativo;1,0000; por UN
;BASE PM - TEXTURIZADO DESIGN;002148;7891019153695;Inativo;1,0000; por UN
;BASE PM - TEXTURIZADO DESIGN 3,2L;002147;7891019153619;Inativo;1,0000; por UN
;BASE PM - TEXTURIZADO GEL;002150;7891019153770;Inativo;1,0000; por UN
;BASE PM - TEXTURIZADO GEL 800ML;002149;7891019153855;Inativo;1,0000; por UN
;BASE PM - TEXTURIZADO LISO;002146;7891019152605;Inativo;1,0000; por UN
;BASE PM - TEXTURIZADO LISO 3,2L;002145;7891019152520;Inativo;1,0000; por UN
;BASE PM - TEXTURIZADO RUSTICO;002144;7891019152445;Inativo;1,0000; por UN
;BASE PM - TEXTURIZADO RUSTICO 3,2L;002143;7891019152360;Inativo;1,0000; por UN
;BASE PM - WANDEPOXY;002194;7891019173129;Inativo;1,0000; por UN
;BASE PM - WANDEPOXY BASE AGUA ACET 16L;002224;7891019176991;Inativo;1,0000; por UN
;BASE PM - WANDEPOXY BASE AGUA ACET 3,2L;002223;7891019177004;Inativo;1,0000; por UN
;BASE PM - WANDEPOXY BASE AGUA BRIL;002221;7891019176977;Inativo;1,0000; por UN
;BASE PM - WANDEPOXY BASE AGUA BRIL 800ML;002222;7891019176984;Inativo;1,0000; por UN
;BASE PMF - TIRA TEIMA;002155;7891019163625;Inativo;1,0000; por UN
;BASE PMFT - GEL PEROLIZADO;002154;7891019155552;Inativo;1,0000; por UN
;BASE PMFT - GEL PEROLIZADO 800ML;002153;7891019155569;Inativo;1,0000; por UN
;BASE POL. PRATA POLARIS MET. GM 05 900ML BRAZILIAN;000736;7899044710296;Inativo;1,0000; por UN
;BASE SELADOR - PROT SOL&CHUVA SELADOR IMP 18L;002293;7891019908615;Inativo;1,0000; por UN
;BASE SELADOR - PROT SOL&CHUVA SELADOR IMP 3,6L;002292;7891019908622;Inativo;1,0000; por UN
;BASE T - ACABAMENTO DE SEDA;002235;7891019177141;Inativo;1,0000; por UN
;BASE T - ACABAMENTO DE SEDA 800ML;002234;7891019177042;Inativo;1,0000; por UN
;BASE T - ACRILCIO TOTAL SEMIBRILHO;002253;7891019907373;Inativo;1,0000; por UN
;BASE T - ACRILCIO TOTAL SEMIBRILHO 3,2L;002252;7891019907380;Inativo;1,0000; por UN
;BASE T - ACRILCIO TOTAL SEMIBRILHO 800ML;002251;7891019907397;Inativo;1,0000; por UN
;BASE T - ACRILICO TOTAL FOSCO;002244;7891019177028;Inativo;1,0000; por UN
;BASE T - ACRILICO TOTAL FOSCO 3,2L;002243;7891019177363;Inativo;1,0000; por UN
;BASE T - ACRILICO TOTAL FOSCO 800ML;002242;7891019177370;Inativo;1,0000; por UN
;BASE T - CORALIT AB;002129;SEM GTIN;Inativo;1,0000; por UN
;BASE T - CORALIT AB ULTRA RES 3.2L ;002609;7891019205615;Ativo;200,0000; por GL
;BASE T - CORALIT AB 800ML;002130;7891019205608;Inativo;1,0000; por UN
;BASE T - CORALIT AC;002122;7891019133604;Inativo;1,0000; por UN
;BASE T - CORALIT AC 700ML;002121;7891019133598;Inativo;1,0000; por UN
;BASE T - CORALIT TOTAL ACETINADO;002336;SEM GTIN;Inativo;1,0000; por UN
;BASE T - CORALIT TOTAL BRILHANTE;002332;SEM GTIN;Inativo;1,0000; por UN
;BASE T - CORALIT ULTRA RESISTENCIA BALANCE AC;002305;7891019909704;Inativo;1,0000; por UN
;BASE T - CORALIT ULTRA RESISTENCIA BALANCE AC 700ML;002304;7891019909711;Inativo;1,0000; por UN
;BASE T - CORALIT ULTRA RESISTENCIA BALANCE BR;002299;7891019909728;Inativo;1,0000; por UN
;BASE T - CORALIT ULTRA RESISTENCIA BALANCE BR 700ML;002298;7891019909735;Inativo;1,0000; por UN
;BASE T - CORALIT ZERO ACETINADO;002275;7891019907953;Inativo;1,0000; por UN
;BASE T - CORALIT ZERO ACETINADO 700ML;002276;7891019907946;Inativo;1,0000; por UN
;BASE T - CORALIT ZERO BRILHANTE 16L;002164;SEM GTIN;Inativo;1,0000; por UN
;BASE T - CORALIT ZERO BRILHANTE 3,2L;002163;7891019165407;Inativo;1,0000; por UN
;BASE T - DECORA CORES FOSCO;002113;7891019106745;Inativo;1,0000; por UN
;BASE T - DECORA CORES FOSCO 3,2L;002112;7891019106738;Inativo;1,0000; por UN
;BASE T - DECORA CORES FOSCO 800ML;002114;7891019106721;Inativo;1,0000; por UN
;BASE T - DECORA CORES SEMI BRILHO;002100;7891019106868;Inativo;1,0000; por UN
;BASE T - DECORA CORES SEMI BRILHO 3,2L;002101;7891019106851;Inativo;1,0000; por UN
;BASE T - DECORA CORES SEMI BRILHO 800ML;002102;7891019106844;Inativo;1,0000; por UN
;BASE T - DECORA DIAMANTE S/B 3.2L ;002533;7891019906994;Ativo;220,5000; por GL
;BASE T - DECORA MATE FOSCO 800M 02.23.255;000518;7891019906864;Ativo;32,0000; por QT
;BASE T - DECORA SEDA AC;002326;SEM GTIN;Inativo;1,0000; por UN
;BASE T - DECORA SEDA AC 3.2L - CORAL;000431;7891019177103;Ativo;213,0000; por GL
;BASE T - DECORA SEDA AC 800ML;002325;SEM GTIN;Inativo;1,0000; por UN
;BASE T - DECORA SUAVE SENSACAO;002214;7891019156658;Inativo;1,0000; por UN
;BASE T - DECORA SUAVE SENSACAO 3,2L;002213;7891019155040;Inativo;1,0000; por UN
;BASE T - DECORA SUAVE SENSACAO 800ML;002212;7891019159734;Inativo;1,0000; por UN
;BASE T  LOUSA 3,2 LT CORAL;002393;7891019921744;Ativo;1,0000; por GL
;BASE T - MASTER 3,2L;002573;7891019993963;Ativo;250,0000; por GL
;BASE T - NOVO DECORA FOSCO 16L;002261;7891019906857;Inativo;1,0000; por UN
;BASE T - NOVO DECORA FOSCO 3,2L;002262;7891019906840;Inativo;1,0000; por UN
;BASE T - NOVO DECORA FOSCO 800ML;002260;SEM GTIN;Inativo;1,0000; por UN
;BASE T - NOVO DECORA SEMIBRILHO 16L;002269;SEM GTIN;Inativo;1,0000; por UN
;BASE T - NOVO DECORA SEMIBRILHO 3,2L;002270;7891019906987;Inativo;1,0000; por UN
;BASE T - NOVO DECORA SEMIBRILHO 800ML;002268;7891019907007;Inativo;1,0000; por UN
;BASE T - RENOVA FOSCO 16L;002319;7891019915200;Inativo;1,0000; por UN
;BASE T - RENOVA FOSCO 3,2L;002317;7891019915323;Inativo;1,0000; por UN
;BASE T - RENOVA FOSCO 800ML;002318;7891019915286;Inativo;1,0000; por UN
;BASE T - SOL & CHUVA;002310;7891019915026;Inativo;1,0000; por UN
;BASE T - SOL & CHUVA 3,2L;002311;7891019915019;Inativo;1,0000; por UN
;BASE T - SOL&CHUVA ACRIL TOTAL;002291;7891019909070;Inativo;1,0000; por UN
;BASE T - SOL&CHUVA ACRIL TOTAL 800ML;002290;7891019909063;Inativo;1,0000; por UN
;BASE T - SUPER LAVAVEL;002141;7891019148028;Inativo;1,0000; por UN
;BASE T - SUPER LAVAVEL EGGSHELL;002285;7891019908233;Inativo;1,0000; por UN
;BASE T - SUPER LAVAVEL EGGSHELL 3,2L;002284;7891019908240;Inativo;1,0000; por UN
;BASE T - SUPER LAVAVEL EGGSHELL 800ML;002283;7891019908257;Inativo;1,0000; por UN
;BASE T - SUPER LAVAVEL 3,2L;002140;7891019148004;Inativo;1,0000; por UN
;BASE T - SUPER LAVAVEL 800ML;002142;7891019146383;Inativo;1,0000; por UN
;BASE T - TIRA TEIMA;002156;7891019163632;Inativo;1,0000; por UN
;BASE T - WANDEPOXY;002196;7891019173143;Inativo;1,0000; por UN
;BASE T - 3 EM 1;002088;7891019106493;Inativo;1,0000; por UN
;BASE T - 3 EM 1 3,2L;002089;7891019106486;Inativo;1,0000; por UN
;BASE T - 3 EM 1 800ML;002090;7891019106479;Inativo;1,0000; por UN
;BASE VELVET - DECORA EFEITO VELVET;002329;7730149026687;Inativo;1,0000; por UN
;BASTON DESENGRIPANTE  300ML CHEMICOLOR;002579;7899674035660;Ativo;12,0000; por UN
;BASTON ESPUMA EXPANSIVA  12X500ML/310G CHEMICOLOR;002580;7898436140130;Ativo;23,9900; por UN
;BASTON ESPUMA EXPANSIVA PROTEG 500M 14.20.100;000482;7899674012555;Inativo;1,0000; por UN
;BATIDA DE PEDRA BRANCO 3,6L - MAXIRUBBER ( NOVO );001290;7898031542872;Ativo;116,9000; por GL
;BAUTECH ARGAMASSA ACABA TRINCA;000315;SEM GTIN;Inativo;1,0000; por UN
;BAUTECH CIMENTO IMPERMEAVEL 7000 18KG;001089;SEM GTIN;Inativo;1,0000; por UN
;BAUTECH FITA 10CM X 10M MANTA;000234;SEM GTIN;Inativo;1,0000; por UN
;BAUTECH FITA 20CM X 10M MANTA;000230;SEM GTIN;Inativo;1,0000; por UN
;BAUTECH FITA 30CM X 10M MANTA;000231;SEM GTIN;Inativo;1,0000; por UN
;BAUTECH FITA 45CM X 10M MANTA;000232;SEM GTIN;Inativo;1,0000; por UN
;BAUTECH FITA 90CM X 10M MANTA;000233;SEM GTIN;Inativo;1,0000; por UN
;BAUTECH SELANTE ACABA TRINCA;000314;SEM GTIN;Inativo;1,0000; por UN
;BAUTECH TAPA TRINCA 0,500GRS;000235;SEM GTIN;Inativo;1,0000; por UN
;BAUTECH TOP 18KG;000229;SEM GTIN;Inativo;1,0000; por CX
;BAUTECH VEDA CALHA CINZA;000316;SEM GTIN;Inativo;1,0000; por UN
;BIANCO ADESIVO ARGAMASSA LIQUIDO 3.6KG;000817;SEM GTIN;Inativo;1,0000; por UN
;BIANCO BARONE 3,6L;000665;SEM GTIN;Inativo;1,0000; por UN
;BOBINA KRAFT 30CM;000973;SEM GTIN;Inativo;1,0000; por UN
;BOBINA KRAFT 45CM;000692;1000202000678;Inativo;1,0000; por UN
;BOBINA KRAFT 60CM;001555;SEM GTIN;Inativo;1,0000; por UN
;BOMVINK ESMERILHADEIRA ANGULAR BOM-9545;002753;7908782209051;Ativo;170,0000; por UN
;BRASILUX TINTA PARA PISCINA;002078;SEM GTIN;Inativo;1,0000; por UN
;BRAZILIA CATALISADOR SINTETICO;000036;7899044725740;Inativo;1,0000; por UN
;BRAZILIA DILUENTE P/ EPOXI;000035;7899044759004;Inativo;1,0000; por UN
;BRAZILIA ENDURECEDOR / CATALIZADOR P/ EPOXI;000034;7899044754504;Inativo;1,0000; por UN
;BRAZILIA EPOXI PRIMER CINZA;000033;7899044757888;Inativo;1,0000; por UN
;BRAZILIA EPOXIMO AZUL DEL REY;000032;7899044755358;Inativo;1,0000; por UN
;BROCA VIDEA IRWIN 6 MM;000926;SEM GTIN;Inativo;1,0000; por UN
;C - LARANJA;002343;SEM GTIN;Ativo;1,0000; por UN
;CACAMBA DE PINTURA 12LTS - THOMPSON;000650;7898011979018;Ativo;28,9000; por UN
;CACAMBA DE PINTURA 15LTS - THOMPSON ( NOVO );001294;7898011979025;Ativo;29,9900; por UN
;CADEADO PADO 20MM;001057;7891065000141;Inativo;1,0000; por UN
;CADEADO PADO 25MM;001058;7891065000158;Inativo;1,0000; por UN
;CADEADO PADO 40MM;001126;7891065011635;Inativo;1,0000; por UN
;CAL DE PINTURA 8KG;000891;SEM GTIN;Inativo;1,0000; por UN
;CANAL BANDEJA PARA PINTURA 1,3L;000065;7898131335152;Inativo;1,0000; por UN
;CANAL BANDEJA PARA PINTURA 3,6L;000020;7898131335145;Inativo;1,0000; por UN
;CANAL MASSEIRA PVC PRETA 20L REF.;000072;7898131330539;Inativo;1,0000; por UN
;CANTO DO AZULAO - B 6X1 - CORAL IMPERME;000764;SEM GTIN;Inativo;1,0000; por UN
;CARRO PLATAFORMA TUB 300KG 1,00X57CM CP300T ACM TOOLS;000225;SEM GTIN;Inativo;1,0000; por UN
;CASA DE FERRO / TINTAS SUPER CASA GL 3,6;000109;SEM GTIN;Inativo;1,0000; por GL
;CASCOLA COLA CONTATO TEKBOND 200G;001190;7898543383574;Inativo;1,0000; por UN
;CASCOLA EXTRA S/TOLUOL 30GR 13.04.005;000483;7891200007868;Inativo;1,0000; por UN
;CASCOLA PU40 CONSTR BCO 380GX12 380G 13.04.266;000484;7891200016594;Inativo;1,0000; por UN
;CASCOLA TRAD. S/ TOLUOL 2,8 KG - HENKEL;001561;7891200009848;Inativo;1,0000; por UN
;CASCOLA TRAD. S/ TOLUOL 730G - HENKEL;001563;7891200009831;Inativo;1,0000; por QT
;CASCOLA TRADICIONAL S/TOLUOL 195G 13.04.084;000485;7891200009817;Inativo;1,0000; por UN
;CASCOLA TRADICIONAL S/TOLUOL 400G 13.04.085;000486;7891200009824;Inativo;1,0000; por UN
;CASCOREZ EXTRA   500G 13.04.030;002797;7891200007431;Ativo;29,9900; por UN
;CASCOREZ EXTRA 1KG;000487;7891200007448;Inativo;1,0000; por UN
;CASCOREZ EXTRA 500G;000488;9900000001438;Inativo;1,0000; por UN
;CASCOREZ UNIVERSAL 1KG;000112;7891200007493;Inativo;1,0000; por UN
;CASTOR LIXADEIRA PLAST.08X21CM C/ CABO;000909;7898003893216;Inativo;1,0000; por UN
;CASTOR MISTURADOR ACO 40CM X 8CM 17.21.031;000910;7898003895807;Inativo;1,0000; por UN
;CATALISADOR AMIDA P/ FUNDO WANDEPOXI;000654;7891019173198;Inativo;1,0000; por QT
;CATALISADOR CLEAR HS BR  COMP B 1/4 COD. 2339001;000698;SEM GTIN;Inativo;1,0000; por QT
;CATALISADOR P/ VERNIZ EPOXI WANDA 0,9L;000691;7891019173167;Inativo;1,0000; por UN
;CATALISADOR PARA MASSA PLASTICA;000974;SEM GTIN;Inativo;1,0000; por UN
;CATALISADOR RVA  COMP B 1/4;000597;SEM GTIN;Inativo;1,0000; por QT
;CATALISADOR RVD  COMP B 1/4;000702;SEM GTIN;Inativo;1,0000; por QT
;CATALISADOR SELADOR CVS 301 COMP B;000639;SEM GTIN;Inativo;1,0000; por QT
;CATALISADOR 3026 ERD 322 COMP B 1/4;000594;7899125303058;Inativo;1,0000; por QT
;CATALIZADOR VERNIZ ANTIPICHACAO PARTE B 1/4 - WEG;000673;SEM GTIN;Inativo;1,0000; por QT
;CC11 - EXTRATO TINTORIAL - V3 VERMELHO VIVO - 950ML;001277;SEM GTIN;Inativo;1,0000; por QT
;CENTR BIKI P/ 3 DISJ NEMA/4DIN BR/FUME;001115;7897223000183;Inativo;1,0000; por UN
;CENTR BIKI P/ 6 DISJ NEMA/8DIN BR/FUME;001116;7897223000190;Inativo;1,0000; por UN
;CENTR BIKI P/12 DISJ NEMA/16DIN BR/FUME;001117;7897223000206;Inativo;1,0000; por UN
;CERA CARNAUBA INCOLOR 0,9 L - MOCOCA;000508;7899228205044;Inativo;1,0000; por QT
;CERA CARNAUBA SUPER BRILHO V8  500ML SANOL;002751;7896183315993;Ativo;30,0000; por UN
;CHAPA EUCATEX 2,44X1,22X2,5MM;000111;SEM GTIN;Inativo;1,0000; por UN
;CHAPIX BLANCO QUARTZOLIT 1L FRASCO;000681;7894174213723;Inativo;1,0000; por UN
;CHAPIX BLANCO QUARTZOLIT 18L BALDE 31316.02.33.042;000741;7894174213167;Inativo;1,0000; por BD
;CHAPIX BLANCO QUARTZOLIT 3,6L GALAO;000680;7894174213396;Inativo;1,0000; por UN
;CHAVE ALLEN ABAU XL 1.5 A 10 COM 9 PECAS;001158;SEM GTIN;Inativo;1,0000; por UN
;CHAVE ALLEN 1.5 A 10 COM 10 PECAS;001131;7898011972996;Inativo;1,0000; por UN
;CHAVE PHILLIPS 1/4X16;001664;SEM GTIN;Inativo;1,0000; por UN
;CHAVE PHILLIPS 1/4X8;001663;SEM GTIN;Inativo;1,0000; por UN
;CHAVE TORX XLONGA C FURO 9 PECAS;001159;SEM GTIN;Inativo;1,0000; por UN
;CIACOLLO PEDRAS NATURAIS 25 KG BALDE;001916;SEM GTIN;Inativo;1,0000; por UN
;CIMENTO COMUM CZ INDEFLEX 1KG;001106;7898578720405;Inativo;1,0000; por UN
;CIMENTO QUEIMADO DIA AVEL POEIRA DE JADE 3,2 KG - DECOR COLORS;001016;SEM GTIN;Inativo;1,0000; por GL
;CIMENTO QUEIMADO DIA AVEL SAFIRA INTENSA 3,2 KG - DECOR COLORS;001017;SEM GTIN;Inativo;1,0000; por GL
;CINTA LIXA 782X50 GRAO 100 IDEAL ABRAS;000883;SEM GTIN;Inativo;1,0000; por UN
;CINTA LIXA 782X50 GRAO 36 IDEAL ABRAS;000882;SEM GTIN;Inativo;1,0000; por UN
;CINTO ERGONOMICO DE SEGURANCA TAM M CLLIGHT DLR;000226;SEM GTIN;Inativo;1,0000; por UN
;CINTO ERGONOMICO DE SEGURANCA TAM P CLLIGHT DLR;000227;SEM GTIN;Inativo;1,0000; por UN
;COADOR TINTA AUTO DESC. UNIDADE;001028;SEM GTIN;Inativo;1,0000; por UN
;COLA ADES P/ FIXAR CUBA TEKBOND 380G;001042;7898472261899;Inativo;1,0000; por UN
;COLA ADES P/ FIXAR ESPELHO TEKBOND 389G;001041;7898472263664;Inativo;1,0000; por UN
;COLA ADES PU CIBRA CONSTRUCAO BR 400GR;001037;7898965442064;Inativo;1,0000; por UN
;COLA ADES PU CIBRA CONSTRUCAO CZ 400GR;000733;7898965442361;Inativo;1,0000; por UN
;COLA ADES PU 40 FIX TEK BR 387G/280ML;001040;7898472261912;Inativo;1,0000; por UN
;COLA BASTAO SILIC TEKBOND FINA UNIDADE;001062;SEM GTIN;Inativo;1,0000; por UN
;COLA BASTAO SILIC TEKBOND FINA 500G;001061;7898543384618;Inativo;1,0000; por UN
;COLA BASTAO SILIC TEKBOND GROSSA UNIDADE;001064;SEM GTIN;Inativo;1,0000; por UN
;COLA BASTAO SILIC TEKBOND GROSSA 1 KG;001063;7898543384663;Inativo;1,0000; por UN
;COLA MADEIRA TEKBOND 100GR;001074;7898472261769;Ativo;8,9000; por UN
;COLA RODAPE B. AGUA ARGATEX 5KG;000811;SEM GTIN;Inativo;1,0000; por UN
;COLA SELA CALHA CINZA POTE 500GR;001038;7898280880022;Ativo;24,9000; por UN
;COLA SILIC TEKBOND 256GR INCOLOR;001139;7898472259629;Ativo;31,9900; por UN
;COLA SILIC TEKBOND 280GR BRANCO;001161;SEM GTIN;Inativo;1,0000; por UN
;COLA SILIC TEKBOND 280GR PRETO;001039;7898904869525;Ativo;39,9900; por UN
;COLORANTE BI AZUL INORGANICO;002412;7891260377468;Inativo;1,0000; por UN
;COLORANTE BO AZUL;002410;7891260377512;Inativo;1,0000; por UN
;COLORANTE CB PRETO;002411;7891260377406;Inativo;1,0000; por UN
;COLORANTE GI VERDE OXIDO;002406;7891260377413;Inativo;1,0000; por UN
;COLORANTE GO VERDE;002409;7891260377475;Inativo;1,0000; por UN
;COLORANTE PR MAGENTA;002407;7891260377437;Inativo;1,0000; por UN
;COLORANTE RB VERMELHO;002414;7891260377390;Inativo;1,0000; por UN
;COLORANTE RI VERMELHO OXIDO;002415;7891260377444;Inativo;1,0000; por UN
;COLORANTE RY VERM ALARANJADO;002413;7891260377567;Inativo;1,0000; por UN
;COLORANTE WI BRANCO;002417;7891260377505;Inativo;1,0000; por UN
;COLORANTE YG AMARELO ESVERDEADO;002416;7891260377420;Inativo;1,0000; por UN
;COLORANTE YI AMARELO OXIDO;002405;7891260378465;Inativo;1,0000; por UN
;COLORANTE YM AMARELO;002408;7891260377499;Inativo;1,0000; por UN
;COLORANTE YR LARANJA;002356;7891260377451;Inativo;1,0000; por UN
;CORAL ACR RENOVA FOSCO 16L ;000339;7891019915132;Ativo;444,9000; por BD
;CORAL ACR SOL E CHUVA IMPER 18L PREMIUM;000343;SEM GTIN;Ativo;489,9900; por LA
;CORAL ACR SUPER LAVAVEL PM 18L - BRANCO GELO;000338;SEM GTIN;Inativo;1,0000; por LA
;CORAL CORA. SR ACET BRANCO 18L CORAL;000897;SEM GTIN;Inativo;448,9900; por LA
;CORAL CORALAR AC ECON. BRANCO BALDE PLAST 15L;001876;SEM GTIN;Inativo;169,9000; por BD
;CORAL CORALAR ACR + DESEMPENHO BRANCO 18L;001877;7891019138449;Ativo;249,9900; por LA
;CORAL CORALIT ULTRA PRETO ALTO BRILHO 3,6 LT;001975;7891019201853;Ativo;199,9900; por GL
;CORAL CORALIT ULTRA RESIST BR AZUL DEL REY 3,6 LT;000765;7891019202171;Ativo;200,0000; por GL
;CORAL CORALIT ULTRA RESIST BR AZUL FRANCA 3,6 LT;001358;7891019202324;Ativo;200,9900; por GL
;CORAL CORALIT ULTRA RESIST PRETO / FO  3,6 LT;000543;7891019203529;Ativo;200,0000; por GL
;CORAL ESM OURO ALTO BRILHO 900 ML SOLVENTE;000752;7891019172535;Inativo;1,0000; por QT
;CORAL FUNDO PREPARADOR BASE AGUA 3,6 LT;001087;SEM GTIN;Ativo;129,9900; por GL
;CORAL FUNDO PREPARADOR MADEIRA E METAL 900 ML AGUA;000722;SEM GTIN;Ativo;73,0900; por QT
;CORAL FUNDO PREPARADOR 18L;001100;SEM GTIN;Ativo;433,8400; por LA
;CORAL GRAFITE ESCURO 3,6 LT;000772;7891019201662;Ativo;159,5400; por GL
;CORAL MACTRA MANTA LIQUIDA BRANCA 18 KG VEDBEM;002574;7891019993772;Ativo;299,9900; por BD
;CORAL MASSA ACRILICA BALDE 5,7 KG;001974;7891019921263;Ativo;89,9900; por GL
;CORAL MASSA ACRILICA 1,5KG;000531;7891019105809;Ativo;3.680,0000; por QT
;CORAL MASSA ACRILICA- 25 KG;001070;SEM GTIN;Inativo;379,9900; por LA
;CORAL MASSA ACRILICA 25KG;000532;7891019915088;Ativo;294,2700; por LA
;CORAL MASSA CORRIDA PVA BALDE 5,7 KG;001973;7891019921256;Ativo;69,9900; por GL
;CORAL MASSA CORRIDA PVA 1.5 KG;000623;7891019105748;Ativo;28,7800; por QT
;CORAL MASSA CORRIDA PVA 25KG;000516;7891019915095;Ativo;119,9900; por LA
;CORAL PISO AMARELO DEM 18L;001071;SEM GTIN;Inativo;379,9900; por LA
;CORAL RENDE MUITO ACR. BRANCO BALDE 20 LT;001359;SEM GTIN;Inativo;449,9900; por BD
;CORAL RENDE MUITO BRANCO FOSCO 3,6L;000558;7891019101467;Ativo;149,9900; por GL
;CORAL RENDE MUITO BRANCO 0,9L;000620;7891019101474;Ativo;59,9900; por QT
;CORAL RENDE MUITO BRANCO 18L;000557;7891019101481;Ativo;449,9900; por LA
;CORAL RENOVA FOSCO BRANCO 3.2L;000437;7891019915217;Ativo;189,9900; por GL
;CORAL RENOVA TETO BANHEIRO & COZINHA BR 900LT;000640;7891019166343;Ativo;64,9900; por QT
;CORAL RENOVA TETO BANHEIRO & COZINHA FO 3,6 GL;000561;7891019166350;Ativo;199,9900; por GL
;CORAL SELADOR ACRILICO 18L 02.02.304;000539;7891019106035;Ativo;267,5300; por LA
;CORAL SPARLACK EXTRA MARITIMO BR NAT. INCOLOR 0,225L;001874;7891574012383;Ativo;27,2500; por QT
;CORAL VERNIZ ACRILICO INCOLOR 3,6L;000819;7891019104727;Ativo;114,9000; por GL
;CORAL WANDEPOXY MASSA BICOMP BRANCO 4.3KG;000636;7891019172825;Inativo;1,0000; por UN
;CORALAR ACR + DESEMPENHO BRANCO 3,6L;000982;7891019138456;Ativo;94,9900; por GL
;CORALAR ACR ROSA ACAI 18L - CORAL;000745;SEM GTIN;Inativo;259,9900; por LA
;CORALAR ACR ROSA ACAI 3,6L;000979;7891019169306;Ativo;89,9900; por GL
;CORALAR ACR RUBI 3,6L;000980;7891019169344;Ativo;89,9900; por GL
;CORALAR ACR VERDE KIWI 3,6L;000983;SEM GTIN;Inativo;1,0000; por GL
;CORALAR ACR VERDE LIMAO ACAI 18L - CORAL;000746;SEM GTIN;Inativo;259,9900; por LA
;CORALAR ACR VERDE LIMAO 3,6L;000981;7891019168590;Ativo;89,9900; por GL
;CORALIT AREIA ULTRA RES ALT BRI 3,6 L CORAL;000896;7891019203031;Ativo;1,0000; por GL
;CORALIT ESM ULTRA RESIST  BRANCO ALTO BRILHO 3,6L;001875;7891019201723;Ativo;184,2600; por GL
;CORALIT FDO ZARCAO PROFERRO 3,6 L - CORAL;000566;7891019201686;Inativo;1,0000; por UN
;CORALIT FOSCO BRANCO ULTRA RES 0,9L 02.03.600;000540;7891019203499;Ativo;42,9900; por QT
;CORALIT FOSCO BRANCO ULTRA RES 3,60 02.03.610;000541;7891019203482;Ativo;69,9900; por GL
;CORALIT FOSCO PRETO ULTRA RES 0,9L 02.03.605;000542;7891019203536;Ativo;42,9900; por QT
;CORALIT SR ACET BRANCO 0,9L 02.03.981;000544;7891019908318;Ativo;42,9900; por QT
;CORALIT SR BR AMARELO 0,9L CORAL;000886;SEM GTIN;Ativo;49,6000; por QT
;CORALIT SR BR AMARELO 3,6L CORAL;000704;SEM GTIN;Ativo;16.999,0000; por GL
;CORALIT SR BR AZUL MAR 3,6L CORAL;000994;SEM GTIN;Ativo;144,9900; por GL
;CORALIT SR BR BRANCO 0,9L CORAL;000545;7891019168804;Ativo;36,9000; por QT
;CORALIT SR BR BRANCO 3 L;002690;7891019920655;Ativo;159,9900; por GL
;CORALIT SR BR BRANCO 3,6L CORAL;000546;7891019168781;Ativo;119,9900; por GL
;CORALIT SR BR CINZA ESCURO 3,6L CORAL;000877;SEM GTIN;Ativo;139,9900; por GL
;CORALIT SR BR CINZA MEDIO 3,6L CORALIT;000690;SEM GTIN;Ativo;139,9900; por GL
;CORALIT SR BR MARROM CONHAQ 3,6L CORAL;000878;SEM GTIN;Ativo;139,9900; por GL
;CORALIT SR BR PLATINA 3,6L CORAL;000887;SEM GTIN;Ativo;159,9900; por GL
;CORALIT SR BR PRETO 0,900ML CORAL;000895;SEM GTIN;Ativo;44,9900; por QT
;CORALIT SR BR PRETO 3,6L CORAL;000894;SEM GTIN;Ativo;159,9900; por GL
;CORALIT SR BR VERDE LIMAO 3,6L CORAL;000995;SEM GTIN;Ativo;119,9900; por GL
;CORALIT SR BR VERMELHO 0,9L;000547;7891019168835;Ativo;42,9000; por QT
;CORALIT SR BR VERMELHO 3,6L CORAL;000548;7891019168798;Ativo;139,0000; por GL
;CORALIT TOTAL ACET BRANCO 0,9L;000549;7891019165162;Ativo;48,9000; por QT
;CORALIT TOTAL ACET BRANCO 3,6L;000550;7891019165155;Ativo;159,9900; por GL
;CORALIT TOTAL BR BRANCO 0,9L 02.03.915;000551;7891019164967;Ativo;38,9000; por QT
;CORALIT TOTAL BR BRANCO 3,6L;000552;7891019164950;Ativo;149,4500; por GL
;CORALIT UTRA RESIST AC CREME 3,2 L -  CORAL;000537;SEM GTIN;Ativo;118,9900; por GL
;CORTEX ECON. BRANCO 16 L;002602;9900000000646;Inativo;1,0000; por BD
;CORTEX ECON. BRANCO 16 LT;002463;7898907911573;Ativo;159,9900; por BD
;CORTEX ECON. BRANCO 18 LT;001369;7898907913638;Ativo;189,9900; por LA
;CORTEX ECON. BRANCO 3,6L;002707;7908896303430;Ativo;59,9900; por GL
;CORTEX ECON. CAMURCA 18 LT;001850;7898907913720;Ativo;189,9900; por LA
;CORTEX ECON. CAQUI 18 LT;001848;7898576315504;Ativo;189,9900; por LA
;CORTEX ECON. COR INOX 18 LT;001681;7898576317034;Ativo;189,9900; por LA
;CORTEX ECON. COR PALHA18 LT;001682;7898907913737;Ativo;189,9900; por LA
;CORTEX ECON. VERDE LIMAO 18 LT;001849;7898576315528;Ativo;189,9900; por LA
;CX FERR PLAST METASUL GRANDE 19,5 PT;001066;7898188092794;Inativo;1,0000; por UN
;CX FERR PLAST METASUL PEQ 12,5' PT;001067;7898188092664;Inativo;1,0000; por UN
;DECOR QUARTZO MICA;002772;9900000001308;Ativo;550,0000; por UN
;DECORA DIAMANTE BRANCO 18L;000553;7891019906888;Ativo;598,0000; por LA
;DECORA DIAMANTE BRANCO 3,6L;000554;7891019906925;Ativo;287,9900; por GL
;DECORA EFEITO CIMENTO QUEIMADO 4,1KG - CORAL;000321;SEM GTIN;Inativo;1,0000; por UN
;DECORA EFEITO CIMENTO QUEIMADO 4,1KG - MERGULHO SERENO - CORAL;000326;SEM GTIN;Inativo;1,0000; por UN
;DECORA EFEITO ESPECIAIS VELVET-NUAGE 2,1KG - CORAL;000327;SEM GTIN;Inativo;1,0000; por UN
;DECORA EFEITO MARMORE 3,9 KG - CORAL;000611;SEM GTIN;Inativo;1,0000; por UN
;DECORA MATE BRANCO 18 L - CORAL;000666;7891019907045;Ativo;650,0000; por LA
;DECORA MATE BRANCO 3,6L;000555;7891019907069;Ativo;199,9900; por GL
;DECORA SEDA BRANCO 18L CORAL;000556;7891019177189;Ativo;629,0000; por LA
;DECORA SEDA BRANCO 3,6L CORAL;000526;7891019177158;Ativo;247,9900; por GL
;DELTA MASC PFF1 S/VALVULA - PRO-AGRO;000911;7898554013910;Inativo;1,0000; por UN
;DESEMP ACO DENT MAX 12X25,5 CABO PLASTIC;000694;7898159701397;Inativo;1,0000; por UN
;DESEMP ACO INOX BEROX VERSAT 25CM COMPEL;000214;7897613524909;Inativo;1,0000; por UN
;DESEMP ACO INOX BEROX VERSAT 40CM COMPEL;000219;7897613524916;Inativo;1,0000; por UN
;DESEMP ACO INOX BEROX VERSAT 60CM COMPEL;000216;7897613524923;Inativo;1,0000; por UN
;DESEMP ACO LISA PACETTA C MAD 12X25,5;001169;7897157701361;Inativo;1,0000; por UN
;DESEMP ACO LISA THOMPSON C MAD;000814;7898011970961;Inativo;1,0000; por UN
;DESEMP GRAF 18CMX30CM CASTOR REF.327;001034;SEM GTIN;Inativo;1,0000; por UN
;DESEMPENADEIRA 143 RETANGULAR;000297;SEM GTIN;Inativo;1,0000; por UN
;DESEMPENADEIRA 153 CANTO ARREDONDADO;000296;SEM GTIN;Inativo;1,0000; por UN
;DESEMPENADEIRA 164 PLASTICA;000294;SEM GTIN;Inativo;1,0000; por UN
;DESEMPENADEIRA 165 PLASTICA;000295;SEM GTIN;Inativo;1,0000; por UN
;DESEMPENADEIRA 243 RETANGULAR GRANDE;000298;SEM GTIN;Inativo;1,0000; por UN
;DILUENTE EPOXI WANDA 0,900ML;000652;7891019174539;Inativo;1,0000; por UN
;DILUENTE EPOXI WANDA 5L;000635;7891019173228;Inativo;1,0000; por UN
;DILUENTE EPOXI 3005 900ML WEG;000595;7899125334540;Inativo;1,0000; por QT
;DILUENTE IND SINTETICO 5L PREMIUM;000319;SEM GTIN;Inativo;1,0000; por UN
;DILUENTE P/ RETHANE RENNER 3,6L;001022;SEM GTIN;Inativo;1,0000; por UN
;DILUENTE P/ REVRAN;001024;SEM GTIN;Inativo;1,0000; por GL
;DILUENTE PARA PERFORDUR 5L;000710;SEM GTIN;Inativo;1,0000; por GL
;DISCO DE CORTE 180X1,6X22,22 BNA12 AZUL;000912;7891345535707;Ativo;19,9900; por UN
;DISCO DE DESB 115X6,4X22,23 BDA600 CLAS;001160;7891345205563;Ativo;16,1500; por UN
;DISCO DE LIXA GIRAFA  80 MASSA  A257  225X0X8 CX C/10;002750;7891345508640;Ativo;10,9900; por UN
;DISCO DE LIXA GIRAFA 120 MASSA  A257  225X0X8 CX C/10;002749;7891345508749;Ativo;10,9900; por UN
;DISCO DE LIXA GIRAFA 150 MASSA  A257 225X0X8 CX C/10;002748;7891345508756;Ativo;10,9900; por UN
;DISCO DE LIXA GIRAFA 180  MASSA  A257 225X0X8 CX C/10;002747;7891345508763;Ativo;10,9900; por UN
;DISCO DE LIXA GIRAFA 220 MASSA  A257  225X0X8 CX C/10;002746;7891345508770;Ativo;10,9900; por UN
;DISCO DE LIXA 4.1/2 X GRAO 120 DIS-FLEX;000867;SEM GTIN;Ativo;3,9600; por UN
;DISCO DE LIXA 4.1/2 X GRAO 60 DIS-FLEX;000866;SEM GTIN;Ativo;3,9600; por UN
;DISCO LIXA C/ VELCRO 125MM GRAO C/6 FUROS P 800;001969;SEM GTIN;Ativo;8,9800; por UN
;DISCO LIXA C/ VELCRO 125MM GRAO C/8 FUROS P100;002663;9900000000974;Ativo;19,9900; por UN
;DISCO LIXA C/ VELCRO 125MM GRAO C/8 FUROS P180;002664;9900000000981;Ativo;17,9900; por UN
;DISCO LIXA C/ VELCRO 125MM GRAO C/8 FUROS P36;001968;9900000000943;Ativo;25,9900; por UN
;DISCO LIXA C/ VELCRO 125MM GRAO C/8 FUROS P40;002661;9900000000950;Ativo;22,9900; por UN
;DISCO LIXA C/ VELCRO 125MM GRAO C/8 FUROS P60;002662;9900000000967;Ativo;20,9900; por UN
;DISCO LIXA C/ VELCRO 125MM GRAO S/ FUROS P 1000;001970;SEM GTIN;Ativo;8,9800; por UN
;DISCO LIXA C/ VELCRO 125MM GRAO S/ FUROS P 1200;001971;SEM GTIN;Ativo;8,9800; por UN
;DISCO LIXA C/ VELCRO 125MM GRAO S/ FUROS P 1500;001972;SEM GTIN;Ativo;8,9800; por UN
;DISCO LIXA C/ VELCRO 125MM GRAO 100 / 150;001827;SEM GTIN;Ativo;14,2100; por UN
;DISCO LIXA C/ VELCRO 125MM GRAO 120  / 150;001832;SEM GTIN;Ativo;17,0600; por UN
;DISCO LIXA C/ VELCRO 125MM GRAO 150 / 150;001824;SEM GTIN;Ativo;14,2100; por UN
;DISCO LIXA C/ VELCRO 125MM GRAO 180  / 150;001830;SEM GTIN;Ativo;14,2100; por UN
;DISCO LIXA C/ VELCRO 125MM GRAO 220  / 150;001828;SEM GTIN;Ativo;15,6400; por UN
;DISCO LIXA C/ VELCRO 125MM GRAO 320 / 150;001825;SEM GTIN;Ativo;14,2100; por UN
;DISCO LIXA C/ VELCRO 125MM GRAO 400  / 150;001829;SEM GTIN;Ativo;15,6400; por UN
;DISCO LIXA C/ VELCRO 125MM GRAO 600 / 150;001826;SEM GTIN;Ativo;15,6400; por UN
;DISCO LIXA C/ VELCRO 125MM GRAO 80  / 150;001831;SEM GTIN;Ativo;17,0600; por UN
;"DISCO LIXA DIAMANTADO PARA POLIMENTO 4"" - GRAO 3000 THOMPSON";002745;7898968528840;Ativo;25,9900; por UN
;DISCO LIXA MASSA C/VEL 8 FUR 220X225MM A-257 NORT ( NOVO );001286;SEM GTIN;Ativo;8,5600; por UN
;"DISCO LIXA VELCRO 5"" - GRAO 024 - 8 FUROS -  THOMPSON";002744;17898968528861;Ativo;17,9900; por UN
;"DISCO LIXA VELCRO 5"" - GRAO 036 - 8 FUROS -  THOMPSON";002743;17898968528878;Ativo;17,9900; por UN
;"DISCO LIXA VELCRO 5"" - GRAO 040 - 8 FUROS -  THOMPSON";002742;17898968528885;Ativo;17,9900; por UN
;"DISCO LIXA VELCRO 5"" - GRAO 060 - 8 FUROS -  THOMPSON";002741;17898968528892;Ativo;17,9900; por UN
;"DISCO LIXA VELCRO 5"" - GRAO 080 - 8 FUROS -  THOMPSON";002740;17898968528908;Ativo;17,9900; por UN
;"DISCO LIXA VELCRO 5"" - GRAO 100 - 8 FUROS -  THOMPSON";002739;17898968528915;Ativo;17,9900; por UN
;"DISCO LIXA VELCRO 5"" - GRAO 120 - 8 FUROS -  THOMPSON";002738;17898968528922;Ativo;17,9900; por UN
;"DISCO LIXA VELCRO 5"" - GRAO 150 - 8 FUROS -  THOMPSON";002737;17898968528939;Ativo;17,9900; por UN
;"DISCO LIXA VELCRO 5"" - GRAO 180 - 8 FUROS -  THOMPSON";002736;17898968528946;Ativo;17,9900; por UN
;"DISCO LIXA VELCRO 7"" - GRAO 180 - 8 FUROS -  THOMPSON";002735;17898011970173;Ativo;32,9900; por UN
;DISPLAY SPRAY - TEKBOND;001842;1114001090775;Inativo;1,0000; por UN
;DUREPOXI 100G;000489;7891200007899;Inativo;1,0000; por UN
;DUREPOXI 50GR;000490;7891200007929;Inativo;1,0000; por UN
;ECOPRIMER FR 1L - VIAPOL;001560;7899519915348;Inativo;1,0000; por UN
;ECOPRIMER GL 3,6L - VIAPOL;001562;7898055523079;Inativo;1,0000; por UN
;ECOPRIMER PARA MANTA 18L;000662;SEM GTIN;Inativo;1,0000; por UN
;ECOPRIMER PARA MANTA 3,6L;000668;SEM GTIN;Inativo;1,0000; por UN
;EF METALIZ SILVER2 0.80;002374;7891260382943;Inativo;1,0000; por UN
;EMBELEZA CERAMICA 0,9L CORAL;000527;7891019201631;Inativo;1,0000; por UN
;EMBELEZA CERAMICA 3,6L CORAL;000528;7891019201624;Inativo;1,0000; por UN
;END KP350 PARTE B LAZZURIL;000467;SEM GTIN;Inativo;1,0000; por UN
;EPOXI BRANCO 3,6L BRI B/SOLV KIT A+B GPC IND;000660;SEM GTIN;Inativo;1,0000; por UN
;EPOXI CLEAR HS BR CINZA N8 GELO COMP A GALAO WEG COD. 234;000697;SEM GTIN;Inativo;1,0000; por GL
;EPOXI ERD 322 DF S/B AZUL RAL 5007 COMP A GALAO;000998;SEM GTIN;Inativo;1,0000; por GL
;EPOXI ERD 322 DF S/B AZUL RAL 5010 COMP A GALAO;000997;SEM GTIN;Inativo;1,0000; por GL
;EPOXI ERD 322 DF S/B CINZA N6,5 COMP A GALAO;000593;7899125356467;Inativo;1,0000; por GL
;EPOXI ERD 322 DF S/B LARANJA SEG 2,5YR 6/14 COMP A GALAO;001018;SEM GTIN;Inativo;1,0000; por GL
;EPOXI MULTI AMARELO SEG 5Y 8/12 KIT A+B GALAO WEG;000601;SEM GTIN;Inativo;1,0000; por GL
;EPOXI MULTI AZUL SEG 2,5PB 4/10 KIT A+B GALAO WEG;000600;SEM GTIN;Inativo;1,0000; por GL
;EPOXI MULTI CINZA N6,5 KIT A+B GALAO WEG;000599;SEM GTIN;Inativo;1,0000; por GL
;EPOXI RVA CINZA N6,5 COMP A GALAO WEG;000596;SEM GTIN;Inativo;1,0000; por GL
;EPOXI RVD CINZA N8 COMP A GALAO WAND;000701;SEM GTIN;Inativo;1,0000; por GL
;EPOXI URETHA PRETO N1 KIT COM CAT GALAO;000740;SEM GTIN;Inativo;1,0000; por GL
;EPOXY WANDEPOXY C/ CATALIZADOR BRANCO 3,4L - CORAL;000609;SEM GTIN;Inativo;1,0000; por UN
;EPOXY WANDEPOXY C/ CATALIZADOR CINZA MEDIO 3,4L - CORAL;000345;SEM GTIN;Inativo;1,0000; por UN
;ESCADA ALUMINIO 4 DEG - REAL;001565;7898956073024;Inativo;1,0000; por UN
;ESCADA ALUMINIO 5 DEGRAUS - REAL;000492;7898956073031;Ativo;1,0000; por UN
;ESCADA ALUMINIO 6 DEGRAUS - REAL;001095;7898956073048;Inativo;1,0000; por UN
;ESCADA ALUMINIO 7 DEGRAUS - REAL;000913;7898956073055;Inativo;1,0000; por UN
;ESCADA DOMESTICA ALUMINIO 3 DEGRAUS;000491;7898956073017;Inativo;1,0000; por UN
;ESCADA MADEIRA A 12 DEGRAUS COM GANCHO;000758;SEM GTIN;Inativo;1,0000; por UN
;ESCADA MADEIRA A 9 DEGRAUS COM GANCHO;000757;SEM GTIN;Inativo;1,0000; por UN
;ESM B/AGUA AC TOTAL BRANCO 3,6L CORALIT;000538;SEM GTIN;Ativo;1,0000; por GL
;ESM BRI CINZA ESCURO 3,6L;000320;SEM GTIN;Inativo;1,0000; por GL
;ESM COR & PROTECAO ACE A2 0.80 AGUA;002360;7891260420492;Inativo;1,0000; por UN
;ESM COR & PROTECAO ACE A2 3.20 AGUA;002361;7891260384244;Inativo;1,0000; por UN
;ESM COR & PROTECAO ACE B2 0.80 AGUA;002362;7891260420355;Inativo;1,0000; por UN
;ESM COR & PROTECAO ACE. B2 3.20 AGUA;002363;7891260384152;Inativo;1,0000; por UN
;ESM COR & PROTECAO ACE C2 0.80 AGUA;002364;7891260420362;Inativo;1,0000; por UN
;ESM COR & PROTECAO BRI SOLV A2 0.80;002357;7891260421949;Inativo;1,0000; por UN
;ESM COR & PROTECAO BRI SOLV B2 0.80;002358;7891260421963;Inativo;1,0000; por UN
;ESM COR & PROTECAO BRI SOLV C2 0.80;002359;7891260421970;Inativo;1,0000; por UN
;ESM COR&PROT ACET SOLV-BASE NOVA C2 3.20;002397;SEM GTIN;Inativo;1,0000; por UN
;ESM COR&PROT+PRATICO FOSCO-AGUA A2 0.80;002398;7891260532225;Inativo;1,0000; por UN
;ESM COR&PROT+PRATICO FOSCO-AGUA B2 0.80;002399;7891260532249;Inativo;1,0000; por UN
;ESM COR&PROT+PRATICO FOSCO-AGUA C2 0.80;002400;7891260532263;Inativo;1,0000; por UN
;ESM COR&PROT+PRATICO FOSCO-AGUA C2 3.20;002401;SEM GTIN;Inativo;1,0000; por UN
;ESM IND BRANCO BRIL LATA 18L DOMI;000719;SEM GTIN;Inativo;1,0000; por UN
;ESM IND CINZA GRAFITE BRIL LATA 18L DOMI;001019;SEM GTIN;Inativo;1,0000; por UN
;ESM IND DF BSE CLEAR GALAO PREMIUM;000318;SEM GTIN;Inativo;1,0000; por GL
;ESM IND PRETO BRIL LATA 18L DOMI;000893;SEM GTIN;Inativo;1,0000; por UN
;ESM IND PRETO FOSCO LATA 18L MAZA;000721;SEM GTIN;Inativo;1,0000; por LA
;ESM MARTELADO CINZA CLARO 3,6L MAZA;000643;SEM GTIN;Inativo;1,0000; por UN
;ESM MULTISUPERFICIES A2 3.20;002387;7891260389447;Inativo;1,0000; por UN
;ESM MULTISUPERFICIES B2 3.20;002388;7891260389461;Inativo;1,0000; por UN
;ESM NOVACOR BRIL PLATINA 3,6L;000869;SEM GTIN;Inativo;1,0000; por UN
;ESM NOVACOR BRIL VERMELHO 3,6L;001083;SEM GTIN;Inativo;1,0000; por UN
;ESM SECA RAP ACET A2 0.80;002375;7891260384251;Inativo;1,0000; por UN
;ESM SECA RAP ACET A2 3.20;002376;SEM GTIN;Inativo;1,0000; por UN
;ESM SECA RAP ACET B2 0.80;002377;7891260383285;Inativo;1,0000; por UN
;ESM SECA RAP ACET B2 3.20;002378;SEM GTIN;Inativo;1,0000; por UN
;ESM SECA RAP ACET C2 0.80;002379;7891260384138;Inativo;1,0000; por UN
;ESM SECA RAP ACET C2 3.20;002380;SEM GTIN;Inativo;1,0000; por UN
;ESM SECA RAP BRIL A2 0.80;002381;7891260384060;Inativo;1,0000; por UN
;ESM SECA RAP BRIL B2 0.80;002383;7891260384084;Inativo;1,0000; por UN
;ESM SECA RAP BRIL C2 0.80;002384;7891260384107;Inativo;1,0000; por UN
;ESM SECA RAP BRIL C2 3.20;002385;SEM GTIN;Inativo;1,0000; por UN
;ESMALTE BASE AGUA 3,6 BRANCO - MATRIZ;000619;SEM GTIN;Inativo;1,0000; por GL
;ESMALTE BASE AGUA 900ML BRANCO - MATRIZ;000724;SEM GTIN;Inativo;1,0000; por QT
;ESMALTE PREMIUM FOSCO 0,9 L - GRAFITE / CLARO CORAL;000529;7891019201655;Inativo;1,0000; por QT
;ESMALTE PREMIUM FOSCO 0,9 L - GRAFITE / ESCURO CORAL;000530;7891019201679;Inativo;1,0000; por QT
;ESMALTE PREMIUM FOSCO 3,6 L - GRAFITE / ESCURO CORAL;000735;SEM GTIN;Inativo;1,0000; por GL
;ESMALTE PRIMER E ACAB 1990F PRETO FOSCO 18L SOLVENTEX;000760;SEM GTIN;Inativo;1,0000; por LA
;ESPATULA ACO 6255/12 ATLAS;000300;SEM GTIN;Ativo;2,0000; por UN
;ESPATULA ACO 6255/16 ATLAS;000301;SEM GTIN;Ativo;2,0000; por UN
;ESPATULA ACO 6255/20 ATLAS;000302;SEM GTIN;Ativo;2,0000; por UN
;ESPATULA C PLAST ROMA 80MM;000815;7891595002592;Inativo;1,0000; por UN
;ESPATULA PLASTICA DENTADA CINZA 100MM;001134;7897613525838;Inativo;1,0000; por UN
;ESPATULA PLASTICA DENTADA 10CM 152/10;000128;SEM GTIN;Inativo;1,0000; por UN
;ESPATULA 4CM REF:6255/6 ACO CROMADO;000117;SEM GTIN;Inativo;1,0000; por UN
;ESPATULA 6,3CM REF:6255/10 ACO CROMADO;000118;SEM GTIN;Inativo;1,0000; por UN
;ESPATULA 7,6CM REF:6255/12 ACO CROMADO;000119;SEM GTIN;Inativo;1,0000; por UN
;ESPUMA EXPAN CONSTRUCAO 340G/500ML - TYTAN ( NOVO );001297;SEM GTIN;Inativo;1,0000; por UN
;ESTOPA SAO JOAO BRANCA EXTRA 1 KG;000567;7898925714071;Inativo;1,0000; por UN
;ESTOPA SAO PAULO 200G;001428;7898407256204;Inativo;1,0000; por UN
;ESTOPA SAO PAULO 400G;001271;7898407256402;Inativo;1,0000; por UN
;EUCA PISO CINZA 3,6 L;001091;SEM GTIN;Inativo;1,0000; por UN
;EUCATEX PISO 18L - CORES;001027;SEM GTIN;Inativo;1,0000; por UN
;EXPOSITOR ARAMADO PARA LIXA;001892;7908172300054;Inativo;1,0000; por UN
;EXPOSITOR PARA PINCEIS ARTISTICOS;001933;7896619425043;Inativo;1,0000; por UN
;EXPOSITOR SPACE WALL PRETO 1 MODULO;001363;7896380109517;Inativo;1,0000; por UN
;EXTENSAO COMPACTA PL 3 TOMADAS 2P 10A 250V 10 METROS BRANCA;001127;7898542002285;Inativo;1,0000; por UN
;EXTENSAO COMPACTA PL 3 TOMADAS 2P 10A 250V 3 METROS BRANCA;001128;7898542002247;Inativo;1,0000; por UN
;EXTENSAO COMPACTA PL 3 TOMADAS 2P 10A 250V 5 METROS BRANCA;001137;7898542002261;Inativo;1,0000; por UN
;EXTENSAO REDE RJ45 SEQ LOG ELITE 10,0M;001110;7898958277239;Inativo;1,0000; por UN
;EXTENSAO REDE RJ45 SEQ LOG ELITE 2,00M;001107;7898663640021;Inativo;1,0000; por UN
;EXTENSAO REDE RJ45 SEQ LOG ELITE 3,00M;001108;7898958277215;Inativo;1,0000; por UN
;EXTENSAO REDE RJ45 SEQ LOG ELITE 5,00M;001109;7898958277222;Inativo;1,0000; por UN
;EXTENSOR P/ ROLO COMPEL ALUMINIO 3M;000880;7897613520505;Inativo;1,0000; por UN
;EXTENSOR 2M CHAPAMETALICA 1600 ATLAS;000286;SEM GTIN;Ativo;2,0000; por UN
;EXTENSOR 3M CHAPAMETALICA 1700 ATLAS;000287;SEM GTIN;Ativo;2,0000; por UN
;EXTREME AUTOAMERICA - SHAMPOO 500ML - 1:300;001020;SEM GTIN;Inativo;1,0000; por UN
;FECH ALIANCA A EXTERNA 2600/71;001103;7891249071967;Inativo;1,0000; por UN
;FERROX 1LT;000494;7898060990026;Ativo;117,4800; por UN
;FERROX 500 ML;000493;7898060990019;Ativo;62,6300; por UN
;FILTRO DE LINHA POWER LINE METALICO 4 TOMADAS 2P+T 10A;001136;7897671620681;Inativo;1,0000; por UN
;FIO PARALELO 2 X 1,50MM COBRECOM 1 METRO;001145;SEM GTIN;Inativo;1,0000; por UN
;FIO PARALELO 2 X 1,50MM COBRECOM 100 METROS;001144;7898259252560;Inativo;1,0000; por UN
;FIO TELEF CCI MEGATRON 1 PAR 1 METRO CZ;001154;SEM GTIN;Inativo;1,0000; por UN
;FIO TELEF CCI MEGATRON 1 PAR 200 METROS CZ;001153;7899278920058;Inativo;1,0000; por UN
;FITA DUPLA FACE ADELBRAS ACRIL. 12X20M FIXA PRO;002495;7896603807015;Ativo;55,0000; por UN
;FITA FIX PARA TRINCAS FISSURAS EM FORROS PAREDES 50MMX5MTS;000705;SEM GTIN;Inativo;1,0000; por GL
;FITA IMPER ALUM 10CM X 10M VEDA TUDO;000648;SEM GTIN;Inativo;1,0000; por UN
;FITA IMPER ALUM 20CM X 10M VEDA TUDO;000649;SEM GTIN;Inativo;1,0000; por UN
;FITA IMPER ALUM 30CM X 10M VEDA TUDO;001031;SEM GTIN;Inativo;1,0000; por UN
;FITA IMPER ALUM 90CM X 10M VEDA TUDO;001029;SEM GTIN;Inativo;1,0000; por UN
;FITA ISOLANTE ALTA TENSAO 19MM X 2M;001135;7891040036974;Inativo;1,0000; por UN
;FITA ISOLANTE ALTA TENSAO 5M X 19MM;001130;7891040104086;Inativo;1,0000; por UN
;FITA ISOLANTE 19X20 NORTON ROLO COM  60 19.99.238;002799;7895316729362;Ativo;12,7700; por UN
;FITA ISOLANTE 3M SCOTCH 33+ 10M;001056;7891040004393;Ativo;24,9900; por UN
;FITA ISOLANTE 3M SCOTCH 33+ 5M;001055;7891040004386;Ativo;15,9000; por UN
;FITA MULTI TAPA-GOTEIRA VIAPOL 10CMX10M;000771;7899519912958;Inativo;1,0000; por UN
;FITA MULTI TAPA-GOTEIRA VIAPOL 20CMX10M;000730;7899519912965;Inativo;1,0000; por UN
;FITA MULTI TAPA-GOTEIRA VIAPOL 94CMX10M;000731;SEM GTIN;Inativo;1,0000; por UN
;FITA MULTIOSO / ALUMINIO 15CMX10M - VIAPOL;001567;7899519915164;Inativo;1,0000; por UN
;FITA MULTIOSO / ALUMINIO 15CMX10M - VIAPOL ( MT );001568;SEM GTIN;Inativo;1,0000; por MT
;FITA MULTIUSO / ALUMINIO 10CMX10M - VIAPOL;001569;7899519915157;Inativo;1,0000; por UN
;FITA MULTIUSO / ALUMINIO 10CMX10M - VIAPOL ( MT );001570;SEM GTIN;Ativo;9,9900; por MT
;FITA MULTIUSO / ALUMINIO 20CMX10M - VIAPOL;001571;7899519915171;Inativo;1,0000; por UN
;FITA MULTIUSO / ALUMINIO 20CMX10M - VIAPOL ( MT );001572;SEM GTIN;Inativo;1,0000; por MT
;FITA MULTIUSO / ALUMINIO 30CMX10M - VIAPOL;001573;7898055540779;Inativo;1,0000; por UN
;FITA MULTIUSO / ALUMINIO 30CMX10M - VIAPOL ( MT );001574;SEM GTIN;Inativo;1,0000; por MT
;FITA MULTIUSO / ALUMINIO 45CMX10M - VIAPOL;001575;7899519915140;Ativo;203,0000; por UN
;FITA MULTIUSO / ALUMINIO 45CMX10M - VIAPOL ( MT );001576;SEM GTIN;Ativo;23,0000; por MT
;FITA MULTIUSO ADESIVA 10CMX10M VEDACIT;001072;7897321126006;Inativo;1,0000; por UN
;FITA MULTIUSO ALUMINIO 94CMX10M - VIAPOL;001577;7899519915195;Inativo;1,0000; por UN
;FITA MULTIUSO ALUMINIO 94CMX10M - VIAPOL ( MT );001578;SEM GTIN;Inativo;1,0000; por MT
;FITA MULTIUSO 10CM X 10M BAUTECH;000228;SEM GTIN;Inativo;1,0000; por UN
;FITA SINALIZACAO ZEBRADA 65MM X 150M;000292;SEM GTIN;Inativo;1,0000; por UN
;FITA TELADA REPAROS 50MM X 45M;000293;SEM GTIN;Inativo;1,0000; por UN
;FITA VEDA ROSCA PRO 18MMX10M CX120 19.99.483;002734;7891345239438;Ativo;2,6000; por UN
;FITA VEDA ROSCA 18MMX25M;001096;7897613336953;Ativo;8,9000; por UN
;FITA VEDA ROSCA 18MMX25M PLASTUBOS;000628;7891960853439;Ativo;8,9000; por UN
;FLANELA TECH DRY GLASS AUTOAMERICA;000634;SEM GTIN;Inativo;1,0000; por UN
;FLEXITE BANHEIRO E COZINHA 280G;000496;7891200008285;Inativo;1,0000; por UN
;FLEXITE USO GERAL INCOLOR 252 GR;000497;7891200015061;Inativo;1,0000; por UN
;FLEXITE USO GERAL INCOLOR 50GR;000498;SEM GTIN;Inativo;1,0000; por UN
;FSC COMPLETO A2 16.00;002365;7891260560938;Inativo;1,0000; por UN
;FSC COMPLETO B2 0.80;002366;SEM GTIN;Inativo;1,0000; por UN
;FSC COMPLETO B2 16.00;002368;SEM GTIN;Inativo;1,0000; por UN
;FSC COMPLETO B2 3.20;002367;SEM GTIN;Inativo;1,0000; por UN
;FSC COMPLETO C2 0.80;002369;SEM GTIN;Inativo;1,0000; por UN
;FSC COMPLETO C2 16.00;002370;7891260560990;Inativo;1,0000; por UN
;FUNDO ISOLANTE KNOTTING SPARLACK - 3,6L;000676;7891574012260;Inativo;1,0000; por UN
;FUNDO PREP B. AGUA MADEIRA E METAL 3,6L CORAL;000770;SEM GTIN;Ativo;159,9900; por GL
;FUTURA  ABSOLUTO PRM AZUL OCEANO 3,6L;002756;7898576315030;Ativo;124,9900; por GL
;FUTURA  ABSTO PRM SILENCIO DE INVERNO 3,6;001918;7898428716336;Ativo;124,9900; por GL
;FUTURA  ARENATO TEXTURA BRANCA GL 3,6;001382;7898576317560;Ativo;79,9900; por GL
;FUTURA  TINTA PISO VERDE 18LT;002757;7898907912747;Ativo;299,9900; por LA
;FUTURA ABSOLUTO PRM  ALGODAO EGIPCIO 3,6;001677;7898576314897;Ativo;124,9900; por GL
;FUTURA ABSOLUTO PRM  CROMIO 3,6;001674;7898576318918;Ativo;124,9900; por GL
;FUTURA ABSOLUTO PRM  ELEFANTE 3,6;001673;7897523502288;Ativo;124,9900; por GL
;FUTURA ABSOLUTO PRM  GELO 3,6;001676;7898576314880;Ativo;124,9900; por GL
;FUTURA ABSOLUTO PRM  PAPEL PICADO 3,6;001675;7898907913485;Ativo;124,9900; por GL
;FUTURA ABSOLUTO PRM AMARELO ALEGRIA 3,6L;002758;7898576315078;Ativo;124,9900; por GL
;FUTURA ABSOLUTO PRM AZUL MEIA NOITE 3,6;001950;7898576315122;Ativo;124,9900; por GL
;FUTURA ABSOLUTO PRM AZUL OCEANO  18 LTS;001669;7898576315351;Ativo;399,9900; por LA
;FUTURA ABSOLUTO PRM BRANCO 18 LT;001205;7898576315160;Ativo;399,9900; por LA
;FUTURA ABSOLUTO PRM BRANCO 3,6;001210;7898576314873;Ativo;124,9900; por GL
;FUTURA ABSOLUTO PRM BRANCO 900 ML;001497;7897523500956;Ativo;44,9900; por QT
;FUTURA ABSOLUTO PRM PRETO 3,6 LT;002560;7897523500222;Ativo;124,9900; por GL
;FUTURA ABSOLUTO PRM TANGERINA 18 LT;001915;SEM GTIN;Ativo;399,9900; por LA
;FUTURA ABSOLUTO PRM TOMATE SECO 18 LT;001490;7898576315320;Ativo;399,9900; por LA
;FUTURA ABSOLUTO PRM VERDE ANGRA 18 LT;001982;SEM GTIN;Ativo;399,9900; por LA
;FUTURA ABSOLUTO PRM VERDE ANGRA 3,6L ;002676;7897523501205;Ativo;124,9900; por GL
;FUTURA ABSOLUTO PRM VERDE SELVA 3,6;001984;7898576315139;Ativo;124,9900; por GL
;FUTURA ACAO DO TEMP EMBORRACHADA ELEFANT 18 LT;002462;7898428715971;Ativo;550,0000; por LA
;FUTURA ACAO TEMPO EMBORRACHADA BRANCA 18 LT;001371;7898576314378;Ativo;550,0000; por LA
;FUTURA ACAO TEMPO EMBORRACHADA BRANCA 3,6;001366;7898576314385;Ativo;189,9900; por LA
;FUTURA ALUMIAR SEMIBRILHO BRANCO 18 LT;001543;7898428712123;Ativo;599,0000; por LA
;FUTURA ALUMIAR SEMIBRILHO PRM BRANCO 3,6;001536;7898428712147;Ativo;161,9900; por GL
;FUTURA CIMENTO QUEIMADO COR CINZA CLARO;001678;7897523504701;Ativo;109,9900; por UN
;FUTURA CIMENTO QUEIMADO COR CINZA ESCURO;001680;7897523504725;Ativo;109,9900; por UN
;FUTURA CIMENTO QUEIMADO COR CINZA MEDIO;001679;7897523504718;Ativo;109,9900; por UN
;FUTURA CORTEX ECON. BRANCO 3,6;001302;SEM GTIN;Inativo;64,9900; por GL
;FUTURA ECOLOG B.AGUA ACETINADO BRANCO GL 3,6 LT;001425;7898428715285;Ativo;149,9900; por GL
;FUTURA ECOLOG B.AGUA BRILHO AZUL DEL REY 3,6 LT;001424;7898428714318;Ativo;149,9900; por GL
;FUTURA ECOLOGICO ACET EPOXI BRANCO 0,900 ML;002644;7908896303133;Ativo;90,0000; por QT
;FUTURA ECOLOGICO ACET EPOXI BRANCO 3,6 lt;002643;7908896303126;Ativo;220,0000; por GL
;FUTURA ECOLOGICO B.AGUA ACETINADO BRANCO 900 ML;001500;7898428715292;Ativo;49,9900; por QT
;FUTURA ECOLOGICO B.AGUA ACETINADO PRETO 3,6 LT;001494;7898576313111;Ativo;139,9900; por GL
;FUTURA ECOLOGICO B.AGUA ACETINADO PRETO 900 ML;001501;7898907913478;Ativo;44,9900; por QT
;FUTURA ECOLOGICO B.AGUA BRANCO FOSCO 3,6 LT;001540;7898428716350;Ativo;129,9900; por GL
;FUTURA ECOLOGICO B.AGUA BRANCO FOSCO 900 ML;001502;7897523505128;Ativo;45,9900; por QT
;FUTURA ECOLOGICO B.AGUA BRILHO BRANCO 3,6 LT;001421;7898428714264;Ativo;149,9900; por GL
;FUTURA ECOLOGICO B.AGUA BRILHO BRANCO 900 ML;001498;7898428714349;Ativo;49,9900; por QT
;FUTURA ECOLOGICO B.AGUA BRILHO GELO 3,6 LT;001545;7898428714271;Ativo;149,9900; por GL
;FUTURA ECOLOGICO B.AGUA BRILHO GELO 900 ML;001541;7898428714356;Ativo;49,9900; por QT
;FUTURA ECOLOGICO B.AGUA BRILHO PLATINA GL 3,6 LT;001422;7898428714288;Ativo;149,9900; por GL
;FUTURA ECOLOGICO B.AGUA BRILHO PLATINA 900 ML;001542;7898428714363;Ativo;49,9900; por QT
;FUTURA ECOLOGICO B.AGUA BRILHO PRETO 3,6 LT;001423;7898576310462;Ativo;149,9900; por GL
;FUTURA ECOLOGICO B.AGUA BRILHO PRETO 900 ML;001499;7898576317508;Ativo;49,9900; por QT
;FUTURA ECOLOGICO B.AGUA BRILHO VERDE FOLHA 3,6 LT;001847;7898428714325;Ativo;149,9900; por GL
;FUTURA ECOLOGICO B.AGUA BRTE AMARELO 900 ML;001952;7898428714387;Ativo;49,9900; por QT
;FUTURA ECOLOGICO B.AGUA BRTE AZUL DEL REY 900 ML;001953;7898428714394;Ativo;49,9900; por QT
;FUTURA ECOLOGICO B.AGUA BRTE VERDE FOLHA 900 ML;001954;7898428714400;Ativo;49,9900; por QT
;FUTURA ECOLOGICO B.AGUA BRTE VERMELHO 900 ML;001951;7898428714370;Ativo;49,9900; por QT
;FUTURA ECOLOGICO B.AGUA PRETO FOSCO 3,6 LT;001495;7897523503674;Ativo;129,9900; por GL
;FUTURA ECOLOGICO B.AGUA PRETO FOSCO 900 ML;001503;7897523503681;Ativo;49,9900; por QT
;FUTURA FUNDO CINZA ANTICORROSIVO 3,6 LT;001217;7898428719634;Ativo;147,9900; por GL
;FUTURA FUNDO CINZA ANTICORROSIVO 900 ML;001508;7898428719641;Ativo;44,9900; por QT
;FUTURA FUNDO PREPARADOR P/PINTURA 16 LT;001373;7897523590001;Ativo;179,9900; por BD
;FUTURA FUNDO PREPARADOR P/PINTURA 3,6 LT;001305;7897523503292;Ativo;59,9900; por GL
;FUTURA FUNDO PREPARADOR P/PINTURA 900 ML;002714;7897523503315;Ativo;22,9900; por QT
;FUTURA FUTURIT ESM SINT AMARELO SEG 900 ML;001937;SEM GTIN;Inativo;39,9900; por QT
;FUTURA FUTURIT ESM. SINT. FOSCO BRANCO 3,6 LT SOLVENTE;001417;7898428719702;Ativo;120,0000; por GL
;FUTURA FUTURIT ESM SINT.ACET. BRANCO 3,6 LT SOLVENTE;001418;7898428719795;Ativo;149,9900; por GL
;FUTURA FUTURIT ESM SINT.ACETINADO BRANCO 900 ML;001776;7898428719818;Ativo;46,5000; por QT
;FUTURA FUTURIT ESM SINT.BRILHO AMARELO SEGUR;002652;7897523501106;Ativo;45,0000; por QT
;FUTURA FUTURIT ESM SINT.BRILHO AMARELO SEGURANC;002648;7898576314736;Ativo;129,9900; por GL
;FUTURA FUTURIT ESM SINT.BRILHO AZUL DEL REY;002709;7898428719450;Ativo;44,9900; por QT
;FUTURA FUTURIT ESM SINT.BRILHO AZUL DEL REY;002708;7898428719610;Ativo;129,9900; por GL
;FUTURA FUTURIT ESM SINT.BRILHO AZUL FRANCA 3,6 LT;001976;7898428719573;Ativo;129,9900; por GL
;FUTURA FUTURIT ESM SINT.BRILHO AZUL FRANCA 900 ML;001977;7898428719412;Ativo;45,0000; por QT
;FUTURA FUTURIT ESM SINT.BRILHO BRANCO 3,6 LT;001535;7898428719894;Ativo;129,9900; por GL
;FUTURA FUTURIT ESM SINT.BRILHO BRANCO 900 ML;001772;7898428719184;Ativo;39,9900; por QT
;FUTURA FUTURIT ESM SINT.BRILHO CAMURCA 3,6 LT;001845;7898428719498;Ativo;39,9900; por GL
;FUTURA FUTURIT ESM SINT.BRILHO CINZA ESCURO;002655;7898428719344;Ativo;45,0000; por QT
;FUTURA FUTURIT ESM SINT.BRILHO CINZA ESCURO 3,6 LT SOLVENTE;001621;7898907912969;Ativo;129,9900; por GL
;FUTURA FUTURIT ESM SINT.BRILHO CINZA MEDIO;002566;7898428719214;Ativo;45,0000; por QT
;FUTURA FUTURIT ESM SINT.BRILHO CINZA MEDIO 3,6 LT SOLVENTE;001620;7898428719924;Ativo;129,9900; por GL
;FUTURA FUTURIT ESM SINT.BRILHO GELO;002653;7898428719191;Ativo;39,9900; por QT
;FUTURA FUTURIT ESM SINT.BRILHO GELO 3,6 LT SOLVENTE;001619;7898428719900;Ativo;129,9900; por GL
;FUTURA FUTURIT ESM SINT.BRILHO LARANJA;002568;7898428719399;Ativo;45,0000; por QT
;FUTURA FUTURIT ESM SINT.BRILHO MAR.CONHAQUE 900ML;002567;7898428719382;Ativo;45,0000; por QT
;FUTURA FUTURIT ESM SINT.BRILHO MARROM 3,6 LT SOLV.;001622;7898428719535;Ativo;129,9900; por GL
;FUTURA FUTURIT ESM SINT.BRILHO PLATINA 3,6 LT;001844;7898428719917;Ativo;129,9900; por GL
;FUTURA FUTURIT ESM SINT.BRILHO PLATINA 900ML;002654;7898428719207;Ativo;45,0000; por QT
;FUTURA FUTURIT ESM SINT.BRILHO PRETO 3,6 LT SOLVENTE;001504;7898428719504;Ativo;129,9900; por GL
;FUTURA FUTURIT ESM SINT.BRILHO PRETO 900 ML;001773;7898428719313;Ativo;39,9900; por QT
;FUTURA FUTURIT ESM SINT.BRILHO TABACO 3,6 LT SOLVENTE;001505;7898428719511;Ativo;129,9900; por GL
;FUTURA FUTURIT ESM SINT.BRILHO TABACO 900 ML SOLVENTE;001507;7898428719351;Ativo;39,9900; por QT
;FUTURA FUTURIT ESM SINT.BRILHO VERDE FOLHA;002656;7898428719467;Ativo;45,0000; por QT
;FUTURA FUTURIT ESM SINT.BRILHO VERDE FOLHA 3,6 LT;001846;7898428719627;Ativo;139,9900; por GL
;FUTURA FUTURIT ESM SINT.BRILHO VERMELHO;002569;7897523501212;Ativo;45,0000; por QT
;FUTURA FUTURIT ESM SINT.FOSCO BRANCO 900 ML;001775;7898428719726;Ativo;39,9900; por QT
;FUTURA FUTURIT ESM SINT.FOSCO PRETO 3,6 LT SOLVENTE;001506;7898428719696;Ativo;120,0000; por GL
;FUTURA FUTURIT ESM SINT.FOSCO PRETO 900 ML;001774;7898576318710;Ativo;39,9900; por QT
;FUTURA MASSA ACRILICA GL 5,8 KG;001420;7898907911030;Ativo;59,9900; por UN
;FUTURA MASSA ACRILICA 1/4 QT / 1,5 KG;001427;7898428715230;Ativo;21,9900; por QT
;FUTURA MASSA ACRILICA 25 KG;001207;7897523533411;Ativo;149,9900; por BD
;FUTURA MASSA CORRIDA PVA 1/4 QT 1,5 KG;001426;7898428711591;Ativo;18,9900; por QT
;FUTURA MASSA CORRIDA 25 KG BALDE;001308;7898576317614;Ativo;89,9900; por LA
;FUTURA MASSA CORRIDA 5,6 GL;001216;7908896302662;Ativo;46,1600; por GL
;FUTURA PREMIUM EFEITO MARMORE 3,7KG;002702;7898907913669;Ativo;120,0000; por GL
;FUTURA RESINA PROTETORA INCOLOR 18 LT;001851;7898576318888;Ativo;399,9900; por LA
;FUTURA RESINA PROTETORA INCOLOR 3,6 LT;001539;7898576318871;Ativo;115,9900; por GL
;FUTURA SELADOR ACRILICO 16 LT;001208;7897523504541;Ativo;149,9900; por BD
;FUTURA SELADOR ACRILICO 3,6 LT;001304;7898907911054;Ativo;59,9900; por GL
;FUTURA SEMIBRILHO STANDARD BRANCA 18 LT;001206;7897523505081;Ativo;399,9900; por LA
;FUTURA SEMIBRILHO STD BRILHOSA BRANCA 3,6 LT;001367;7897523505074;Ativo;129,9900; por GL
;FUTURA SUPER RENDIMENTO STD AREIA 3,6;002555;7898428710181;Ativo;99,9900; por GL
;FUTURA SUPER RENDIMENTO STD AZUL PROFUNDO 3,6 LT;001948;7898428710143;Ativo;99,9900; por GL
;FUTURA SUPER RENDIMENTO STD BRANCO 18 LT;001203;7898428710334;Ativo;340,0000; por LA
;FUTURA SUPER RENDIMENTO STD BRANCO 3,6 LT;001211;7898428710075;Ativo;99,9900; por GL
;FUTURA SUPER RENDIMENTO STD BRANCO 900 ML;001496;7898428712598;Ativo;34,9900; por QT
;FUTURA SUPER RENDIMENTO STD CAMURCA 3,6 LT;001944;7898428710198;Ativo;99,9900; por GL
;FUTURA SUPER RENDIMENTO STD ELEFANTE 18 LT;001683;7897523505036;Ativo;309,9900; por LA
;FUTURA SUPER RENDIMENTO STD ERVA DOCE 3,6 LT;001947;7898428710303;Ativo;99,9900; por GL
;FUTURA SUPER RENDIMENTO STD MARFIM;002554;7898428710174;Ativo;99,9900; por GL
;FUTURA SUPER RENDIMENTO STD MARFIM 18 LT;001684;7898428710457;Ativo;309,9900; por LA
;FUTURA SUPER RENDIMENTO STD PITANGA 3,6 LT;001949;7898576315672;Ativo;99,9900; por GL
;FUTURA SUPER RENDIMENTO STD TERRACOTA 18 LT;001685;7898428710853;Ativo;309,9900; por LA
;FUTURA SUPER RENDIMENTO STD TERRACOTA 3,6 LT;001945;7898428710846;Ativo;99,9900; por GL
;FUTURA SUPER RENDIMENTO STD VERDE MUSGO 3,6L;002755;7898428712109;Ativo;99,9900; por GL
;FUTURA SUPER RENDIMENTO STD VERDE PRIMAV 3,6 LT;001946;7898428710266;Ativo;99,9900; por GL
;FUTURA TINTA GESSO BRANCA 18 LT;001372;7898428716466;Ativo;299,9900; por LA
;FUTURA TINTA GESSO BRANCA 3,6 LT;001368;7897523508969;Ativo;99,9900; por GL
;FUTURA TINTA P/ TELHA COR CERAMICA 3,6 LT;001493;7898576310110;Ativo;103,9900; por GL
;FUTURA TINTA PISO AMARELO 18 LT;001624;7898428711171;Ativo;299,9900; por LA
;FUTURA TINTA PISO AMARELO 3,6 LT;001626;7898428711201;Ativo;89,9900; por GL
;FUTURA TINTA PISO AZUL 18 LT;001307;7898907912723;Ativo;299,9900; por LA
;FUTURA TINTA PISO AZUL 3,6 LT;001538;7898907912662;Ativo;89,9900; por GL
;FUTURA TINTA PISO BRANCO 18 LT;001204;7898907912709;Ativo;299,9900; por LA
;FUTURA TINTA PISO BRANCO 3,6 LT;001212;7898907912648;Ativo;89,9900; por GL
;FUTURA TINTA PISO CERAMICA 18 LT;001623;7898428713724;Ativo;299,9900; por LA
;FUTURA TINTA PISO CERAMICA 3,6 LT;001625;7898428713748;Ativo;89,9900; por GL
;FUTURA TINTA PISO CINZA CHUMBO 18 LT;001215;7898907912730;Ativo;299,9900; por LA
;FUTURA TINTA PISO CINZA CHUMBO 3,6 LT;001214;7898907912679;Ativo;89,9900; por GL
;FUTURA TINTA PISO CINZA 18 LT;001209;7898907912754;Ativo;299,9900; por LA
;FUTURA TINTA PISO CINZA 3,6 LT;001213;7898907912693;Ativo;89,9900; por GL
;FUTURA TINTA PISO CONCRETO PISO 18 LT;001370;7898907911511;Ativo;299,9900; por LA
;FUTURA TINTA PISO CONCRETO PISO 3,6 LT;001365;7898907911504;Ativo;89,9900; por GL
;FUTURA TINTA PISO MARROM 3,6 LT;001628;7898428716497;Ativo;89,9900; por GL
;FUTURA TINTA PISO PRETO 18 LT;001231;7898428711263;Ativo;299,9900; por LA
;FUTURA TINTA PISO PRETO 3,6 LT;001230;7898428711256;Ativo;89,9900; por GL
;FUTURA TINTA PISO SEMIBRILHO BRANCO 18L;002562;7908896301337;Ativo;329,9900; por LA
;FUTURA TINTA PISO VERDE;002701;7898907912686;Ativo;89,9900; por GL
;FUTURA TINTA PISO VERMELHO SEGURANCA 3,6 LT;001983;7898428716947;Ativo;89,9900; por GL
;FUTURA TINTA TELHA BRANCA 3,6 LT;001627;7898576310097;Ativo;103,9900; por GL
;FUTURA TINTA TELHA VERM OXIDO 3,6 LT;001629;SEM GTIN;Ativo;103,9900; por GL
;FUTURA TOQUE DE CETIM ACT BRANCO 18 LT;001544;7898907911979;Ativo;599,9900; por LA
;FUTURA TOQUE DE CETIM ACT BRANCO 3,6 LT;001537;7898907911856;Ativo;161,9900; por GL
;FUTURA ZARCAO LARANJA 3,6 LT;001303;7898428719658;Ativo;154,9900; por GL
;FUTURA ZARCAO 900 ML;001419;7898428719665;Ativo;49,9900; por QT
;FUTURA 4 ESTACOES PRM BRANCO;002716;7908896302709;Ativo;549,9900; por LA
;FUTURIT ESM SINT.BRILHO VERMELHO;002565;7898576311551;Inativo;129,9900; por GL
;GALAO LAZURIL GL VAZILHAME;000816;SEM GTIN;Inativo;1,0000; por UN
;GALO DESEMP DE ACO INOX PARA EFEITOS DECORA E MARMORATO 10 X 24CM 308/00;001510;7897647003081;Inativo;1,0000; por UN
;GALO DESEMP DE ACO INOX TEMPERADO LISA P/ GESSO 12X29CM REF 00306/00;002073;7897647030605;Inativo;1,0000; por UN
;GALO DESEMP DE ACO INOX TEMPERADO LISA P/ MASSA CORRIDA 12X29CM REF 112/00;002075;7897647011208;Inativo;1,0000; por UN
;GALO DESEMP DE ACO TEMPERADO LISA P/ MASSA CORRIDA CABO ABERT.12X29CM REF 113/00;002074;7897647011307;Inativo;1,0000; por UN
;GALO DESEMP DE ACO TEMPERADO LISA P/ MASSA CORRIDA 12X29CM REF 00212/00;002072;7897647021207;Inativo;1,0000; por UN
;GARFO 23CM S/ROSCA 330/23SR;000275;SEM GTIN;Inativo;1,0000; por UN
;GEL PARA EFS GEL2 0.80;002372;7891260174586;Inativo;1,0000; por UN
;GESSO ESTUQUE PIKADO 40KG;000633;SEM GTIN;Inativo;1,0000; por UN
;GESSO RAPIDO GESSEIRO 1KG;000749;SEM GTIN;Ativo;5,0000; por UN
;GESSO RAPIDO GESSEIRO 2KG;000750;SEM GTIN;Ativo;8,7800; por UN
;GESSO RAPIDO GESSEIRO 5KG;000751;SEM GTIN;Ativo;21,6000; por UN
;GESSO RAPIDO USO 1KG;000742;SEM GTIN;Inativo;1,0000; por UN
;GLASU BRILHO PRATICO A2 3.20;002404;7891260559000;Inativo;1,0000; por UN
;GLASU MAXIMA EFICIENCIA A2 3.20;002403;7891260561218;Inativo;1,0000; por UN
;GLASU PINTURA ESSENCIAL - BRANCO NEVE - BD;002773;7891260543337;Ativo;140,0000; por BD
;H - VERMELHO OXIDO;002344;SEM GTIN;Ativo;1,0000; por UN
;HENKEL CASCOREZ EXTRA BALDE 5KG;000114;7891200007455;Inativo;1,0000; por BD
;HENKEL DUREPOXI 250G;000076;7891200007912;Inativo;1,0000; por UN
;IMPERMEABILIZANTE PARA PAREDE BRANCO BD;002606;7898907913591;Ativo;299,9900; por BD
;IMPERMEABILIZANTE PARA PAREDE BRANCO GL;002597;7898907913768;Ativo;99,9900; por GL
;IMPRESSORA CUPOM CONTROL ID TOUCH USB/ETH (BT/WI-FI);000562;7898964411665;Inativo;1,0000; por UN
;IRAJA ACR FOSCO PRETO 18L BALDE;000929;SEM GTIN;Inativo;1,0000; por LA
;IRAJA ACR FOSCO VERME RUBI 18L BALDE;000928;SEM GTIN;Inativo;1,0000; por LA
;IRAJA ESMALTE BRANCO BR 3,6 GL;001196;SEM GTIN;Inativo;1,0000; por UN
;ITAQUA AGUARRAS 05 LTS (NOVO);001319;7898941765033;Ativo;116,9900; por UN
;ITAQUA AGUARRAS 0,900 ML;001318;7898941765019;Ativo;19,9000; por UN
;ITAQUA AGUARRAS 0,900 ML (NOVO);001587;SEM GTIN;Ativo;19,9000; por UN
;ITAQUA DILUENTE PU 0,900 ML (NOVO);001320;7898941765118;Ativo;29,0700; por UN
;ITAQUA DILUENTE PU 5 L (NOVO);000657;7898941765125;Ativo;127,3600; por UN
;ITAQUA QUEROSENE 5LT;001840;7898941765040;Ativo;82,3300; por UN
;ITAQUA THINNER IT 37 0,900 ML ;001316;7898941765088;Ativo;24,2600; por UN
;ITAQUA THINNER 16 05 LTS (NOVO);001315;7898941765064;Ativo;94,4200; por UN
;ITAQUA THINNER 16 0,900 ML (NOVO);001314;7898941765057;Ativo;23,9900; por UN
;ITAQUA THINNER 37 05 LTS;001317;7898941765095;Ativo;426,7600; por UN
;JARDIM DA SABEDORIA - F - SHERWIN - NOVACOR COBRE MAIS - LATA;000683;7891323114115;Inativo;1,0000; por UN
;JB TINTAS  MASSA CORRIDA PVA 25KG;001288;7893410000530;Ativo;62,0000; por LA
;JB TINTAS  TEXTURA LISA INT/EXT 25KG;001200;7893410000271;Ativo;76,5500; por LA
;JB TINTAS GRAFIATO TEXTURA RUSTICA 10 INTE/EXT 25KG;001201;7893410000257;Ativo;84,2000; por LA
;JB TINTAS TEXTURA  PROJETADA INT/EXT 25 KG;002660;7893410000141;Ativo;103,9900; por LA
;JB TINTAS TEXTURA ARENATO INT/EXT 25KG;001199;7893410001117;Ativo;139,9900; por LA
;KIT ACESS 5PC BRASIL WC BR/CRISTAL;001104;7898217573799;Inativo;1,0000; por UN
;KIT ACESS 5PC BRASIL WC CR/CRISTAL;001105;7898217579784;Inativo;1,0000; por UN
;KIT PINTURA TIGRE C/3P ANTIRESPINGO 1576;002488;7891395045096;Ativo;34,9900; por UN
;KIT PINTURA TIGRE C/5P PRATIC 1540;002489;7891395025340;Ativo;59,9900; por UN
;KIT TINTA EPOXI PROFISSIONAL BRANCO COMP A + B 3,6L - MAZA ( NOVO );001266;SEM GTIN;Inativo;1,0000; por UN
;KIT 2 CERA TLIPLE WAX 300G - AUTOAMERICA;000350;SEM GTIN;Inativo;1,0000; por UN
;LAZZURIL FITA CREPE AMARELA AUTO 18X40;000466;7891452721178;Inativo;1,0000; por UN
;LEITOR ELGIN EL250 2D USB C/ SUPORTE;000564;SEM GTIN;Inativo;1,0000; por UN
;LIMPA PEDRAS LIMPINHO LINHAL 1L;001051;7898122761557;Inativo;1,0000; por UN
;LIXA DE MASSA 100 - NORTON FOLH 19.99.145;002616;7891792022331;Ativo;1,3000; por UN
;LIXA 1500 AGUA;000728;SEM GTIN;Inativo;1,0000; por UN
;LONA DE PLASTICO PRETA METROS;000591;SEM GTIN;Ativo;5,1200; por MT
;LONA PLAST  PTA 4X50M 6KG ROLO;000695;7898319084353;Ativo;152,9900; por UN
;LONA PLAST CANELADA OU TRASPARENTE 4X100M 6KG ROLO;000748;SEM GTIN;Inativo;1,0000; por UN
;LONA PLAST LONAX PTA 4X 50M MEDIA 10KG;001313;7898319082847;Ativo;191,9900; por UN
;LONA PLAST LONAX TRANSP GROSSA 30K POR METROS;001360;SEM GTIN;Inativo;1,0000; por UN
;LONA PLAST LONAX TRANSP 4X 50M GROSSA15K;000060;7898319085527;Inativo;1,0000; por UN
;LONA PLAST LONAX TRANSP 4X100M GROSSA30K;001309;7898319082717;Inativo;1,0000; por UN
;LONA PLAST NEGREIRA PRETA 4X100M 20KG;001414;7898711701049;Ativo;338,4600; por UN
;LONA PLASTICA PRETA 4X100 12KG;000625;SEM GTIN;Ativo;181,8200; por MT
;LOUSA E COR C2 0.80;002392;7891260451380;Inativo;1,0000; por UN
;LT . S RESINA INCOLOR P/ CIMENTO QUEIADO;000931;SEM GTIN;Inativo;1,0000; por UN
;LT SHINER RESINA INCOLOR BRILHO 3,6 GL;001546;7908366210008;Inativo;1,0000; por UN
;LUVA LATEX (EG) MULTIUSO ATLAS;000291;SEM GTIN;Inativo;1,0000; por UN
;LUVA LATEX (G) MULTIUSO ATLAS;000290;SEM GTIN;Inativo;1,0000; por UN
;LUVA LATEX (M) MULTIUSO ATLAS;000289;SEM GTIN;Inativo;1,0000; por UN
;LUVA MALHA PIGMENTADA - THOMPSON;001374;7898011977090;Ativo;5,2300; por UN
;LUVAS MALHA PIGMENTADAS;001301;SEM GTIN;Inativo;1,0000; por UN
;M - VERDE;002345;7730149745489;Ativo;184,5900; por UN
;MACTRA VEDBEM PAREDE  3,6 KG;002800;7897866455616;Ativo;69,9900; por GL
;MAGIA CAIXA PVC VERSATIL P/ ROLO DE PINTURA C/ GRADE 46CMM 37X57X13CM 20 LT;000747;7897613528464;Inativo;1,0000; por UN
;MANG GAS TRANCADA IBIRA 1,25M;001152;7897270300922;Inativo;1,0000; por UN
;MANTA LIQUIDA BASE ASFALTO VEDAPREN PRETO BALDE 18KG;000953;SEM GTIN;Inativo;1,0000; por LA
;MASCARA POEIRAS PFF1 S/VALVULA;000288;7898955152041;Inativo;1,0000; por UN
;MASSA ACRILICA;002681;7908896303096;Ativo;79,9900; por GL
;MASSA CORRIDA PREMIUM 1,5 KG MATRIZ;000436;SEM GTIN;Inativo;1,0000; por QT
;MASSA F.12 BRANCA 1,65 KG - VIAPOL;001400;7898055524731;Inativo;1,0000; por UN
;MASSA F-12 BRANCO 1,65KG;000812;SEM GTIN;Inativo;1,0000; por UN
;MASSA F-12 BRANCO 400GR;000806;SEM GTIN;Inativo;1,0000; por UN
;MASSA F-12 IMBUIA 400GR;001162;SEM GTIN;Inativo;1,0000; por QT
;MASSA F.12 MARFIM 1,65KG - VIAPOL;001218;SEM GTIN;Inativo;1,0000; por QT
;MASSA F.12 MOGNO 0,40KG - VIAPOL;001559;SEM GTIN;Inativo;1,0000; por UN
;MASSA F-12 MOGNO 400GR;001192;7898055524830;Ativo;15,2000; por QT
;MASSA NIVELADORA 25KG BARRICA;000739;SEM GTIN;Inativo;1,0000; por BD
;MASSA NIVELADORA 50KG BARRICA;000738;SEM GTIN;Inativo;1,0000; por BD
;MASSA PARA EFS / EF MARMOR2 2.88;002373;7891260385661;Inativo;1,0000; por UN
;MASSA PLAST. BRANCA C/CAT 7GRS 400G - IBERE;001481;7898031546924;Inativo;1,0000; por UN
;MASSA PLAST. CINZA C/CAT 7GRS 400G - IBERE ( NOVO );001292;7898031546955;Inativo;1,0000; por UN
;MASSA PLASTICA CARPLAST CINZA 400GR;000502;9900000001124;Inativo;13,5000; por UN
;MASSA PLASTICA CARPLAST CINZA 400GR 16.99.006;002621;7898031545002;Ativo;13,9900; por UN
;MASSA PLASTICA RETOQUE CINZA 800GR;000976;SEM GTIN;Inativo;1,0000; por UN
;MASSA POLIESTER FILLER C/CAT 900G - MAXIRUBBER ( NOVO );001293;7898031546863;Inativo;1,0000; por UN
;MASSA POLIESTER 900GR FILLER MAXI RUBBER;000881;SEM GTIN;Inativo;1,0000; por UN
;MASSA P51 BERGA PEROBINHA 5,5KG PONTOTAKE;001026;SEM GTIN;Inativo;1,0000; por GL
;MASSA SUPER POLIDOR KIT 10 UNIDADES;000659;SEM GTIN;Inativo;1,0000; por UN
;MASSA ULTRA LIGHT ADESIVO PLASTICO 495G MAXI RUBBER;000503;7898031540137;Inativo;1,0000; por UN
;MASTIFLEX FIXA ESPELHO SELANTE POLIURETANO -TUBO;001312;7898409010514;Ativo;25,2500; por UN
;MASTIFLEX PU.40 SELANTE POLIURETANO BRANCO - TUBO;001376;7898409013898;Ativo;23,9800; por UN
;MASTIFLEX PU.40 SELANTE POLIURETANO CINZA - TUBO;001492;7898409013874;Ativo;21,9900; por UN
;MASTIFLEX PU.40 SELANTE POLIURETANO PRETO - TUBO;001377;7898409013881;Ativo;23,9800; por UN
;MASTIFLEX SELATRINCAS SELANTE ACRILICO BRANCO.TUBO;001311;7898409010248;Ativo;23,0800; por UN
;MASTIFLEX SELATRINCAS 2130 BRANCO GALAO.5KG;001310;7898409013287;Ativo;156,3700; por GL
;MASTIFLEX VEDA CALHA ACRILICO POTE.500G;001378;7898409013423;Ativo;3,6700; por UN
;MATRIZ HIPER RENDIMENTO BRANCO GL 3,6L;000469;SEM GTIN;Inativo;99,9900; por GL
;MATRIZ HIPER RENDIMENTO BRANCO SEMI BRILHO BD 18L;000674;SEM GTIN;Inativo;1,0000; por UN
;MATRIZ MANTA LIQUIDA FACHADA BRANCO PREMIIUM GL 3,6KG;000461;SEM GTIN;Inativo;1,0000; por UN
;MATRIZ MANTA LIQUIDA FACHADA BRANCO PREMIIUM 18 L KG;000723;SEM GTIN;Inativo;1,0000; por UN
;MATRIZ MANTA LIQUIDA LAJE BRANCO PREMIIUM BD 12KG;000463;SEM GTIN;Inativo;1,0000; por UN
;MATRIZ MANTA LIQUIDA LAJE BRANCO PREMIIUM GL 4KG;000462;SEM GTIN;Inativo;1,0000; por UN
;MATRIZ MASSA ACRILICA PREMIIUM GL 6KG;000459;SEM GTIN;Inativo;1,0000; por UN
;MATRIZ MASSA ACRILICA PREMIIUM 1/4 1,5KG;000460;SEM GTIN;Inativo;1,0000; por QT
;MATRIZ MASSA ACRILICA PREMIUM BD 25KG;000743;SEM GTIN;Inativo;1,0000; por UN
;MATRIZ MASSA ACRILICA PREMIUM BR 25KG;000471;SEM GTIN;Inativo;1,0000; por UN
;MATRIZ MASSA CORRIDA BAR PREMIUM 25KG;000510;SEM GTIN;Inativo;1,0000; por UN
;MATRIZ MASSA CORRIDA PREMIIUM BD 25KG;000464;SEM GTIN;Inativo;1,0000; por UN
;MATRIZ MASSA CORRIDA PREMIUM GL 6KG;000470;SEM GTIN;Inativo;1,0000; por GL
;MATRIZ SELADOR ACRILICO PREMIUM BD 18L;000475;SEM GTIN;Inativo;1,0000; por UN
;MATRIZ SELADOR ACRILICO PREMIUM BR 18L;000744;SEM GTIN;Inativo;1,0000; por UN
;MATRIZ SELADOR ACRILICO PREMIUM GL 3,6L;000509;SEM GTIN;Inativo;1,0000; por UN
;MATRIZ TEXTURA DESIGN BRANCO BR 25KG;000473;SEM GTIN;Inativo;1,0000; por UN
;MATRIZ TEXTURA GRAFIATO BR 25KG -;000610;SEM GTIN;Inativo;1,0000; por UN
;MATRIZ TEXTURA GRAFIATO BRANCO BR 25KG;000472;SEM GTIN;Inativo;1,0000; por UN
;MATRIZ TEXTURA LISA BRANCO BR 25KG;000474;SEM GTIN;Inativo;1,0000; por UN
;MAXI RUBBER BATIDA DE PEDRA BRANCO 900ML;000572;7898031541455;Ativo;41,5500; por QT
;MAXI RUBBER BATIDA DE PEDRA PRETO 3,6L;000571;7898031540960;Ativo;120,3600; por GL
;MAXI RUBBER BATIDA DE PEDRA PRETO 900ML;000573;7898031540441;Ativo;29,9900; por QT
;MAXI RUBBER CAT. P/SINTETICO 150 ML;000618;7898031544050;Inativo;1,0000; por UN
;MAXI RUBBER CATALISADOR PRIMER PU 511 150ML;000574;7898031545743;Inativo;1,0000; por UN
;MAXI RUBBER CATALISADOR PRIMER PU 811 100ML;000577;7898031545767;Inativo;1,0000; por UN
;MAXI RUBBER CATALISADOR WASH/PRETO VINILICO 300ML;000579;7898031540250;Inativo;1,0000; por UN
;MAXI RUBBER DILUENTE P/ P.U. 900M;000920;7898031544012;Inativo;1,0000; por QT
;MAXI RUBBER MANTA FIBRA 1,4X50CM;000580;7898031543367;Inativo;1,0000; por UN
;MAXI RUBBER MASSA PLASTICA 400 BRANCA 400GR;000581;7898031540076;Inativo;1,0000; por UN
;MAXI RUBBER MASSA POLIESTER 700 700GR;000582;7898031540311;Inativo;1,0000; por UN
;MAXI RUBBER MASSA RAPIDA BRANCA 1,25KG;000587;7898031541479;Inativo;1,0000; por QT
;MAXI RUBBER MASSA RAPIDA CINZA 1,25KG;000588;7898031540618;Inativo;1,0000; por QT
;MAXI RUBBER MAXIVED CAPO 1,15KG;000589;SEM GTIN;Inativo;1,0000; por QT
;MAXI RUBBER PRIMER PU 511 750ML;000575;7898031545675;Inativo;1,0000; por QT
;MAXI RUBBER PRIMER PU 811 800ML;000576;7898031545699;Inativo;1,0000; por QT
;MAXI RUBBER PRIMER UNIVERSAL CINZA 900ML;000590;7898031540625;Inativo;1,0000; por QT
;MAXI RUBBER REMOVEDOR PASTOSO 1 KG 16.59.040;002733;7898031541196;Ativo;55,0000; por UN
;MAXI RUBBER REMOVEDOR PASTOSO 1KG;000585;SEM GTIN;Inativo;1,0000; por QT
;MAXI RUBBER REMOVEDOR PASTOSO 4KG;000586;7898031542056;Inativo;1,0000; por GL
;MAXI RUBBER REMOVEDOR PASTOSO 500G 16.59.039;002732;7898031546757;Ativo;33,0000; por UN
;MAXI RUBBER RESINA ADESIVO P/ LAMINACAO 990GR;000570;7898031543640;Ativo;65,9900; por QT
;MAXI RUBBER VEDA-CHOQUE 150GR;000583;7898031544326;Inativo;1,0000; por UN
;MAXI RUBBER VEDA-CHOQUE 290GR;000584;SEM GTIN;Inativo;1,0000; por UN
;MAXI RUBBER WASH PRIMER 600ML;000578;7898031540083;Ativo;72,5000; por QT
;MAZA ACR ACET PREMIUM PROTECT BRANCO 18L;000938;7898289938748;Inativo;1,0000; por LA
;MAZA ACR ACET PREMIUM PROTECT BRANCO 3,6L;000939;7899228216514;Inativo;1,0000; por UN
;MAZA ACR EXTRA FOSCO BRANCO 18L;000037;7898289930940;Inativo;1,0000; por UN
;MAZA ACR EXTRA FOSCO BRANCO 3,6L;000038;7898289930933;Inativo;1,0000; por GL
;MAZA ACR FOSCO PREMIUM PROTECT BRANCO 0,900ML;000978;7898289932722;Inativo;1,0000; por UN
;MAZA ACR FOSCO PREMIUM PROTECT BRANCO 18L;000776;7898289931244;Inativo;1,0000; por UN
;MAZA ACR FOSCO PREMIUM PROTECT BRANCO 3,6L;000800;7898289931237;Inativo;1,0000; por UN
;MAZA ACR FOSCO PREMIUM PROTECT 18L COR -;000963;SEM GTIN;Inativo;1,0000; por LA
;MAZA ACR LITORAL & CAMPO BRANCO 18L;000903;7899228202418;Inativo;1,0000; por LA
;MAZA ACR LITORAL & CAMPO BRANCO 3,6L;000904;7899228202500;Inativo;1,0000; por UN
;MAZA ACR PREMIUM PALHA 18L;000871;SEM GTIN;Inativo;1,0000; por LA
;MAZA ACR PROFISSIONAL BRANCO 18L;000901;SEM GTIN;Inativo;1,0000; por LA
;MAZA ACR PROFISSIONAL BRANCO 3,6L;000902;7899228271674;Inativo;1,0000; por UN
;MAZA ACR SEMI BRILHO PREMIUM PROTECT BRANCO 18L;000940;SEM GTIN;Inativo;1,0000; por LA
;MAZA ACR SEMI BRILHO PREMIUM PROTECT BRANCO 3,6L;000941;SEM GTIN;Inativo;1,0000; por UN
;MAZA ACR ULTRA RENDE MAIS AZUL PROFUNDO 18L;001084;SEM GTIN;Inativo;1,0000; por LA
;MAZA ACR ULTRA RENDE MAIS BRANCO 18L;000777;7898289931220;Inativo;1,0000; por UN
;MAZA ACR ULTRA RENDE MAIS BRANCO 3,6L;000808;7898289931213;Inativo;1,0000; por UN
;MAZA BATIDA DE PEDRA BRANCO 0,900ML;001172;SEM GTIN;Inativo;1,0000; por UN
;MAZA BATIDA DE PEDRA PRETO 0,900ML;001171;SEM GTIN;Inativo;1,0000; por UN
;MAZA CHAPISCO (BIANCO) 1KG;000827;7898289934252;Inativo;1,0000; por UN
;MAZA CIMENTO QUE P/ PISO 3X1 COR CIMENTO 25KG;001000;7899228236369;Inativo;1,0000; por UN
;MAZA CIMENTO QUE P/ PISO 3X1 COR CIMENTO 5KG;001001;SEM GTIN;Inativo;1,0000; por UN
;MAZA CIMENTO QUEIMADO COR CAMURCA 25KG;000792;SEM GTIN;Inativo;1,0000; por UN
;MAZA CIMENTO QUEIMADO COR CAMURCA 5KG;000793;SEM GTIN;Inativo;1,0000; por UN
;MAZA CIMENTO QUEIMADO COR CHUMBO 25KG;000656;7899228232361;Inativo;1,0000; por UN
;MAZA CIMENTO QUEIMADO COR CHUMBO 5KG;000661;SEM GTIN;Inativo;1,0000; por GL
;MAZA CIMENTO QUEIMADO COR CIMENTO 25KG;000707;SEM GTIN;Inativo;1,0000; por UN
;MAZA CIMENTO QUEIMADO COR CIMENTO 5KG;000706;SEM GTIN;Inativo;1,0000; por GL
;MAZA CIMENTO QUEIMADO COR CINZA 5KG;001092;SEM GTIN;Inativo;1,0000; por UN
;MAZA CIMENTO QUEIMADO COR PLATINA 25KG;000790;7899228238356;Inativo;1,0000; por UN
;MAZA CIMENTO QUEIMADO COR PLATINA 5KG;000791;7899228232644;Inativo;1,0000; por UN
;MAZA CIMENTO QUEIMADO COR ROSE GOLD 25KG;000794;SEM GTIN;Inativo;1,0000; por UN
;MAZA CIMENTO QUEIMADO COR ROSE GOLD 5KG;000795;SEM GTIN;Inativo;1,0000; por UN
;MAZA CORANTE LIQUIDO BRANCO 50ML;000807;7899228230428;Inativo;1,0000; por UN
;MAZA CORANTE LIQUIDO MARROM 50ML;000761;7899228230442;Inativo;1,0000; por UN
;MAZA CORANTE LIQUIDO VIOLETA 50ML;000762;7899228230480;Inativo;1,0000; por UN
;MAZA DEMAR VIARIA AMARELO BD 18L;001012;SEM GTIN;Inativo;1,0000; por UN
;MAZA DEMAR VIARIA AMARELO 3,6L;000868;SEM GTIN;Inativo;1,0000; por UN
;MAZA DEMAR VIARIA AZUL SEG. 3,6L;001005;7898289931060;Inativo;1,0000; por UN
;MAZA DEMAR VIARIA BRANCO BD 18L - NORMA DNIT;001013;SEM GTIN;Inativo;1,0000; por UN
;MAZA DEMAR VIARIA BRANCO 3,6L;000934;SEM GTIN;Inativo;1,0000; por UN
;MAZA DEMAR VIARIA PRETO BD 18L - NORMA DNIT;001015;SEM GTIN;Inativo;1,0000; por UN
;MAZA DEMAR VIARIA VERMELHA BD 18L - NORMA DNIT;001014;SEM GTIN;Inativo;1,0000; por UN
;MAZA DEMAR VIARIA VERMELHO 3,6L;000932;SEM GTIN;Inativo;1,0000; por UN
;MAZA DILUENTE EPOXI DP-003 5L;000768;7899228258941;Inativo;1,0000; por UN
;MAZA DILUENTE PU 5220 0,900ML;001006;SEM GTIN;Inativo;1,0000; por QT
;MAZA DILUENTE PU 5220 5L;000769;7899228295038;Inativo;1,0000; por UN
;MAZA ESM AC BRANCO 0,900ML AGUA;000899;7899228270752;Inativo;1,0000; por QT
;MAZA ESM AC PRETO AGUA 3,6L;000047;7899228231555;Inativo;1,0000; por GL
;MAZA ESM AC PRETO AGUA 900ML;000008;7899228103296;Inativo;1,0000; por QT
;MAZA ESM ALTA TEMPERATURA 600Ø ALUMINIO 3,6L;001168;SEM GTIN;Inativo;1,0000; por UN
;MAZA ESM BR BRANCO SOLVENTE 900ML;000019;7898289930612;Inativo;1,0000; por QT
;MAZA ESM BR BRANCO 900ML AGUA;000946;7899228270776;Inativo;1,0000; por QT
;MAZA ESM BR PRETO AGUA 3,6L;000009;7899228214428;Inativo;1,0000; por GL
;MAZA ESM BR PRETO AGUA 900ML;000098;7899228214435;Inativo;1,0000; por QT
;MAZA ESM BRANCO ACETINADO3,6L AGUA;000796;7899228270745;Inativo;1,0000; por UN
;MAZA ESM BRI BRONZE MET DF 3,6L;000861;7898289935792;Inativo;1,0000; por UN
;MAZA ESM BRI OURO LUX MET DF 0,900ML;000863;7898289935679;Inativo;1,0000; por UN
;MAZA ESM BRI OURO LUX MET DF 3,6L;000862;SEM GTIN;Inativo;1,0000; por UN
;MAZA ESM BRI PRETO ONIX MET DF 3,6L;000834;7898289935907;Inativo;1,0000; por UN
;MAZA ESM BRIL BRANCO 3,6L AGUA;000805;7899228270769;Inativo;1,0000; por UN
;MAZA ESM BRIL BRANCO 3,6L SOLVENTE;000865;7898289930629;Inativo;1,0000; por UN
;MAZA ESM BRILHANTE AMARELO 3,6L AGUA;000063;7899228214688;Inativo;1,0000; por GL
;MAZA ESM BRILHANTE AZUL DEL REY 3,6L AGUA;000061;7899228214473;Inativo;1,0000; por GL
;MAZA ESM BRILHANTE VERDE FOLHA 3,6L AGUA;000062;7899228214459;Inativo;1,0000; por GL
;MAZA ESM ECO AB BRANCO 0,900ML;000797;SEM GTIN;Inativo;1,0000; por QT
;MAZA ESM FO BRANCO AGUA 3,6L;000010;7899228100196;Inativo;1,0000; por GL
;MAZA ESM FO BRANCO 900ML AGUA;000011;7899228100202;Inativo;1,0000; por QT
;MAZA ESM FO PRETO AGUA 3,6L;000012;7899228100295;Inativo;1,0000; por GL
;MAZA ESM FO PRETO 900ML AGUA;000013;7899228100288;Inativo;1,0000; por QT
;MAZA ESM MARROM CAFE 3,6L SOLVENTE;000040;7899228217160;Inativo;1,0000; por GL
;MAZA ESM SINT AB ALUMINIO 900ML;000952;SEM GTIN;Inativo;1,0000; por UN
;MAZA ESM SINT AB AZUL DEL REY 3,6L;000888;SEM GTIN;Inativo;1,0000; por GL
;MAZA ESM SINT AB AZUL DEL REY 900ML;000935;SEM GTIN;Inativo;1,0000; por UN
;MAZA ESM SINT AB AZUL FRANCA 3,6L;000944;SEM GTIN;Inativo;1,0000; por GL
;MAZA ESM SINT AB AZUL FRANCA 900ML;000945;SEM GTIN;Inativo;1,0000; por UN
;MAZA ESM SINT AB AZUL MAR 3,6L;000984;SEM GTIN;Inativo;1,0000; por GL
;MAZA ESM SINT AB AZUL MAR 900ML;000985;SEM GTIN;Inativo;1,0000; por UN
;MAZA ESM SINT AB CERAMICA 3,6L;000992;SEM GTIN;Inativo;1,0000; por UN
;MAZA ESM SINT AB CERAMICA 900ML;000993;SEM GTIN;Inativo;1,0000; por UN
;MAZA ESM SINT AB CINZA ESCURO 3,6L;000754;7898289930643;Inativo;1,0000; por UN
;MAZA ESM SINT AB LARANJA 3,6L;000990;7899228231593;Inativo;1,0000; por UN
;MAZA ESM SINT AB LARANJA 900ML;000991;SEM GTIN;Inativo;1,0000; por UN
;MAZA ESM SINT AB MARROM CONHAQUE 3,6L;000948;SEM GTIN;Inativo;1,0000; por GL
;MAZA ESM SINT AB MARROM CONHAQUE 900ML;000950;SEM GTIN;Inativo;1,0000; por UN
;MAZA ESM SINT AB MARROM 3,6L;000804;SEM GTIN;Inativo;1,0000; por GL
;MAZA ESM SINT AB MARROM 900ML;000949;SEM GTIN;Inativo;1,0000; por UN
;MAZA ESM SINT AB TABACO 3,6L;001140;SEM GTIN;Inativo;1,0000; por GL
;MAZA ESM SINT AB TABACO 900ML;001141;SEM GTIN;Inativo;1,0000; por UN
;MAZA ESM SINT AB VERDE COLONIAL 3,6L;000988;SEM GTIN;Inativo;1,0000; por GL
;MAZA ESM SINT AB VERDE COLONIAL 900ML;000989;SEM GTIN;Inativo;1,0000; por UN
;MAZA ESM SINT AB VERDE FOLHA 3,6L;000930;7898289932630;Inativo;1,0000; por GL
;MAZA ESM SINT AB VERDE FOLHA 900ML;000947;SEM GTIN;Inativo;1,0000; por UN
;MAZA ESM SINT AB VERDE NILO 3,6L;000966;SEM GTIN;Inativo;1,0000; por UN
;MAZA ESM SINT AB VERDE NILO 900ML;000969;SEM GTIN;Inativo;1,0000; por UN
;MAZA ESM SINT AB VERMELHO 900ML;000898;SEM GTIN;Inativo;1,0000; por UN
;MAZA ESM SINT AC BRANCO SOLVENTE 900ML;000937;7898289934788;Inativo;1,0000; por QT
;MAZA ESM SINT AC BRANCO 3,6L SOLVENTE;000936;7898289933231;Inativo;1,0000; por UN
;MAZA ESM SINT AMARELO BRIL 16L SOLVENTE;000875;7899228231784;Inativo;1,0000; por UN
;MAZA ESM SINT AMARELO BRIL 3,6L SOLVENTE;000951;SEM GTIN;Inativo;1,0000; por UN
;MAZA ESM SINT AMARELO 900ML SOLVENTE;000874;7899228231777;Inativo;1,0000; por QT
;MAZA ESM SINT BR BRANCO SOLVENTE 225ML;000014;7898289935006;Inativo;1,0000; por UN
;MAZA ESM SINT BR CINZA MEDIO SOLVENTE 225ML;000015;7898289934917;Inativo;1,0000; por UN
;MAZA ESM SINT BR CINZA MEDIO SOLVENTE 3,6L;000986;7898289933064;Inativo;1,0000; por UN
;MAZA ESM SINT BR CINZA MEDIO SOLVENTE 900ML;000987;7898289933071;Inativo;1,0000; por QT
;MAZA ESM SINT BR PLATINA SOLVENTE 225ML;000077;7898289934900;Inativo;1,0000; por UN
;MAZA ESM SINT BR PLATINA SOLVENTE 3,6L;000236;7898289934351;Inativo;1,0000; por UN
;MAZA ESM SINT BR PLATINA SOLVENTE 900ML;000048;7898289934368;Inativo;1,0000; por QT
;MAZA ESM SINT BR PRETO SOLVENTE 225ML;000018;7898289934948;Inativo;1,0000; por UN
;MAZA ESM SINT BR PRETO SOLVENTE 3,6L;000798;7898289931572;Inativo;1,0000; por UN
;MAZA ESM SINT BR PRETO SOLVENTE 900ML;000977;7898289931589;Inativo;1,0000; por QT
;MAZA ESM SINT CINZA ESCURO 900ML SOLVENTE;000755;7898289933118;Inativo;1,0000; por QT
;MAZA ESM SINT DIRETO NA FERRUGEM AZUL 3,6L;000067;7898289935969;Inativo;1,0000; por GL
;MAZA ESM SINT DIRETO NA FERRUGEM BRANCO 3,6L;000073;7898289936096;Inativo;1,0000; por GL
;MAZA ESM SINT DIRETO NA FERRUGEM CINZA 3,6L;000099;7898289935570;Inativo;1,0000; por GL
;MAZA ESM SINT DIRETO NA FERRUGEM MARROM 3,6L;000039;7898289936003;Inativo;1,0000; por GL
;MAZA ESM SINT FO BRANCO SOLVENTE 225ML;000016;7899228250181;Inativo;1,0000; por UN
;MAZA ESM SINT FO BRANCO SOLVENTE 3,6L;000872;7898289930667;Inativo;1,0000; por UN
;MAZA ESM SINT FO BRANCO SOLVENTE 900ML;000873;7898289934375;Inativo;1,0000; por QT
;MAZA ESM SINT FO PRETO SOLVENTE 225ML;000017;7898289935839;Inativo;1,0000; por UN
;MAZA ESM SINT FO PRETO 3,6L SOLVENTE;000810;7899228217436;Inativo;1,0000; por UN
;MAZA ESM SINT FO PRETO 900ML SOLVENTE;000756;7898289935174;Inativo;1,0000; por QT
;MAZA ESM SINT MARROM CONHAQUE 900ML SOLVENTE;000115;7898289931473;Inativo;1,0000; por QT
;MAZA ESM SINT TABACO 3,6L;001032;7898289933248;Inativo;1,0000; por UN
;MAZA ESM SINT TABACO 900ML;001033;7898289933255;Inativo;1,0000; por UN
;MAZA ESM SINT VERMELHO RUBI 3,6L SOLVENTE;000900;7899228231821;Inativo;1,0000; por GL
;MAZA FUNDO NIVELDOR BRANCO 0,900ML;000789;SEM GTIN;Inativo;1,0000; por QT
;MAZA FUNDO NIVELDOR BRANCO 3,6L;000788;SEM GTIN;Inativo;1,0000; por GL
;MAZA FUNDO PARA GALV (BRANCO) 0,900ML;000823;7899228251096;Inativo;1,0000; por QT
;MAZA FUNDO PARA GALV (BRANCO) 18L;001164;SEM GTIN;Inativo;1,0000; por UN
;MAZA FUNDO PARA GALV (BRANCO) 3,6L;000933;7898289933712;Inativo;1,0000; por UN
;MAZA FUNDO PREP PAREDE BA AGUA 18L;000959;SEM GTIN;Inativo;1,0000; por LA
;MAZA FUNDO PREP PAREDE BA BD 3,6L;000809;7899228265093;Inativo;1,0000; por UN
;MAZA GESSO DUPLA ACAO BD 3,6L;000968;7899228271216;Inativo;1,0000; por GL
;MAZA GESSO DUPLA ACAO 18L;000967;7899228268094;Inativo;1,0000; por LA
;MAZA GRAFITE FOSCO DF CINZA ESCURO 3,6L;000965;SEM GTIN;Inativo;1,0000; por UN
;MAZA KIT PRIMER EPOXI CLEAR P/ PISO GALAO A+B;000851;7899228295830;Inativo;1,0000; por GL
;MAZA KIT PRIMER EPOXI M202 GALAO A+B;000767;7899228297384;Inativo;1,0000; por GL
;MAZA LIMPA PEDRAS 5L;000021;7899228233559;Inativo;1,0000; por GL
;MAZA MARMORATO BASE P/ EFEITO 18KG;000859;SEM GTIN;Inativo;1,0000; por BD
;MAZA MARMORATO BASE P/ EFEITO 3,6KG;000860;SEM GTIN;Inativo;1,0000; por GL
;MAZA MASSA ACR PREMIUM BD 25KG;000782;7898289934542;Inativo;1,0000; por LA
;MAZA MASSA ACR PREMIUM BD 5,6KG;000813;7899228265918;Inativo;1,0000; por UN
;MAZA MASSA ACRILICA 1/4;000942;SEM GTIN;Inativo;1,0000; por QT
;MAZA MASSA ANTIRRUIDO 46805257 900ML;000960;7898289934320;Inativo;1,0000; por UN
;MAZA MASSA CORRIDA PVA BD 25KG;000775;7898289934559;Inativo;1,0000; por UN
;MAZA MASSA CORRIDA PVA BD 5,6KG;000822;7899228264744;Inativo;1,0000; por GL
;MAZA MASSA CORRIDA PVA 1/4;000943;7899228238660;Inativo;1,0000; por QT
;MAZA MASSA PEQUENAS CORRECOES AUTO 180G;000999;7898289935242;Inativo;1,0000; por UN
;MAZA MASSA TAPA FACIL 90G;000858;SEM GTIN;Inativo;1,0000; por UN
;MAZA MICRO ESFERA BASIGLASS TIPO II A - SC 25KG;000025;7899228203408;Inativo;1,0000; por UN
;MAZA PRIMER ECO NIVELADOR BRANCO 0,900ML;000787;SEM GTIN;Inativo;1,0000; por QT
;MAZA PRIMER ECO NIVELADOR BRANCO 3,6L;000786;SEM GTIN;Inativo;1,0000; por GL
;MAZA PRIMER SINT PRETO 18L;001099;SEM GTIN;Inativo;1,0000; por UN
;MAZA PRIMER UNIVERSAL CINZA 0,900ML;001173;SEM GTIN;Inativo;1,0000; por QT
;MAZA RESINA ACR PREMIUM INCOLOR BD 3,6L AGUA;000110;7899228103654;Inativo;1,0000; por BD
;MAZA RESINA ACRILICA INCOLOR BRILHANTE 0,900ML;000857;SEM GTIN;Inativo;1,0000; por UN
;MAZA RESINA ACRILICA INCOLOR BRILHANTE 18L;000855;7899228215418;Inativo;1,0000; por UN
;MAZA RESINA ACRILICA INCOLOR BRILHANTE 3,6L;000856;7899228229026;Inativo;1,0000; por UN
;MAZA SELADOR ACRILICO BD 18L;000781;7899228271834;Inativo;1,0000; por BD
;MAZA SELADOR ACRILICO BD 3,6L;000850;7899228264843;Inativo;1,0000; por UN
;MAZA SUPER PISO AMARELO DEM 18L;000825;7898289933309;Inativo;1,0000; por UN
;MAZA SUPER PISO AMARELO DEM 3,6L;000826;SEM GTIN;Inativo;1,0000; por UN
;MAZA SUPER PISO AZUL 18L;000784;7898289933026;Inativo;1,0000; por UN
;MAZA SUPER PISO AZUL 3,6L;000840;7898289933040;Inativo;1,0000; por UN
;MAZA SUPER PISO BRANCO 18L;000783;7898289937635;Inativo;1,0000; por UN
;MAZA SUPER PISO BRANCO 3,6L;000841;7898289937642;Inativo;1,0000; por UN
;MAZA SUPER PISO CASTOR 18L;000889;SEM GTIN;Inativo;1,0000; por UN
;MAZA SUPER PISO CASTOR 3,6L;000996;7899228249277;Inativo;1,0000; por UN
;MAZA SUPER PISO CINZA CHUMBO 18L;000835;7899228217719;Inativo;1,0000; por UN
;MAZA SUPER PISO CINZA CHUMBO 3,6L;000843;7899228217702;Inativo;1,0000; por UN
;MAZA SUPER PISO CINZA 18L;000820;7898289933033;Inativo;1,0000; por UN
;MAZA SUPER PISO CINZA 3,6L;000842;7898289933057;Inativo;1,0000; por UN
;MAZA SUPER PISO CONCRETO 18L;000839;7898289933002;Inativo;1,0000; por UN
;MAZA SUPER PISO CONCRETO 3,6L;000844;SEM GTIN;Inativo;1,0000; por UN
;MAZA SUPER PISO MARROM 18L;000785;7899228227428;Inativo;1,0000; por UN
;MAZA SUPER PISO MARROM 3,6L;000845;SEM GTIN;Inativo;1,0000; por UN
;MAZA SUPER PISO PRETO 18L;000821;7898289936669;Inativo;1,0000; por UN
;MAZA SUPER PISO PRETO 3,6L;000846;SEM GTIN;Inativo;1,0000; por UN
;MAZA SUPER PISO VERDE 18L;000836;7898289937284;Inativo;1,0000; por UN
;MAZA SUPER PISO VERDE 3,6L;000847;7898289933163;Inativo;1,0000; por UN
;MAZA SUPER PISO VERMELHO OXIDO 18L;000838;SEM GTIN;Inativo;1,0000; por UN
;MAZA SUPER PISO VERMELHO OXIDO 3,6L;000848;SEM GTIN;Inativo;1,0000; por UN
;MAZA SUPER PISO VERMELHO SEG 18L;000837;SEM GTIN;Inativo;1,0000; por UN
;MAZA SUPER PISO VERMELHO SEG 3,6L;000849;SEM GTIN;Inativo;1,0000; por UN
;MAZA SV KIT A+B EPOX LARANJA SEG GALAO 3,6L;000824;7899228217672;Inativo;1,0000; por GL
;MAZA VERNIZ ACRILICO INCOLOR 0,900ML;000854;SEM GTIN;Inativo;1,0000; por UN
;MAZA VERNIZ ACRILICO INCOLOR 18L;000852;SEM GTIN;Inativo;1,0000; por UN
;MAZA VERNIZ ACRILICO INCOLOR 3,6L;000853;SEM GTIN;Inativo;1,0000; por UN
;MAZA ZARCAO CINZA 3,6L;000906;SEM GTIN;Inativo;1,0000; por GL
;MAZA ZARCAO CINZA 900ML;000908;SEM GTIN;Inativo;1,0000; por UN
;MAZA ZARCAO LARANJA 3,6L;000970;7899228229392;Inativo;1,0000; por GL
;MAZA ZARCAO LARANJA 900ML;000971;SEM GTIN;Inativo;1,0000; por UN
;MAZA ZARCAO VERMELHO OXIDO 3,6L;000905;SEM GTIN;Inativo;1,0000; por GL
;MAZA ZARCAO VERMELHO OXIDO 900ML;000907;SEM GTIN;Inativo;1,0000; por UN
;MAZAMAX VEDA CAPO BRANCO 460G;000962;7898289937178;Inativo;1,0000; por UN
;MAZAPOXI KIT M298 II AMARELO SEG 5 Y 8/12 3,6L;000022;7899228283295;Inativo;1,0000; por UN
;MAZAPOXI KIT M298 II BRANCO N 9,5 3,6L;000113;7899228262900;Inativo;1,0000; por UN
;MAZAPOXI KIT M298 II CINZA ESCURO N 3,5 3,6L;000023;7899228279618;Inativo;1,0000; por UN
;MAZAPOXI KIT M298 II PRETO N 1 3,6L;000064;7899228283288;Inativo;1,0000; por UN
;MAZAPOXI KIT M298 II VERM SEG 5 R 4/14 3,6L;000024;7899228283851;Inativo;1,0000; por UN
;MAZAPREN PAREDE BD 3,6KG;000961;7898289931312;Inativo;1,0000; por UN
;MAZAPREN PAREDE BRANCO 18KG;000828;7898289931305;Inativo;1,0000; por LA
;MAZATHANE VERNIZ PU P/ PISO GALAO KIT A+B;001002;7899228205976;Inativo;1,0000; por GL
;MEC TRONIC BR C/PL TOMADA 10A COD.39025;001119;7898444103042;Inativo;1,0000; por UN
;MEC TRONIC BR C/PL TOMADA 20A COD.39030;001120;7898444103127;Inativo;1,0000; por UN
;MEC TRONIC BR C/PL 1 INTERR SIMPLE + TOM 20A COD.39210;001143;7898502046571;Inativo;1,0000; por UN
;MEC TRONIC BR C/PL 1 INTERR SIMPLES COD. 21001;001118;7898010132469;Inativo;1,0000; por UN
;MEC TRONIC BR C/PL 1 INTERRS + TOMADA 10A COD.39045;001138;7898444103615;Inativo;1,0000; por UN
;MEC TRONIC BR C/PL 2 INTERR PARALELOS COD.21005;001122;7898010132506;Inativo;1,0000; por UN
;MEC TRONIC BR C/PL 2 INTERR SIMPLES COD.21003;001121;7898010132483;Inativo;1,0000; por UN
;MEC TRONIC BR C/PL 2 TOMADA 10A COD.39049;001123;7898444103653;Inativo;1,0000; por UN
;MEC TRONIC BR C/PL 2 TOMADAS 20A COD.39161;001142;7898502043914;Inativo;1,0000; por UN
;MEC TRONIC PINO FEMEA 2P+T NBR 10A BR COD.39174;001148;7898502044096;Inativo;1,0000; por UN
;MEC TRONIC PINO FEMEA 2P+T NBR 10A PT COD.39055;001149;7898444103714;Inativo;1,0000; por UN
;MEC TRONIC PINO MACHO MEC 180 2P 10A PT COD.39217;001147;7898502047783;Inativo;1,0000; por UN
;MEC TRONIC PINO MACHO 180 2P 10A BR COD.39214;001146;7898502047752;Inativo;1,0000; por UN
;MEXEDOR DE TINTA ACO GALVANIZADO 120 X 9 X 600MM;001133;7897613529010;Ativo;48,9900; por UN
;MONTANA RESINA CER TELHA BR AGUA 3,6L;001321;7909547000098;Ativo;153,3600; por UN
;MONTANA STRIPTIZI REMOVEDOR GEL 1 KG;001379;7896682402118;Ativo;89,9000; por UN
;MONTANA STRIPTIZI REMOVEDOR GEL 4 KG;001380;7896682402125;Ativo;199,9000; por UN
;N - AZUL;002346;SEM GTIN;Ativo;1,0000; por UN
;NATRIELLI ZARCAO SERRALHEIRO CINZA 3,6L;000615;7897176400306;Inativo;1,0000; por UN
;NATRIELLI ZARCAO SERRALHEIRO OXIDO 3,6L;000614;7897176400665;Inativo;1,0000; por UN
;NEUTRALIZADOR FERRUG OTTO ARMATEC 200ML;000921;7897321123333;Inativo;1,0000; por UN
;NEUTRALIZADOR FERRUG OTTO ARMATEC 500ML;000763;7897321123340;Inativo;1,0000; por UN
;NEUTROL VIABIT ACQUA 200KG VIAPOL;000803;SEM GTIN;Inativo;1,0000; por UN
;NEUTROL 1L OTTO BOUNGART;001082;7897321121339;Inativo;1,0000; por UN
;NEUTROL 200KG OTTO BOUNGART;000801;SEM GTIN;Inativo;1,0000; por UN
;NEUTROL 3,6L OTTO BOUNGART;000624;7897321121322;Inativo;1,0000; por UN
;NORTON DISCO CORTE BNA12 115X1.0X22.23;001163;7891345716533;Ativo;16,1500; por UN
;NORTON DISCO LIXA MASSA C/VEL 8 FUR 120X225MM A-25;000964;SEM GTIN;Ativo;9,8900; por UN
;NORTON ESCOVA DE ACO C/C 3F;000954;7891345355503;Ativo;8,9900; por UN
;NORTON FITA DUPLA FACE TRANSP HPN 12X3M;001905;7891345295724;Inativo;1,0000; por UN
;NORTON FITA ISOLANTE CLASSIC 19 X 05M;001906;7891345666029;Ativo;650,0000; por UN
;NORTON FITA ISOLANTE 19X 5 ROLO;000495;7895316729348;Inativo;1,0000; por UN
;NORTON LIXA DE AGUA J1200;000972;7891345436651;Ativo;6,0000; por UN
;NORTON LIXA DE AGUA T499 1500;000247;1010001084144;Ativo;13,2800; por UN
;NORTON LIXA DE AGUA T499 2000;000248;7891345436752;Ativo;14,0400; por UN
;NORTON LIXA DE AGUA 100;000737;7891792133549;Ativo;3,6200; por UN
;NORTON LIXA DE AGUA 120;001073;7891792133556;Ativo;3,6200; por UN
;NORTON LIXA DE AGUA 1200;000438;7895316819858;Ativo;11,0700; por UN
;NORTON LIXA DE AGUA 150;000915;7891792133563;Ativo;3,6200; por UN
;NORTON LIXA DE AGUA 180;000916;7891792133570;Ativo;3,6200; por UN
;NORTON LIXA DE AGUA 220;000917;7891792006928;Ativo;3,6200; por UN
;NORTON LIXA DE AGUA 240;000245;7891792133587;Ativo;2,7600; por UN
;NORTON LIXA DE AGUA 2500;000100;7891345436790;Ativo;12,6800; por UN
;NORTON LIXA DE AGUA 280;000246;7891792133594;Ativo;2,7600; por UN
;NORTON LIXA DE AGUA 320;000923;7891792133600;Ativo;2,7600; por UN
;NORTON LIXA DE AGUA 360;000613;7891792133617;Ativo;2,8400; por UN
;NORTON LIXA DE AGUA 400;000679;7891792133624;Ativo;2,8400; por UN
;NORTON LIXA DE AGUA 500;000924;7891792133631;Ativo;4,3400; por UN
;NORTON LIXA DE AGUA 80;000914;7891792133532;Ativo;3,6200; por UN
;NORTON LIXA DE DAGUA 3000;000101;7891345769720;Ativo;12,6800; por UN
;NORTON LIXA DE FERRO 120;000956;7891792133891;Ativo;4,7200; por UN
;NORTON LIXA DE FERRO 150;000919;7891792133914;Ativo;4,7200; por UN
;NORTON LIXA DE FERRO 180;000957;7891792006911;Ativo;4,7200; por UN
;NORTON LIXA DE FERRO 220;000958;7891792133921;Ativo;4,7200; por UN
;NORTON LIXA DE FERRO 80;000955;7891792133877;Ativo;4,7200; por UN
;NORTON LIXA FERRO 040;001778;7891792133808;Ativo;5,6200; por UN
;NORTON LIXA FERRO 050;001232;7891792133815;Ativo;4,7200; por UN
;NORTON LIXA FERRO 060;001779;7891792133822;Ativo;4,7200; por UN
;NORTON LIXA FERRO 100;001556;7891792133884;Ativo;4,3400; por UN
;NORTON LIXA FERRO 240;001780;7891792133952;Ativo;4,3400; por UN
;NORTON LIXA FERRO 320;001781;7891792133976;Ativo;4,7200; por UN
;NORTON LIXA FERRO 36;001411;7891792133792;Ativo;5,6200; por UN
;NORTON LIXA MASSA 060;001782;7891345670569;Ativo;1,8200; por UN
;NORTON LIXA MASSA 100;000918;SEM GTIN;Ativo;1,2800; por UN
;NORTON LIXA MASSA 120;001241;7891792133761;Ativo;1,4000; por UN
;NORTON LIXA MASSA 150;000716;7891792133778;Ativo;1,4000; por UN
;NORTON LIXA MASSA 180;000717;7891792133785;Ativo;1,6000; por UN
;NORTON LIXA MASSA 220;001223;7891792133983;Ativo;1,4000; por UN
;NORTON LIXA MASSA 320;001236;SEM GTIN;Ativo;1,2400; por UN
;NORTON LIXA MASSA 50;001222;7891792133662;Ativo;1,8400; por UN
;NORTON LIXA MASSA 80;001088;7891792133754;Ativo;1,8400; por UN
;NORTON LIXA P/ MADEIRA 100;000006;7891792134041;Ativo;1,2100; por UN
;NORTON LIXA P/ MADEIRA 120;000105;7891792134065;Ativo;1,2100; por UN
;NORTON LIXA P/ MADEIRA 150;000106;7891792134072;Ativo;1,2100; por UN
;NORTON LIXA P/ MADEIRA 180;000107;7891792134089;Ativo;1,2100; por UN
;NORTON LIXA P/ MADEIRA 220;000108;7891792134096;Ativo;1,2100; por UN
;NORTON LIXA P/ MADEIRA 50;000103;7891792133990;Ativo;1,7500; por UN
;NORTON LIXA P/ MADEIRA 60;000005;7895316231964;Ativo;1,7500; por UN
;NORTON LIXA P/ MADEIRA 80;000104;7891792134027;Ativo;1,7500; por UN
;NORTON LIXA SECO CHAMPAGNE 100;001242;7895316460081;Ativo;7,2400; por UN
;NORTON LIXA SECO CHAMPAGNE 120;001238;7895316460050;Ativo;8,1200; por UN
;NORTON LIXA SECO CHAMPAGNE 150;001229;7895316460111;Ativo;8,1200; por UN
;NORTON LIXA SECO CHAMPAGNE 180;000569;7895316460135;Ativo;6,6100; por UN
;NORTON LIXA SECO CHAMPAGNE 220;000685;7895316491467;Ativo;5,5000; por UN
;NORTON LIXA SECO CHAMPAGNE 320;000686;7895316460289;Ativo;6,9900; por UN
;NORTON LIXA SECO CHAMPAGNE 400;001839;SEM GTIN;Ativo;5,9600; por UN
;NORTON LIXA SECO CHAMPAGNE 600;001227;7895316460463;Ativo;5,7200; por UN
;NORTON LIXA SECO CHAMPAGNE 80;000684;7895316460029;Ativo;8,1200; por UN
;'NOVO' FACHADA PROTEGIDA A2 3.20;002435;7891260562079;Inativo;1,0000; por UN
;'NOVO' FACHADA PROTEGIDA B2 3.20;002436;7891260562093;Inativo;1,0000; por UN
;'NOVO' FACHADA PROTEGIDA C2 3.20;002437;7891260562116;Inativo;1,0000; por UN
;'NOVO' FACHADA PROTEGIDA EMBORRACHADA A2 3.20;002438;7891260561386;Inativo;1,0000; por UN
;'NOVO' FACHADA PROTEGIDA EMBORRACHADA B2 3.20;002439;7891260561409;Inativo;1,0000; por UN
;'NOVO' FACHADA PROTEGIDA EMBORRACHADA C2 3.20;002440;7891260561423;Inativo;1,0000; por UN
;'NOVO' FACHADA PROTEGIDA SUPER COBERTURA A2 3.20;002441;7891260561461;Inativo;1,0000; por UN
;'NOVO' FACHADA PROTEGIDA SUPER COBERTURA B2 3.20;002442;7891260561485;Inativo;1,0000; por UN
;'NOVO' FACHADA PROTEGIDA SUPER COBERTURA C2 3.20;002443;7891260561508;Inativo;1,0000; por UN
;'NOVO' FOSCO SEMPRE LIMPO A2 0.800;002444;7891260561287;Inativo;1,0000; por UN
;'NOVO' FOSCO SEMPRE LIMPO A2 3.20;002445;7891260561270;Inativo;1,0000; por UN
;'NOVO' FOSCO SEMPRE LIMPO B2 0.800;002446;7891260561317;Inativo;1,0000; por UN
;'NOVO' FOSCO SEMPRE LIMPO C2 0.800;002447;7891260561348;Inativo;1,0000; por UN
;'NOVO' TOQUE BRILHO A2 0.800;002448;7891260559260;Inativo;1,0000; por UN
;'NOVO' TOQUE BRILHO A2 3.20;002449;7891260559253;Inativo;1,0000; por UN
;'NOVO' TOQUE BRILHO B2 0.800;002450;7891260559291;Inativo;1,0000; por UN
;'NOVO' TOQUE BRILHO C2 0.800;002451;7891260559321;Inativo;1,0000; por UN
;'NOVO' TOQUE FOSCO A2 0.800;002427;7891260561782;Inativo;1,0000; por UN
;'NOVO' TOQUE FOSCO A2 16.00;002429;7891260561805;Inativo;1,0000; por UN
;'NOVO' TOQUE FOSCO A2 3.20;002428;7891260581799;Inativo;1,0000; por UN
;'NOVO' TOQUE FOSCO B2 0.800;002430;7891260561812;Inativo;1,0000; por UN
;'NOVO' TOQUE FOSCO B2 16.00;002432;7891260561836;Inativo;1,0000; por UN
;'NOVO' TOQUE FOSCO B2 3.20;002431;7891260561829;Inativo;1,0000; por UN
;'NOVO' TOQUE FOSCO COMPLETO A2 0.800;002418;7891260560914;Inativo;1,0000; por UN
;'NOVO' TOQUE FOSCO COMPLETO A2 16.00;002420;SEM GTIN;Inativo;1,0000; por UN
;'NOVO' TOQUE FOSCO COMPLETO A2 3.20;002419;7891260560921;Inativo;1,0000; por UN
;'NOVO' TOQUE FOSCO COMPLETO B2 0.800;002421;7891260560945;Inativo;1,0000; por UN
;'NOVO' TOQUE FOSCO COMPLETO B2 16.00;002423;7891260560969;Inativo;1,0000; por UN
;'NOVO' TOQUE FOSCO COMPLETO B2 3.20;002422;7891260560952;Inativo;1,0000; por UN
;'NOVO' TOQUE FOSCO COMPLETO C2 0.800;002424;7891260560976;Inativo;1,0000; por UN
;'NOVO' TOQUE FOSCO COMPLETO C2 16.00;002426;SEM GTIN;Inativo;1,0000; por UN
;'NOVO' TOQUE FOSCO COMPLETO C2 3.20;002425;7891260560983;Inativo;1,0000; por UN
;'NOVO' TOQUE FOSCO C2 0.800;002433;7891260561843;Inativo;1,0000; por UN
;'NOVO' TOQUE FOSCO C2 3.20;002434;7891260561850;Inativo;1,0000; por UN
;'NOVO' TOQUE FOSCO SELECT A2 0.80;002458;7891260563069;Inativo;1,0000; por UN
;'NOVO' TOQUE FOSCO SELECT B2 0.80;002459;7891260563090;Inativo;1,0000; por UN
;'NOVO' TOQUE FOSCO SELECT C2 3.20;002460;7891260563250;Inativo;1,0000; por UN
;'NOVO' TOQUE SEDA A2 0.800;002452;7891260559086;Inativo;1,0000; por UN
;'NOVO' TOQUE SEDA A2 16.00;002454;SEM GTIN;Inativo;1,0000; por UN
;'NOVO' TOQUE SEDA A2 3.20;002453;7891260559079;Inativo;1,0000; por UN
;'NOVO' TOQUE SEDA B2 0.80;002455;7891260559116;Inativo;1,0000; por UN
;'NOVO' TOQUE SEDA C2 0.800;002456;7891260559147;Inativo;1,0000; por UN
;'NOVO' TOQUE SEDA C2 3.20;002457;SEM GTIN;Inativo;1,0000; por UN
;O - MAGENTA;002347;SEM GTIN;Ativo;1,0000; por UN
;OLEO LUB STARRETT S-LUB 300ML/200G SPRAY;000729;7891265020949;Inativo;1,0000; por UN
;OTTO MANTA VEDAMAX II GLAS 3,0MM 1X10M;000688;7897321125276;Inativo;1,0000; por UN
;PACOTE DE ESTOPA ;002727;SEM GTIN;Ativo;8,0000; por UN
;PAD PARA RECORTE ATLAS;000308;SEM GTIN;Ativo;2,0000; por UN
;PALHA - A2 - READY MIX - RENDE & COBRE MUITO;002353;SEM GTIN;Inativo;1,0000; por UN
;PALHA DE ACO NO2 - VIERA;000669;7897133600077;Ativo;1,9000; por UN
;PANO DE LIMPEZA UNI;000647;SEM GTIN;Inativo;1,0000; por UN
;PAPELAO ONDULADO 1.20M X 1M;000313;SEM GTIN;Ativo;1,0000; por UN
;PAPELAO ONDULADO 1.20M X 10M BOBINA;000671;SEM GTIN;Ativo;39,9900; por UN
;PAPELAO ONDULADO 120M X 100M BOBINA;001903;SEM GTIN;Ativo;345,9900; por UN
;PAPELAO ONDULADO 1.20M X 30M BOBINA;000602;SEM GTIN;Inativo;1,0000; por UN
;PAPELAO ONDULADO 1.20M X 50M BOBINA;000312;SEM GTIN;Inativo;1,0000; por UN
;PARAFUSADEIRA BATERIA 21V BOM-9961;002754;7908782211283;Ativo;150,0000; por UN
;PEDESTAL PVC PLASTCOR 90CM PTO/AMA 70033030;000689;SEM GTIN;Inativo;1,0000; por UN
;PERFORDUR PISO COMP. B WET 1,2L;000709;SEM GTIN;Inativo;1,0000; por GL
;PERFORDUR PISO WET BRANCO N-9,5 2,5L;000708;SEM GTIN;Inativo;1,0000; por GL
;PIGMENTO CORES;001221;SEM GTIN;Inativo;1,0000; por UN
;PILHA DURACELL ALCALINA PALITO AAA C/2P;001053;SEM GTIN;Inativo;1,0000; por UN
;PILHA DURACELL ALCALINA PEQ AA C/2P;001052;SEM GTIN;Inativo;1,0000; por UN
;PINO 3 SAIDAS MEC NBR(2P+T) BR 39612;001065;7899639212037;Inativo;1,0000; por UN
;PINTURA ASFALTICA QUARTZOLIT ACQUA 18L BALDE;000780;SEM GTIN;Inativo;1,0000; por BD
;PINTURA ASFALTICA QUARTZOLIT ACQUA 3,6L GALAO 30946.16.34.05;000732;7894174280107;Inativo;1,0000; por GL
;PINTURA EMBORRACHADA 18L HYDRONORTH;000251;SEM GTIN;Inativo;1,0000; por UN
;PINTURA EMBORRACHADA 3,6L HYDRONORTH;000252;SEM GTIN;Inativo;1,0000; por UN
;PINTURA EMB.18L CINZA RUPESTRE HYDRONORTH;000253;SEM GTIN;Inativo;1,0000; por UN
;PISO CINZA 18L CORAL;000766;SEM GTIN;Inativo;369,9900; por LA
;PISOS E FACHADAS PREMIUM 18L - AMARELO DEM. - MATRIZ;000454;SEM GTIN;Inativo;1,0000; por LA
;PISOS E FACHADAS PREMIUM 18L - AZUL - MATRIZ;000451;SEM GTIN;Inativo;1,0000; por LA
;PISOS E FACHADAS PREMIUM 18L - BRANCO - MATRIZ;000446;SEM GTIN;Inativo;1,0000; por LA
;PISOS E FACHADAS PREMIUM 18L - CINZA - MATRIZ;000448;SEM GTIN;Inativo;1,0000; por LA
;PISOS E FACHADAS PREMIUM 18L - CINZA CHUMBO - MATRIZ;000449;SEM GTIN;Inativo;1,0000; por LA
;PISOS E FACHADAS PREMIUM 18L - CONCRETO - MATRIZ;000450;SEM GTIN;Inativo;1,0000; por LA
;PISOS E FACHADAS PREMIUM 18L - MARROM - MATRIZ;000413;SEM GTIN;Inativo;1,0000; por LA
;PISOS E FACHADAS PREMIUM 18L - VERDE - MATRIZ;000452;SEM GTIN;Inativo;1,0000; por LA
;PISOS E FACHADAS PREMIUM 18L - VERMELHO SEG. - MATRIZ;000453;SEM GTIN;Inativo;1,0000; por LA
;PISOS E FACHADAS PREMIUM 3,6L - AMARELO DEM. - MATRIZ;000455;SEM GTIN;Inativo;1,0000; por UN
;PISOS E FACHADAS PREMIUM 3,6L - AZUL - MATRIZ;000456;SEM GTIN;Inativo;1,0000; por UN
;PISOS E FACHADAS PREMIUM 3,6L - BRANCO - MATRIZ;000457;SEM GTIN;Inativo;1,0000; por UN
;PISOS E FACHADAS PREMIUM 3,6L - CINZA - MATRIZ;000458;SEM GTIN;Inativo;1,0000; por UN
;PIST COLA BASTAO EDA 10W PEQ BIV NBR;001059;7895315004316;Inativo;1,0000; por UN
;PIST COLA BASTAO EDA 40W GDE BIV NBR;001060;7895315004323;Inativo;1,0000; por UN
;PIST H-2000A GRAV HVLP 1.0MM;000243;SEM GTIN;Inativo;1,0000; por UN
;PIST H-827A KIT GRAV HVLP;000237;SEM GTIN;Inativo;1,0000; por UN
;PIST K3A AEROGRAFO 0.5MM;000239;SEM GTIN;Inativo;1,0000; por UN
;PIST MZ-112A AR DIRETO CAN ALUM;000240;SEM GTIN;Inativo;1,0000; por UN
;PIST PH-827F GRAV BICO 1.4MM;000241;SEM GTIN;Inativo;1,0000; por UN
;PIST PM-202 GRAV MED PROD 1.2MM;000238;SEM GTIN;Inativo;1,0000; por UN
;PIST P/TEXTURA;000244;SEM GTIN;Inativo;1,0000; por UN
;PIST SW-77A BAIXA PR C/CANECA;000242;SEM GTIN;Inativo;1,0000; por UN
;PISTOLA PARA PINTURA MS 36-78 BICO 1.2 - MEDIA PRODUCAO;000884;SEM GTIN;Inativo;1,0000; por UN
;PISTOLA PARA PINTURA MS 36-79 BICO 1.5 - ALTA PRODUCAO;000885;SEM GTIN;Inativo;1,0000; por UN
;PLACA CEGA QUADRADA 4X4 MILLENIUN - MEC-TRONIC;000773;SEM GTIN;Inativo;1,0000; por UN
;PLAF C/SOQ PORC ELITE DECORATIVO OCTOG;001112;7898663640014;Inativo;1,0000; por UN
;PLAFON C/SOQ PORC ELITE BR;001111;7898663641691;Inativo;1,0000; por UN
;PLASTICO BOLHA 1.20 X 50;001818;SEM GTIN;Inativo;1,0000; por UN
;POLIESTER AZUL OCEAN 0,900ML;000465;SEM GTIN;Inativo;1,0000; por QT
;POLIESTER GALACTICO MET TOYOTA 0,900ML BRAZILIAN;000714;SEM GTIN;Inativo;1,0000; por QT
;POLIESTER NOIR NACRE 0,900ML;000605;SEM GTIN;Inativo;1,0000; por QT
;POLIESTER POLARIS 0,900ML BRAZILIAN;000699;SEM GTIN;Inativo;1,0000; por QT
;POLIESTER PRETO LISZT 0,900ML;000604;SEM GTIN;Inativo;1,0000; por QT
;PORTA DE ALUMINIO 80 X 210 MTS L ESQUERDO;000445;SEM GTIN;Inativo;1,0000; por UN
;PORTA DE ALUMINIO 82 X 210 MTS L DIRETO;000444;SEM GTIN;Inativo;1,0000; por UN
;PRETO CADILAC DUCO PPG 0,900ML;000725;1001012096240;Inativo;1,0000; por UN
;PRETO FOSCO VINILICO COM CAT KIT 1/4;000535;SEM GTIN;Inativo;1,0000; por QT
;PRETO FOSCO VINILICO 600ML MAXI RUBBER;000655;7898031541417;Inativo;1,0000; por QT
;PRIMER DRYKO MANTA ACQUA 1L;001030;SEM GTIN;Inativo;1,0000; por UN
;PRIMER EPOXI PISO HPA KIT GALAO;000598;SEM GTIN;Inativo;1,0000; por GL
;PRIMER PU KP350 750ML PARTE A LAZZURIL;000468;SEM GTIN;Inativo;1,0000; por QT
;PRIMER PU 8.1.1 C/ CAT 900ML ROYAL;000696;SEM GTIN;Inativo;1,0000; por QT
;PRIMER REKOMAR PRA 501 3,6L RENNER;000447;SEM GTIN;Inativo;1,0000; por UN
;PRIMER UNIVERSAL BRANCO MAZA 3,6L;000927;SEM GTIN;Inativo;1,0000; por GL
;PROTECAO TOTAL A2 3.20;002355;7891260384589;Inativo;1,0000; por UN
;PROTETOR ELETR. DIGITAL DPS MAX DPS4-STD BIV/BIV (4770);000565;SEM GTIN;Inativo;1,0000; por UN
;PU HBE PISO RAL 3031 KIT A+B GALAO DOMI;000833;SEM GTIN;Inativo;1,0000; por GL
;PU PRETO FOSCO 0.675L LAZZURIL;000726;7891452734314;Inativo;1,0000; por QT
;PULVERIZADOR EXPORT 370ML - GUARANY;000870;SEM GTIN;Inativo;1,0000; por UN
;QUARTZO MICA PRIME;001813;9900000001315;Ativo;135,0000; por UN
;QUARTZOLIT ADIT PLASTIFICANTE P/ ARGAMASSAS 100ML;001940;7894174243072;Ativo;14,9000; por UN
;QUARTZOLIT ARGAMASSA SOBRE PISO POR EXT CINZA 20KG;001090;SEM GTIN;Inativo;1,0000; por UN
;QUARTZOLIT FITA VEDA TUDO 10X10M BRASILIT;001907;7898937679115;Inativo;1,0000; por UN
;QUARTZOLIT FITA VEDA TUDO 15X10M SLEEVE BRASILIT;001908;7898649615999;Inativo;1,0000; por UN
;QUARTZOLIT FITA VEDA TUDO 20X10M BRASILIT;001909;7898937679122;Inativo;1,0000; por UN
;QUARTZOLIT FITA VEDA TUDO 30X10M SLEEVE BRASILIT;001910;7898937679290;Inativo;1,0000; por UN
;QUARTZOLIT FITA VEDA TUDO 45X10M BRASILIT;001911;7898937679092;Inativo;1,0000; por UN
;QUARTZOLIT FITA VEDA TUDO 90X10M BRASILIT;001912;7898937679177;Inativo;1,0000; por UN
;QUARTZOLIT REJUNTE BRANCO1KG;001943;7897255911655;Inativo;1,0000; por UN
;QUARTZOLIT REJUNTE CERAMICA BRANCO 1KG;001913;1083610015007;Inativo;1,0000; por UN
;QUEROSENE 18 L ITAQUA;000713;SEM GTIN;Inativo;1,0000; por UN
;QUEROSENE 5 L ITAQUA;000658;SEM GTIN;Ativo;98,9000; por UN
;R - PRETO;002348;7730149658727;Ativo;98,2700; por UN
;REGULADOR GAS ALIANCA 504 PEQ;001150;7891249058319;Inativo;1,0000; por UN
;REJUNTE BRANCO QUARTZ 1 KG;000441;SEM GTIN;Inativo;1,0000; por UN
;REJUNTE PORCEL CZ/ PLATINA QUARTZ 1 KG;000443;SEM GTIN;Inativo;1,0000; por UN
;REJUNTE PORCEL CZ-PLATINA QUARTZ 1KG;000616;7897255917640;Inativo;1,0000; por UN
;REJUNTE PRETO QUARTZ 1 KG;000442;SEM GTIN;Inativo;1,0000; por UN
;REMOVEDOR DE TINTAS PINTOFF SPARLACK 1L;000675;SEM GTIN;Inativo;1,0000; por QT
;REMOVEDOR DE TINTAS PINTOFF SPARLACK 5L;000779;SEM GTIN;Inativo;1,0000; por GL
;RENDE & COBRE MUITO A2 0.80;002394;SEM GTIN;Inativo;1,0000; por UN
;RENDE & COBRE MUITO A2 16.00;002396;7891260516911;Inativo;1,0000; por UN
;RENDE & COBRE MUITO A2 3.20;002395;SEM GTIN;Inativo;1,0000; por UN
;RENDE MUITO AZUL PROFUNDO 3,60;000348;SEM GTIN;Inativo;109,9900; por GL
;RENDE MUITO VERDE KIWI 18L CORAL;000879;SEM GTIN;Inativo;449,9900; por LA
;RENOVA AZULEJOS EPOXI B/AGUA AC BRANCO 0.9 L - CORAL;000519;7891019176588;Ativo;87,9000; por QT
;RENOVA AZULEJOS EPOXI B/AGUA BR BRANCO 0.9 L - CORAL;000520;7891019176403;Ativo;87,9000; por QT
;RENOVA AZULEJOS EPOXI B/AGUA BR BRANCO 3.6 L - CORAL;000432;7891019176397;Ativo;359,9900; por GL
;RENOVA GESSO & DRYWALL 18L CORAL;000559;7891019139729;Ativo;379,5400; por LA
;RENOVA GESSO & DRYWALL 3,6L CORAL;000560;7891019139712;Ativo;116,3000; por GL
;REPARADOR FLEXIVEL 530G - ALABASTINE;000829;7891019915521;Inativo;1,0000; por UN
;RES CORONA GORDUCHA 3T 220V/5400W;001077;7891071441204;Inativo;1,0000; por UN
;RES CORONA GORDUCHA 4T 220V/5700W;001078;7891071451104;Inativo;1,0000; por UN
;RES CORONA MINHADUCHA 4T 220V 6200W;001076;7891071771004;Inativo;1,0000; por UN
;RES L&C BELLA ULTRA 4T 6800W 220V 3065F;001068;7896451876669;Inativo;1,0000; por UN
;RES L&C BELLA/FASHION 220V 6800W 3056A;001080;7896451845092;Inativo;1,0000; por UN
;RES L&C MAXI/BELLO 220V 5500W 055A;001079;7896451800497;Inativo;1,0000; por UN
;RESINA ACRILICA INCOLOR 5L CORAL;000533;7891019173327;Inativo;1,0000; por UN
;RESINA ACRILICA SOLVENTE 18 LTS HIDRONORT;001558;SEM GTIN;Inativo;1,0000; por LA
;RESINA ADESIVO P/ LAMINACAO 400GR CARPLAST;000720;7898031547211;Inativo;1,0000; por UN
;RESINA INCOLOR 3,6L FOSCA BAUTECH;000317;SEM GTIN;Inativo;1,0000; por UN
;RESISTENCIA LOREN SHOWER ULTRA 3065-M 7500W 220V LORENZETTI;001174;SEM GTIN;Inativo;1,0000; por UN
;RESPIRADOR FACIAL 1/4 C/FILTRO VOGA PLAS;001410;7898494155442;Inativo;1,0000; por UN
;RESPIRADOR FACIEL 1' 4 C FILTRO VOGA PLUS;001375;7898554013972;Inativo;1,0000; por UN
;RESTAURACAO IMPER 18L CORAL;000703;SEM GTIN;Inativo;1,0000; por UN
;RETHANE DAA 655 PRETO N-1,0 RENNER;001021;SEM GTIN;Inativo;1,0000; por GL
;REVRAN FHD 870 (N) VERDE  2,5G 4/8;001023;SEM GTIN;Inativo;1,0000; por GL
;RODO BRILHEX COM CABO 30CM;001132;7897750786079;Inativo;1,0000; por UN
;RODO LIMPEZA PESADA 40CM ATLAS;000892;SEM GTIN;Inativo;1,0000; por UN
;ROLO ESPUMA TIGRE AMARELA 05CM C/C 1341;002501;7891395000057;Ativo;5,9900; por UN
;ROLO LA SINT 1375-150 SEM RESPINGO ( NOVO );001285;7891395040046;Ativo;23,9900; por UN
;ROLO LA SINTETICA TIGRE 23CM S/C 1312;002595;9900000000585;Ativo;15,9900; por UN
;ROLO LONA PLASTICA PRETA 04 X 100M - NEGREIRA;001398;7890202101116;Ativo;323,6500; por UN
;ROLO LONA PLASTICA PRETA 04 X 50M - NEGREIRA;001237;7895099284300;Ativo;217,9900; por UN
;ROLO PLASTICO BOLHA 100ML 130X100;000536;SEM GTIN;Inativo;1,0000; por QT
;ROLO TEXTURA ALTA 1355 S/C AMARE;002711;7891395000958;Ativo;25,0000; por UN
;ROLO 23CM REF:1376 ANTIRESPINGO-TIGRE;000224;SEM GTIN;Ativo;15,9000; por UN
;S - BRANCO;002349;SEM GTIN;Ativo;1,0000; por UN
;S BONDER ORIGINAL 3GR +1,5G;000505;7891200016846;Inativo;1,0000; por UN
;S BONDER 5 GR 5 GR;000504;7891200234257;Inativo;1,0000; por UN
;SACO DE LIXO 100 LITROS;000831;SEM GTIN;Inativo;1,0000; por UN
;SACO PARA ENTULHO - NYLON PESO 30KG;000975;SEM GTIN;Inativo;1,0000; por UN
;SALVA BRAS VESTIMENTA PRO SKIN 3 TAM.GG;000027;7898489542394;Inativo;1,0000; por UN
;SALVA CANTO CANTONEIRA 50X50X3X200M;002066;SEM GTIN;Ativo;26,0000; por UN
;SALVA DEGRAU C/ 10 UN;000030;SEM GTIN;Inativo;1,0000; por UN
;SALVA METAL 0,1M X 75M;000070;SEM GTIN;Inativo;1,0000; por UN
;SALVA PINTURA 0,55CM X 20M SEM DISPENSER;000066;SEM GTIN;Inativo;1,0000; por UN
;SALVA PINTURA 1,10CM X 20M SEM DISPENSER;000029;SEM GTIN;Inativo;1,0000; por UN
;SALVA PINTURA 1,40CM X 20M SEM DISPENSER;000071;SEM GTIN;Inativo;1,0000; por UN
;SALVA PINTURA 2,70CM X 17M SEM DISPENSER;000049;SEM GTIN;Inativo;1,0000; por UN
;SALVA PISO 1,00M X 25M;000031;SEM GTIN;Inativo;1,0000; por UN
;SALVA QUINA 1,80M;000026;SEM GTIN;Inativo;1,0000; por UN
;SALVA VESTIMENTA PRO SKIN 3 TAM.G;000028;7898489542387;Inativo;1,0000; por UN
;SALVABRAS KRAFT MASCARAMENTO 30 CM X 20M;001388;SEM GTIN;Ativo;7,7400; por UN
;SALVABRAS SALVA BANCADA 0,60M X 25MT;001389;751320369314;Ativo;112,2400; por UN
;SALVABRAS SALVA ENTULHO 10 SACOS;001323;SEM GTIN;Ativo;50,0000; por UN
;SALVABRAS SALVA METAIS 0,1M X 75M;001391;SEM GTIN;Ativo;25,9000; por UN
;SALVABRAS SALVA PINTURA 20M X 0,45M;001385;751320368553;Ativo;30,1000; por UN
;SALVABRAS SALVA PINTURA 20M X 0,90M;001386;SEM GTIN;Ativo;35,4000; por UN
;SALVABRAS SALVA PINTURA 20M X 1,50M;001322;751320368577;Ativo;65,2000; por UN
;SALVABRAS SALVA PINTURA 20M X 2,40M;001387;SEM GTIN;Ativo;89,6800; por UN
;SALVABRAS SALVA PISO 1,00X25MTS;001299;SEM GTIN;Inativo;1,0000; por UN
;SALVABRAS SALVA RALO 10 MM;001392;SEM GTIN;Ativo;2,7000; por UN
;SALVABRAS SALVA RALO 10CMM;001476;SEM GTIN;Ativo;14,1600; por UN
;SALVABRAS SALVA RALO 15 MM;001393;751320369291;Ativo;15,6900; por UN
;SALVABRAS SALVA RALO 15CMM;001477;SEM GTIN;Ativo;15,6900; por UN
;SALVABRAS SALVA TOMADA 4X2;001394;SEM GTIN;Ativo;22,1800; por UN
;SALVABRAS SALVA TOMADA 4X4;001395;SEM GTIN;Ativo;23,6000; por UN
;SALVABRAS SALVA VIDRO 0,60M X 25M;001390;751320369468;Ativo;105,7800; por UN
;SANRO LUVA TOP AMARELA 'G' PAR 16L;000476;7896243101870;Inativo;1,0000; por UN
;SANRO LUVA TOP AMARELA 'M' PAR;000499;7896243101863;Inativo;1,0000; por UN
;SANRO LUVA TOP AMARELA 'P' PAR;000500;7896243101856;Inativo;1,0000; por UN
;SANRO LUVA TOP AMARELA 'XG' PAR;000501;7896243101887;Inativo;1,0000; por UN
;SAT CONTROL ID;000563;7898964440115;Inativo;1,0000; por UN
;SELA TRINCA SIKACRIL;001300;SEM GTIN;Inativo;1,0000; por UN
;SELACALHA 500G DGFLEX;001191;SEM GTIN;Ativo;29,6000; por UN
;SELADOR / VERNIZ EPOXI CVS 301 2,7L;000638;SEM GTIN;Inativo;1,0000; por GL
;SELADOR ACRILICO CORAL 3,6 L;000712;7891019106028;Ativo;76,3800; por GL
;SELADOR BERGA UNIVERSAL 5LT PONTOTAKE;001025;SEM GTIN;Inativo;1,0000; por UN
;SELADORA P/ MADEIRA BASE AGUA SPARLACK 3,6L - CORAL;000349;SEM GTIN;Ativo;146,9000; por GL
;SELATRINCA BRANCO 3,6L BRICOL;000734;SEM GTIN;Inativo;1,0000; por UN
;SERRA BIMETAL UNIQUE STARRETT 24D;001054;7891265403315;Inativo;1,0000; por UN
;SIFAO AJUST MULTIUSO 66CM BRANCO;000922;7898482244561;Inativo;1,0000; por UN
;SIKAKRYL SELANTE ACR P/TRINCA GALAO 5KG;001306;7896785315490;Inativo;1,0000; por UN
;SILICONE ACETICO FLEXITE USO GERAL 50G HENKEL;000818;SEM GTIN;Inativo;1,0000; por UN
;SILICONE BRANCO TUBO - BARONE;000774;SEM GTIN;Inativo;1,0000; por UN
;SILICONE NEUTRO DOWSIL CPS BRANCO 280ML / 423GRS;001193;SEM GTIN;Inativo;1,0000; por UN
;SODA CAUSTICA 500G - LINHAL;000249;7898122760550;Inativo;1,0000; por UN
;SOL E CHUVA IMPER 18L PREMIUM - CORAL - BRANCO;000876;SEM GTIN;Inativo;589,9900; por LA
;SOLUCAO DESOLEANTE/400  900 ML  - SHERWIN-WILLIAMS;000568;7891452207368;Inativo;1,0000; por UN
;SPARLACK EXTRA MARITIMO ACET NATURAL-  0,9L 02.07.070;002801;7891019170913;Ativo;61,9800; por QT
;SPARLACK EXTRA MARITIMO BR NATURAL-  0,9L 02.07.050;002802;7891574012369;Ativo;55,6600; por QT
;SPARLACK EXTRA MARITIMO BR NATURAL 0,900ML;001189;SEM GTIN;Inativo;1,0000; por UN
;SPARLACK EXTRA MARITIMO BR NATURAL 3,6L;001086;SEM GTIN;Inativo;1,0000; por GL
;SPARLACK NEUTREX CAST.AVERMELHADO- 3,60 L - CORAL;000481;7891574012093;Inativo;1,0000; por UN
;SPARLACK NEUTREX MOGNO AV 0,9 L - CORAL;000667;7891574057339;Inativo;1,0000; por QT
;SPARLACK PINTOFF REMOVEDOR 1LT 02.13.005;002759;7891019172184;Ativo;72,9900; por UN
;SPARLACK SELADORA P/MAD SOLVENTE 0,900ML;000644;7891574033265;Ativo;59,0200; por QT
;SPARLACK SELADORA P/MAD SOLVENTE 3,6L;000645;7891574033258;Ativo;179,2000; por GL
;SPARLACK SELADORA P/MAD.BASE AGUA 0,9L;000506;7891019172924;Ativo;67,9900; por QT
;SPARLACK SELADORA P/MAD.BASE AGUA 3,60;000507;7891019172917;Ativo;159,0000; por GL
;SPARLACK STAIN CETOL IMBUIA ACET 0,900ML;001098;SEM GTIN;Inativo;1,0000; por UN
;SPARLACK STAIN CETOL IMBUIA ACET 3,6 L - CORAL;000629;7891574063767;Ativo;219,0000; por GL
;SPARLACK STAIN CETOL MOGNO ACET 3,6 L - CORAL;001186;SEM GTIN;Inativo;1,0000; por UN
;SPARLACK STAIN CETOL NATURAL ACET 0,9 L - CORAL;001188;SEM GTIN;Inativo;1,0000; por QT
;SPARLACK TINGIDOR IMBUIA 100M - CORAL;000477;7891574065181;Inativo;1,0000; por UN
;SPRAY DSCOLOR ALTA TEMPERATURA 400ML / ALUMINIO FOSCO 50507;002768;7898693154901;Ativo;25,0000; por UN
;SPRAY DSCOLOR ALTA TEMPERATURA 400ML / BRANCO FOSCO 50508;002465;7898693154918;Ativo;25,0000; por UN
;SPRAY DSCOLOR ALTA TEMPERATURA 400ML / PRETO FOSCO 50509;002464;7898693154925;Ativo;25,0000; por UN
;SPRAY DSCOLOR ALTA TEMPERATURA 400ML / VERMELHO FOSCO 50510;002466;7898693154932;Ativo;25,0000; por UN
;SPRAY DSCOLOR LUMINOSO 400ML / AMARELO 50511;002469;7898693154949;Ativo;25,0000; por UN
;SPRAY DSCOLOR LUMINOSO 400ML / LARANJA 50512;002468;7898693154956;Ativo;25,0000; por UN
;SPRAY DSCOLOR LUMINOSO 400ML / PINK 50513;002470;7898693154963;Ativo;25,0000; por UN
;SPRAY DSCOLOR LUMINOSO 400ML / VERDE 50514;002467;7898693154970;Ativo;25,0000; por UN
;SPRAY DSCOLOR USO GERAL 400ML / AMARELO 50529;002769;7898693155137;Ativo;20,0000; por UN
;SPRAY DSCOLOR USO GERAL 400ML / AZUL CLARO 50530;002766;7898693155144;Ativo;20,0000; por UN
;SPRAY DSCOLOR USO GERAL 400ML / AZUL ESCURO 50531;002765;7898693155151;Ativo;20,0000; por UN
;SPRAY DSCOLOR USO GERAL 400ML / AZUL MEDIO 50532;002764;7898693155168;Ativo;20,0000; por UN
;SPRAY DSCOLOR USO GERAL 400ML / BRANCO BRILHO 50533;002482;7898693155175;Ativo;20,0000; por UN
;SPRAY DSCOLOR USO GERAL 400ML / BRANCO FOSCO 50534;002481;7898693155182;Ativo;20,0000; por UN
;SPRAY DSCOLOR USO GERAL 400ML / BRANCO PRIMER 50535;002471;7898693155199;Ativo;25,0000; por UN
;SPRAY DSCOLOR USO GERAL 400ML / CINZA CLARO 50552;002475;7898693156424;Ativo;20,0000; por UN
;SPRAY DSCOLOR USO GERAL 400ML / CINZA ESCURO 50553;002474;7898693156431;Ativo;20,0000; por UN
;SPRAY DSCOLOR USO GERAL 400ML / CINZA FUNDO PRIMER 50537;002472;7898693155212;Ativo;25,0000; por UN
;SPRAY DSCOLOR USO GERAL 400ML / MARROM 50539;002479;7898693155236;Ativo;20,0000; por UN
;SPRAY DSCOLOR USO GERAL 400ML / PRETO BRILHO 50540;002484;7898693155243;Ativo;20,0000; por UN
;SPRAY DSCOLOR USO GERAL 400ML / PRETO FOSCO 50541;002483;7898693155250;Ativo;20,0000; por UN
;SPRAY DSCOLOR USO GERAL 400ML / VERDE CLARO 50544;002473;7898693155281;Ativo;20,0000; por UN
;SPRAY DSCOLOR USO GERAL 400ML / VERDE ESCURO 50545;002770;7898693155298;Ativo;20,0000; por UN
;SPRAY DSCOLOR USO GERAL 400ML / VERMELHO FOSCO 50547;002478;7898693155311;Ativo;20,0000; por UN
;SPRAY DSCOLOR USO GERAL 400ML / VERMELHO 50546;002480;7898693155304;Ativo;20,0000; por UN
;SPRAY DSCOLOR USO GERAL 400ML / VERNIZ BRILHO 50548;002767;7898693155328;Ativo;25,0000; por UN
;SUP MICROONDAS MULTIVISAO F100 PRETO;001114;7896643400030;Inativo;1,0000; por UN
;SUP MICROONDAS MULTIVISAO F200 BRANCO;001113;7896643400047;Inativo;1,0000; por UN
;SUPER BONDER MEGA 100GR;000102;7891200017379;Inativo;1,0000; por UN
;SUPER BONDER MEGA 20GR;000213;7891200015153;Inativo;1,0000; por UN
;SUPER CASA CELULOIDE 8,5 X 13 CM RETA;001102;1463964501121;Inativo;1,0000; por UN
;SUPER CASA CELULOIDE 8,5 X 7,5 CM RAIADA;001355;1463964501120;Inativo;1,0000; por UN
;SUPER CASA ESPATULA PAZINHA 7,5 X 14,5 AZUL / TRASNPARENTE;001356;1463964501122;Inativo;1,0000; por UN
;SUPER CASA ESPATULA 7,2 X 9,4 CM PEQUENA AMARELO / AZUL;001357;1463964501123;Inativo;1,0000; por UN
;SUPER LAVAVEL PREM 3,6L - BRANCO GELO - CORAL;000322;SEM GTIN;Inativo;149,9900; por GL
;SUPORTE DE LIXA COM CABO COMPEL;001101;SEM GTIN;Inativo;1,0000; por UN
;SUPORTE P/DESEMP BEROX VERSATIL COMPEL;000215;7897613524893;Inativo;1,0000; por UN
;SUPORTE P/LIXA 100/3 ATLAS;000306;SEM GTIN;Ativo;2,0000; por UN
;SUPORTE P/LIXA 100/4 ATLAS;000307;SEM GTIN;Ativo;2,0000; por UN
;SUPORTE ROLO 23CM TIGRE 1301;002496;9900000000066;Ativo;16,9900; por UN
;SUV ABSOLUTO PRM VERDE SELVA;001920;7898576315375;Inativo;1,0000; por UN
;SUV ACR FO FAC PRO SUPER  BRANCO NEVE -18L;001796;7891260561430;Inativo;1,0000; por LA
;SUV ACR FO GESSO DRYWALL -18L;001797;7891260431955;Ativo;354,7700; por LA
;SUV ACR FO PIS AMARELO DEMARCACAO -18L;001381;7891260058008;Inativo;1,0000; por LA
;SUV ACR FO PIS CERAMICA -18L ( NOVO );001267;7891260058275;Inativo;1,0000; por LA
;SUV ACR FO SU LIMPEZA TOTAL BRANCO - 3,6L;001396;7891260440636;Inativo;1,0000; por UN
;SUV ACR FO TETOS BRANCO NEVE - 0,9L;001479;SEM GTIN;Inativo;67,6000; por QT
;SUV ACR FOSCO BRANCO MAXIMA EFICI 18L SUVINIL;001178;SEM GTIN;Inativo;213,3200; por LA
;SUV ACR FOSCO PISO PRETO -18L;001224;7891260058312;Ativo;439,9000; por LA
;SUV ACR TETO BRANCO 3,6 LT;000416;7891260179772;Ativo;219,9000; por GL
;SUV ACR TETO BRANCO 900 ML;000417;7891260179116;Ativo;69,9000; por QT
;SUV AGUARAS 900 ML;000354;7891260051528;Ativo;32,8300; por UN
;SUV AGUARRAS 5 LT;000353;7891260179765;Ativo;194,2400; por UN
;SUV CIMENTO QUEIMADO CINZA MEDIO 5KG;001509;SEM GTIN;Inativo;1,0000; por UN
;SUV CIMENTO QUEIMADO 5KG - AVENIDA EXPRESSA;000329;7891260475591;Ativo;261,4000; por UN
;SUV CIMENTO QUEIMADO 5KG - DIA DE CHUVA;000333;7891260475584;Ativo;261,4000; por UN
;SUV CIMENTO QUEIMADO 5KG - PEDRA ROSADA;000332;7891260475461;Ativo;261,4000; por UN
;SUV CIMENTO QUEIMADO 5KG - SELVA DE PEDRA;000331;7891260475478;Ativo;261,4000; por UN
;SUV CIMENTO QUEIMADO 5KG - TUNEL DE CONCRETO;000328;7891260475485;Ativo;261,4000; por UN
;SUV CIMENTO QUEIMADO 5KG - VISTA NOTURNA;000330;7891260475492;Ativo;261,4000; por UN
;SUV CORANTE SUVINIL AMARELO;000355;7891260060490;Ativo;7,0000; por UN
;SUV CORANTE SUVINIL AZUL;000357;7891260060568;Ativo;7,0000; por UN
;SUV CORANTE SUVINIL CASTANHO;000363;7891260060544;Ativo;14,8300; por UN
;SUV CORANTE SUVINIL LARANJA;000358;7891260060520;Ativo;7,0000; por UN
;SUV CORANTE SUVINIL OCRE;000359;7891260060506;Ativo;7,0000; por UN
;SUV CORANTE SUVINIL PRETO;000360;7891260060537;Ativo;7,0000; por UN
;SUV CORANTE SUVINIL VERDE;000361;7891260060551;Ativo;7,0000; por UN
;SUV CORANTE SUVINIL VERMELHO;000362;7891260060513;Ativo;7,0000; por UN
;SUV ESM AC SEC RAP BRANCO 900 ML;001248;SEM GTIN;Ativo;59,7300; por QT
;SUV ESM ALUMINIO BRTE 900 ML SOLVETE;000407;7891260024294;Ativo;69,9900; por QT
;SUV ESM AMARELO OURO BRTE 3,6 LT SOLVENTE;000371;SEM GTIN;Ativo;199,9900; por GL
;SUV ESM AZUL DEL REY BRTE 3,6 LT SOLVENTE;000370;7891260023181;Ativo;199,9900; por GL
;SUV ESM AZUL DEL REY BRTE 900 ML SOLVENTE;000396;7891260023198;Ativo;49,9900; por QT
;SUV ESM BR AZUL FRANCA 900 ML SOLVENTE;000395;7891260024812;Ativo;59,9900; por QT
;SUV ESM BR SEMPRE BRANCO - 3,6 LT;001272;7891260451076;Ativo;199,9900; por GL
;SUV ESM BR SEMPRE BRANCO 900 ML;001268;7891260451045;Ativo;77,9900; por QT
;SUV ESM BRANCO ACT AGUA 900 ML;000423;7891260250440;Ativo;62,9900; por QT
;SUV ESM BRANCO ACT 3,6 LT AGUA;000381;7891260250402;Ativo;209,9900; por GL
;SUV ESM BRANCO ACT 3,6 LT SOLVENTE;000405;7891260025086;Ativo;199,9900; por GL
;SUV ESM BRANCO ACT 900 ML SOLVENTE;000406;7891260025093;Ativo;53,9900; por QT
;SUV ESM BRANCO BR AGUA 900 ML;000421;7891260250419;Ativo;52,9900; por QT
;SUV ESM BRANCO BRTE  3,6 LT SOLVENTE;000377;7891260022665;Ativo;199,9900; por GL
;SUV ESM BRANCO BRTE 900 ML SOLVENTE;000378;7891260022672;Ativo;64,9900; por QT
;SUV ESM BRANCO FOSCO 3,6 LT AGUA;001245;7891260532294;Ativo;199,9900; por GL
;SUV ESM BRANCO FOSCO 3,6 LT SOLVENTE;000408;7891260026861;Ativo;199,9900; por GL
;SUV ESM BRANCO FOSCO 900 ML AGUA;001409;7891260532287;Ativo;59,9900; por QT
;SUV ESM BRANCO FOSCO 900 ML SOLVENTE;000409;7891260026878;Ativo;63,9900; por QT
;SUV ESM BRNTE GELO 900 ML AGUA;000056;7891260250464;Ativo;64,9900; por QT
;SUV ESM BRTE AMARELO OURO 3,6 LT AGUA;000053;7891260279489;Ativo;209,9900; por GL
;SUV ESM BRTE AMARELO OURO 900 ML AGUA;000058;7891260259337;Ativo;64,9900; por QT
;SUV ESM BRTE AMARELO OURO 900 ML SOLVENTE;000397;7891260022917;Ativo;49,9900; por QT
;SUV ESM BRTE AZUL DEL REY AGUA 3,6 LT;000693;7891260250457;Ativo;209,9900; por GL
;SUV ESM BRTE BRANCO 3,6 LT AGUA;000380;7891260250327;Ativo;209,9900; por GL
;SUV ESM BRTE GELO 3,6 LT AGUA;000054;7891260250341;Ativo;209,9900; por GL
;SUV ESM BRTE MARFIM NOBRE 3,6 GL AGUA;001491;7891260250556;Ativo;209,9900; por GL
;SUV ESM BRTE PLATINA 900 ML AGUA;000057;7891260250433;Ativo;64,9900; por QT
;SUV ESM BRTE VERDE FOLHA 3,6 LT AGUA;000051;7891260539071;Ativo;209,9900; por GL
;SUV ESM BRTE VERMELHO 3,6 LT AGUA;000052;7891260250617;Ativo;209,9900; por GL
;SUV ESM BRTE VERMELHO 900 ML AGUA;000059;7891260251676;Ativo;64,9900; por QT
;SUV ESM BRTE VINHO CHASSIS 3,6L SOLVETE;000364;7891260024874;Ativo;188,9900; por GL
;SUV ESM CAMURCA BRTE 3,6 LT SOLVENTE;001789;7891260052860;Ativo;199,9900; por GL
;SUV ESM CERAMICA BRTE 900 ML;001240;7891260097663;Ativo;65,9900; por QT
;SUV ESM CINZA ESCURO BRTE 3,6 LT SOLVENTE;001790;7891260023501;Ativo;199,9900; por GL
;SUV ESM CINZA MEDIO BRTE 3,6 LT SOLVENTE;000375;7891260024553;Ativo;199,9900; por GL
;SUV ESM CINZA MEDIO BRTE 900 ML SOLVENTE;000400;7891260024560;Ativo;49,9900; por QT
;SUV ESM COLORADO BRTE 3,6 LT SOLVENTE;000366;7891260023747;Ativo;199,9900; por GL
;SUV ESM CONTRA FERRUGEM CINZA ESCURO BRTE 900 ML;000606;7891260451670;Ativo;56,9900; por QT
;SUV ESM CONTRA FERRUGEM VERDE COLONIAL BRTE 900 ML;000641;7891260451755;Ativo;57,9900; por QT
;SUV ESM COR & PROT AZUL FRANCA BR SOLVENTE 3,6;000369;7891260024805;Ativo;18.599,0000; por GL
;SUV ESM COR E PROTECAO BRTE ALUMINIO 3,6 LT;000621;7891260024287;Ativo;205,9900; por GL
;SUV ESM COR E PROTECAO BRTE CINZA ESCURO 900 ML;000401;7891260023518;Ativo;49,9900; por QT
;SUV ESM COR E PROTECAO BRTE LARANJA 900 ML;000403;7891260023143;Ativo;49,9900; por QT
;SUV ESM COR E PROTECAO BRTE MARFIM NOBRE 3,6L;000376;7891260023822;Ativo;159,9900; por GL
;SUV ESM COR E PROTECAO BRTE MARFIM NOBRE 900 ML;000402;7891260023839;Ativo;49,9900; por QT
;SUV ESM GRAFITE CLARO FOSCO 900 ML;001668;SEM GTIN;Ativo;76,5600; por QT
;SUV ESM GRAFITE CLARO FOSCO 900 ML SOLVETE;000411;7891260027066;Ativo;54,5900; por QT
;SUV ESM GRAFITE ESCURO FOSCO 3,6 LT;001666;7891260027028;Ativo;215,9900; por GL
;SUV ESM GRAFITE ESCURO FOSCO 900 ML SOLVETE;000412;7891260027035;Ativo;58,9900; por QT
;SUV ESM MARROM BRTE 3,6 LT SOLVENTE;000367;7891260024201;Ativo;199,9900; por GL
;SUV ESM MARROM BRTE 900 ML SOLVENTE;000393;7891260024218;Ativo;53,9900; por QT
;SUV ESM MARROM CONHAQUE BRTE 3,6 LT SOLVENTE;001791;7891260024461;Ativo;199,9900; por GL
;SUV ESM MARROM CONHAQUE BRTE 900 ML SOLVENTE;000391;7891260024478;Ativo;46,9900; por QT
;SUV ESM MULTISUPERFICIES A2 0.80;002386;7891260394410;Inativo;1,0000; por UN
;SUV ESM PLATINA AC 3,6 LT SOLVENTE;001787;7891260025260;Ativo;179,9900; por GL
;SUV ESM PLATINA BRTE 3,6 ML SOLVENTE;001810;7891260023679;Ativo;199,9900; por GL
;SUV ESM PLATINA BRTE 900 ML SOLVENTE;000399;7891260023686;Ativo;46,9900; por QT
;SUV ESM PLATINA 3,6 LT AGUA;000055;7891260250365;Ativo;185,9900; por GL
;SUV ESM PO DE GRAFITE 3,2L SELFCOLOR E756;001511;7891260532256;Inativo;1,0000; por UN
;SUV ESM PREMIUM COR E PROTECAO GRAFITE CLARO FOSCO 3,6 LT;000410;7891260027059;Ativo;169,9900; por GL
;SUV ESM PRETO AC AGUA 900 ML;001800;7891260549575;Ativo;60,4500; por QT
;SUV ESM PRETO ACT 3,6 LT AGUA;001788;7891260549568;Ativo;209,9900; por GL
;SUV ESM PRETO BRTE 3,6 LT AGUA;001291;7891260259320;Ativo;209,9900; por GL
;SUV ESM PRETO BRTE 3,6 LT SOLVENTE;000368;7891260022757;Ativo;199,9900; por GL
;SUV ESM PRETO BRTE 900 ML AGUA;001249;7891260259344;Ativo;48,9900; por QT
;SUV ESM PRETO BRTE 900 ML SOLVENTE;000394;7891260022764;Ativo;63,9900; por QT
;SUV ESM PRETO FOSCO 3,6 LT AGUA;001247;7891260532317;Ativo;199,9900; por GL
;SUV ESM PRETO FOSCO 3,6 LT SOLVENTE;001792;7891260026915;Ativo;185,9900; por GL
;SUV ESM PRETO FOSCO 900 ML AGUA;001226;7891260532300;Ativo;60,9900; por QT
;SUV ESM PRETO FOSCO 900 ML SOLVENTE;001225;7891260129661;Ativo;65,9900; por QT
;SUV ESM SECA RAP BRIL A2 3.20 AGUA;002382;7891260384145;Inativo;1,0000; por UN
;SUV ESM TABACO ACT 900 ML AGUA;001925;7891260549551;Ativo;53,6600; por QT
;SUV ESM TABACO BRTE 3,6 LT SOLVENTE;001793;7891260024379;Ativo;199,9900; por GL
;SUV ESM TABACO BRTE 900 ML SOLVENTE;000392;7891260024386;Ativo;46,9900; por QT
;SUV ESM TABACO BRTE 900L AGUA;001926;7891260251683;Ativo;60,7600; por QT
;SUV ESM TACABO BRTE AGUA 3,6 LT;000050;7891260250310;Ativo;209,9900; por GL
;SUV ESM VELEIRO BRTE 3,6 LT SOLVENTE;001938;SEM GTIN;Ativo;199,9900; por GL
;SUV ESM VERDE COLONIAL BRTE 3,6 LT SOLVENTE;000373;7891260022832;Ativo;199,9900; por GL
;SUV ESM VERDE FOLHA BR 0,900 SOLVENTE;000398;7891260023419;Ativo;59,9900; por QT
;SUV ESM VERDE FOLHA BRTE 3,6 LT SOLVENTE;000372;7891260023402;Ativo;199,9900; por GL
;SUV ESM VERMELHO BR 0,900 SOLVENTE;000404;7891260024645;Ativo;59,9900; por QT
;SUV ESM VERMELHO BRTE 3,6 LT  SOLVENTE;001667;7891260024638;Ativo;199,9900; por GL
;SUV FACHADA PROT. EMBORRACHADA 3,6 LT;002461;7891260561362;Ativo;277,9400; por GL
;SUV FACHADA PROTEGIDA BRANCO NEVE -18L;001795;7891260562062;Ativo;799,9900; por LA
;SUV FACHADA PROTEGIDA BRANCO NEVE 3,6 GL;000069;SEM GTIN;Inativo;229,6000; por GL
;SUV FACHADA PROTEGIDA EMBORACHADA. 18 LT;001581;SEM GTIN;Inativo;890,0000; por LA
;SUV FOSCO SEMPRE LIMPO BRANCO 18L;001580;7891260561577;Ativo;999,9900; por LA
;SUV FOSCO SEMPRE LIMPO BRANCO 3,6L;001784;7891260561584;Ativo;289,9900; por GL
;SUV FUNDO BASE AGUA BRANCO FOSCO - 900;001809;SEM GTIN;Ativo;58,9900; por QT
;SUV FUNDO BRANCO FOSCO P/ MADEIRA 3,6 LT;000515;7891260027134;Ativo;159,9900; por GL
;SUV FUNDO BRANCO FOSCO 900ML;000415;7891260027141;Ativo;43,9900; por QT
;SUV FUNDO FOSCO BRANCO - 0,9L;001583;SEM GTIN;Ativo;59,9900; por QT
;SUV FUNDO PARA GALVANIZADO BASE AGUA 3,6 LT;001399;SEM GTIN;Ativo;222,9900; por GL
;SUV FUNDO PARA GALVANIZADO BASE AGUA 900 ML;001512;7891260223329;Ativo;59,9900; por QT
;SUV FUNDO PARA GALVANIZADO BASE SOLVENTE 3,6 LT;000514;7891260222539;Ativo;189,9900; por GL
;SUV FUNDO PARA GALVANIZADO BASE SOLVENTE 900 ML;000646;SEM GTIN;Ativo;39,9900; por QT
;SUV FUNDO PREPARADOR BASE AGUA 18 LT;001220;7891260096024;Ativo;515,1500; por LA
;SUV FUNDO PREPARADOR BASE AGUA 3,6 LT;001480;7891260096017;Ativo;151,9900; por GL
;SUV FUNDO PREPARADOR PAREDE 18 LTS BALDE;001202;7891260559017;Ativo;384,9900; por LA
;SUV FUNDO SECA RAPIDO 3,6 L AGUA;000677;7891260272213;Ativo;184,9900; por GL
;SUV FUNDO SECA RAPIDO 900ML AGUA;000700;7891260272527;Ativo;69,9900; por QT
;SUV GESSO & DRYWALL 18 BD;000603;SEM GTIN;Inativo;399,9900; por LA
;SUV GESSO & DRYWALL 3,6 LT;000418;7891260431948;Ativo;124,9900; por GL
;SUV GLASU CORANTE AMARELO 50ML;001401;7891260510995;Ativo;7,0000; por UN
;SUV GLASU CORANTE AZUL 50ML;001402;7891260510988;Ativo;7,0000; por UN
;SUV GLASU CORANTE CASTANHO 50ML;001403;7891260507490;Ativo;7,0000; por UN
;SUV GLASU CORANTE LARANJA 50ML;001404;7891260507698;Ativo;7,0000; por UN
;SUV GLASU CORANTE OCRE 50ML;001405;7891260507704;Ativo;7,0000; por UN
;SUV GLASU CORANTE PRETO 50ML;001406;7891260507292;Ativo;7,0000; por UN
;SUV GLASU CORANTE VERDE 50ML;001407;7891260507711;Ativo;7,0000; por UN
;SUV GLASU CORANTE VERMELHO 50ML;001408;7891260507728;Ativo;7,0000; por UN
;SUV GLASU MAXIMA EFICIENCIA BRANCO NEVE 18L;001397;7891260166277;Ativo;359,9000; por LA
;SUV GLASU MUDA FACIL BRANCO -18 LTS;001246;7891260058626;Ativo;249,9900; por LA
;SUV GLASU MUDA FACIL BRANCO 3,6L;001243;7891260058633;Ativo;96,6700; por GL
;SUV GLASU MUDA FACIL GELO - 3,6L;001553;SEM GTIN;Inativo;79,9000; por GL
;SUV GLASU PINTURA ESSENCIAL BRANCO 18L;001273;SEM GTIN;Ativo;219,9900; por LA
;SUV GLASU PINTURA ESSENCIAL BRANCO 3,6L;001244;7891260489550;Ativo;50,0000; por GL
;SUV GLASU SELADOR ACR 3,6L;001579;SEM GTIN;Inativo;1,0000; por UN
;SUV MASSA ACRILICA - 1,4 KG;001234;7891260028773;Ativo;37,9900; por QT
;SUV MASSA ACRILICA GL - 5,7 KG;001250;7891260028766;Ativo;109,9900; por GL
;SUV MASSA ACRILICA 25KG;000042;7891260457078;Ativo;269,9900; por LA
;SUV MASSA CORRIDA PVA - 1,4 KG;001235;7891260028728;Ativo;24,9900; por QT
;SUV MASSA CORRIDA PVA GL - 5,7 KG;001197;7891260028711;Ativo;59,9900; por GL
;SUV MASSA CORRIDA PVA 25KG;000041;7891260456989;Ativo;119,9900; por LA
;SUV MASSA P/ MADEIRA - 1,3 KG;000419;7891260028827;Ativo;38,9100; por UN
;SUV MASSA P/ MADEIRA - 5,5 KG;001794;7891260028810;Ativo;109,2200; por GL
;SUV MASSA PARA EFEITOS BASE - 3,7KG ( INCOLOR );001415;7891260224090;Inativo;1,0000; por UN
;SUV MULTISSUPERFICIES EPOXI ACT BRANCO AGUA 3,6 GL;000480;7891260325605;Ativo;311,1100; por GL
;SUV MULTISSUPERFICIES EPOXI ACT BRANCO AGUA 900 ML;001548;7891260327999;Ativo;108,9900; por QT
;SUV PISO AMARELO SEG. 18 LT;001175;SEM GTIN;Inativo;496,8800; por LA
;SUV PISO AMARELO SEG. 3,6;001184;SEM GTIN;Ativo;86,5000; por GL
;SUV PISO AMARELO 18 LT;000678;SEM GTIN;Inativo;475,3800; por LA
;SUV PISO AMARELO 3,6;000379;7891260057995;Inativo;154,6900; por GL
;SUV PISO AZUL 18 LT;001935;7891260058015;Ativo;498,4400; por LA
;SUV PISO AZUL 3,6 GL;001183;SEM GTIN;Inativo;144,9900; por GL
;SUV PISO AZUL 3,6 LT;000383;7891260058022;Inativo;144,1700; por GL
;SUV PISO BRANCO 18LT;001125;7891260057964;Ativo;477,6800; por LA
;SUV PISO BRANCO 3,6 GL;000384;7891260057957;Ativo;145,0000; por GL
;SUV PISO BRANCO 3,6 GL;001124;SEM GTIN;Inativo;145,0000; por GL
;SUV PISO CERAMICA 18L;000864;SEM GTIN;Inativo;389,0000; por LA
;SUV PISO CERAMICA 3,6 LT;000385;7891260058282;Ativo;119,0000; por GL
;SUV PISO CINZA ESCURO 18L SUVINIL;001093;SEM GTIN;Inativo;419,0000; por LA
;SUV PISO CINZA ESCURO 3,6 LT;000388;7891260058299;Inativo;119,0000; por GL
;SUV PISO CINZA ESCURO 3,6L SUVINIL;001182;SEM GTIN;Inativo;86,5000; por GL
;SUV PISO CINZA 18L;000759;SEM GTIN;Inativo;460,0000; por LA
;SUV PISO CINZA 18L SUVINIL;001094;SEM GTIN;Ativo;419,9900; por LA
;SUV PISO CINZA 3,6 LT;000387;7891260058220;Ativo;119,0000; por GL
;SUV PISO CINZA 3,6L SUVINIL;001181;SEM GTIN;Inativo;86,5000; por GL
;SUV PISO CONCRETO PURO 3,6 LT;000382;7891260435922;Ativo;89,0000; por GL
;SUV PISO CONCRETO 18L SUVINIL;001081;7891260058343;Ativo;419,0000; por LA
;SUV PISO CONCRETO 3,6 LT;000386;7891260058336;Ativo;119,0000; por GL
;SUV PISO CONCRETO 3,6L SUVINIL;001180;SEM GTIN;Ativo;119,0000; por GL
;SUV PISO PRETO 18 LT;000534;SEM GTIN;Inativo;419,0000; por LA
;SUV PISO PRETO 3,6 LT;000389;7891260058329;Ativo;119,0000; por GL
;SUV PISO VERDE 18 L;000592;SEM GTIN;Inativo;460,0000; por LA
;SUV PISO VERDE 18L;001177;SEM GTIN;Inativo;460,0000; por LA
;SUV PISO VERDE 3,6 LT;000390;7891260057988;Inativo;119,0000; por GL
;SUV PISO VERDE 3,6L SUVINIL;001179;SEM GTIN;Inativo;119,0000; por GL
;SUV PISO VERMELHO SEG. 18L SUVINIL;001176;SEM GTIN;Inativo;416,9000; por LA
;SUV PISO VERMELHO SEG. 3,6L SUVINIL;001185;SEM GTIN;Ativo;86,5000; por GL
;SUV PROTECAO TOTAL BRANCA GL 3,6;001416;SEM GTIN;Ativo;297,5000; por GL
;SUV RENDE & COBRE MUITO BRANCO -18 L;001584;7891260331811;Ativo;449,9900; por LA
;SUV RENDE & COBRE MUITO BRANCO 20 LTS;001585;7891260440674;Ativo;449,9900; por BD
;SUV RENDE & COBRE MUITO BRANCO 3,6 LT;000352;7891260331804;Ativo;149,9900; por GL
;SUV RENDE & COBRE MUITO BRANCO 900 ML;001564;7891260340196;Ativo;59,9900; por QT
;SUV RESINA ACR BR BASE AGUA INCOLOR 18L;001777;7891260311189;Inativo;1,0000; por UN
;SUV RESINA ACR BR BASE AGUA INCOLOR 3,6L;001665;7891260311059;Inativo;1,0000; por UN
;SUV RESINA ACR BR BASE SOLVENTE 5L;001557;7891260060766;Inativo;1,0000; por UN
;SUV SELADOR ACRILICO  3,6 LT;000422;7891260028582;Ativo;75,4500; por GL
;SUV SELADOR ACRILICO 18 LT;000424;7891260574706;Ativo;285,8300; por LA
;SUV SELADORA P/ MADEIRA 3,6 LT;001478;7891260217757;Ativo;207,1100; por GL
;SUV SELADORA P/ MADEIRA 900 ML;000420;7891260217856;Ativo;58,4700; por QT
;SUV SUPER RENDIMENTO STD PITANGA;001919;7898576315474;Inativo;1,0000; por UN
;SUV SUVIFLEX IMPERM. 18 BALDE;001097;SEM GTIN;Inativo;468,7500; por LA
;SUV TESTE SUA COR BASE A - 0,2L AGUIA - 953566 SELFCOLOR D149;001801;SEM GTIN;Inativo;1,0000; por UN
;SUV TESTE SUA COR BASE A - 0,2L RIO PAINE - 955174 SELFCOLOR B146;001802;SEM GTIN;Inativo;1,0000; por UN
;SUV TESTE SUA COR BASE A - 0,2L SOM DAS ONDAS - 955333 SELFCOLOR G159;001803;SEM GTIN;Inativo;1,0000; por UN
;SUV TESTE SUA COR BASE B - 0,2L DOMINGO AZUL - 12972031 SELFCOLOR N772;001804;SEM GTIN;Inativo;1,0000; por UN
;SUV TESTE SUA COR BASE C - 0,2L ARVORE DA FELICIDADE - R317;001582;SEM GTIN;Inativo;1,0000; por UN
;SUV TOQUE BRILHO BRANCO 3,6L;001785;7891260559239;Ativo;280,7700; por GL
;SUV TOQUE DA TERRA;002771;9900000001292;Ativo;255,0000; por UN
;SUV TOQUE FOSCO BRANCO 3,6L;001198;7891260561713;Ativo;199,9900; por GL
;SUV TOQUE FOSCO BRANCO 900ML;001799;7891260561706;Ativo;57,9900; por QT
;SUV TOQUE FOSCO COMPLETO BRANCA 20 LTS;001383;7891260560907;Ativo;659,9900; por BD
;SUV TOQUE FOSCO COMPLETO BRANCO 18L;001586;SEM GTIN;Inativo;644,9900; por LA
;SUV TOQUE FOSCO COMPLETO BRANCO 3,6L;001786;7891260560877;Ativo;189,9900; por GL
;SUV TOQUE FOSCO COMPLETO BRANCO 900ML;001798;7891260560860;Ativo;70,0000; por QT
;SUV TOQUE FOSCO CROMIO 18 LTS;001936;SEM GTIN;Inativo;570,0000; por LA
;SUV TOQUE FOSCO PALHA 18 LT;000068;7891260561096;Ativo;642,9900; por LA
;SUV TOQUE SEDA BRANCO 18L;001085;SEM GTIN;Ativo;980,0000; por LA
;SUV TOQUE SEDA BRANCO 3,6L;001783;7891260559048;Ativo;287,9900; por GL
;SUV TOQUE SEDA 900 ML BRANCO;000250;SEM GTIN;Ativo;82,9900; por QT
;SUV VERNIZ AC PROT MAX DECK NATURAL - 3,6L;001219;7891260505083;Ativo;449,9700; por GL
;SUV VERNIZ BR SEC RAP NATURAL - 3,6L;001274;SEM GTIN;Ativo;229,8400; por GL
;SUV VERNIZ BR SECA RAPIDO IMBUIA 3,6L SUVINIL;001166;SEM GTIN;Ativo;229,0000; por GL
;SUV VERNIZ BRTE IMBUIA 900 ML AGUA;001165;7891260347317;Ativo;69,0000; por QT
;SUV VERNIZ BRTE MOGNO  B. AGUA 3,6 LT;001843;7891260347294;Ativo;200,4200; por GL
;SUV VERNIZ BRTE TINGE E PROTEGE MOGNO 3,6 LT;001233;7891260233689;Ativo;193,9400; por GL
;SUV VERNIZ NATURAL FOSCO B. SOLVENTE 3,6 LT;001588;7891260025789;Ativo;205,8300; por GL
;T - AMARELO OXIDO;002350;SEM GTIN;Ativo;121,0000; por UN
;TACO DE BORRACHA MAX LIXAR 130 X 70MM;001075;7897488003127;Inativo;1,0000; por UN
;TEK BOND ADES INST. 793 100G;001939;SEM GTIN;Ativo;30,0000; por UN
;TEK BOND SPRAY  BRANCO FOSCO - 350 ML;001413;7898543381013;Ativo;20,3200; por UN
;TEK BOND SPRAY ALTA TEMPE. ALUMINIO - 350ML;001550;7898543381174;Ativo;39,0500; por UN
;TEK BOND SPRAY ALTA TEMPE. PRETO BRIL - 350ML;001228;7898543381167;Ativo;39,0500; por UN
;TEK BOND SPRAY ALTA TEMPE. PRETO FOSCO - 350ML;001551;7898543382348;Ativo;3.905,0000; por UN
;TEK BOND SPRAY ALUMINIO - 350 ML;001482;7898543380948;Ativo;21,5100; por UN
;TEK BOND SPRAY AMARELO - 350 ML;001483;7898543380979;Ativo;2.151,0000; por UN
;TEK BOND SPRAY BRANCO BRILHANTE - 350 ML;001484;7898543380931;Ativo;2.151,0000; por UN
;TEK BOND SPRAY COBRE METALICO - 350ML ( NOVO );001287;7898543381228;Ativo;28,3100; por UN
;TEK BOND SPRAY DOURADO - 350 ML;001485;7898543380962;Ativo;29,3600; por UN
;TEK BOND SPRAY GRAFITE - 350 ML;001486;7898543381037;Ativo;24,2700; por UN
;TEK BOND SPRAY PRETO BRILHANTE - 350ML;001269;7898543380924;Ativo;25,9100; por UN
;TEK BOND SPRAY PRETO FOSCO - 350ML;001270;7898543380917;Ativo;21,5100; por UN
;TEK BOND SPRAY USO GERAL AZUL - 350ML;001886;7898543380993;Ativo;28,0300; por UN
;TEK BOND SPRAY USO GERAL AZUL CLARO - 350ML;001887;7898543380986;Ativo;28,0300; por UN
;TEK BOND SPRAY USO GERAL AZUL ESCURO - 350ML;001888;7898543381006;Ativo;28,0300; por UN
;TEK BOND SPRAY USO GERAL BEGE - 350ML;001889;7898543381099;Ativo;28,0300; por UN
;TEK BOND SPRAY USO GERAL GELO - 350ML;001890;7898543381020;Ativo;28,0300; por UN
;TEK BOND SPRAY USO GERAL PRIMER FUNDO - 350ML;001883;7898543381105;Ativo;28,0300; por UN
;TEK BOND SPRAY USO GERAL ROSA - 350ML;001882;7898543381051;Ativo;28,0300; por UN
;TEK BOND SPRAY USO GERAL VERDE - 350ML;001881;7898543381075;Ativo;28,0300; por UN
;TEK BOND SPRAY USO GERAL VERDE ESCURO - 350ML;001880;7898543381068;Ativo;28,0300; por UN
;TEK BOND SPRAY USO GERAL VERNIZ FOSCO - 350 ML;001489;7898543394396;Ativo;28,0300; por UN
;TEK BOND SPRAY VERMELHO - 350 ML;001487;7898543380955;Ativo;2.803,0000; por UN
;TEK BOND SPRAY VERNIZ BRILHANTE - 350 ML;001488;7898543381082;Ativo;28,0300; por UN
;TEKBOND COLA ADESIVO INST 793 20GR;000218;7898904869815;Inativo;1,0000; por UN
;TEKBOND COLA INSTANTANEA 2GR;001941;7898904869044;Ativo;4,9900; por UN
;TEKBOND FITA ANTIDERRAP 50X5M PT;001043;7898472262834;Ativo;52,9000; por UN
;TEKBOND FITA ANTIDERRAP 50X5M TRANSP;001044;7898472262841;Ativo;52,9000; por UN
;TESTE SUA COR A2 0.20;002389;7891260411414;Inativo;1,0000; por UN
;TESTE SUA COR B2 0.20;002390;7891260411421;Inativo;1,0000; por UN
;TESTE SUA COR C2 0.20;002391;7891260411438;Inativo;1,0000; por UN
;TESTEIRA PARA SPACE WALL DE 1 MODULOS;001384;7896380171071;Inativo;1,0000; por UN
;TESTEIRA PARA SPACE WALL DE 2 MODULOS;001364;7896380171088;Inativo;1,0000; por UN
;THOMPSON ABRACADEIRA NYLON PRETA UNIDADE;001942;7898011975577;Ativo;2,0000; por UN
;THUNDER DISCO CORTE INOX 115X1,0X22,23MM;000217;7898659065036;Inativo;1,0000; por UN
;TIGRE BANDEJA 23CM PORTA PIN 4,2L REF.2307-23;002805;7891395073556;Ativo;13,2000; por UN
;TIGRE BANDEJA 2304 15CM PRETA PC 18.50.007;002803;7891395060426;Ativo;9,5600; por UN
;TIGRE BANDEJA 2304 23CM PRETA PC 18.50.006;002804;7891395045263;Ativo;13,2000; por UN
;TIGRE CABO P/ ROLO 1301/23;000356;7891395001399;Ativo;16,9900; por UN
;TIGRE DESEMPENADEIRA  ACO - LISA - 2117 C/CABO DE MADEIRA 18.50.028;002628;7891395026798;Ativo;32,9900; por UN
;TIGRE DESEMPENADEIRA  ACO INOX CAB FECH 12X25CM;002629;7891395072047;Ativo;47,9900; por UN
;TIGRE DESEMPENADEIRA  ACO INOX CAB FECH 12X45CM;002630;7891395072061;Ativo;78,9900; por UN
;TIGRE DESEMPENADEIRA ACO INOX CAB ABER 12X25CM;002631;7891395072078;Ativo;45,9900; por UN
;TIGRE DESEMPENADEIRA ACO INOX CAB ABER 12X35CM;002632;7891395072085;Ativo;64,9900; por UN
;TIGRE DESEMPENADEIRA ACO INOX CAB FECH 12X35CM;002633;7891395072054;Ativo;66,9900; por UN
;TIGRE DESEMPENADEIRA INOX CANT EXT REF.2123-01;002634;7891395073532;Ativo;47,9900; por UN
;TIGRE DESEMPENADEIRA INOX CANT INT REF.2123-00;002635;7891395073518;Ativo;47,9900; por UN
;TIGRE DESEMPENADEIRA PLAST 30X17CM;002731;7891395026767;Ativo;27,9900; por UN
;TIGRE ESPATULA CABO MADEIRA ACO INOX 3,5CM 2153-1;002666;7891395014924;Ativo;24,9900; por UN
;TIGRE ESPATULA CABO MADEIRA ACO INOX 7,6CM 2153-3;002665;7891395014948;Ativo;33,4600; por UN
;TIGRE ESPATULA PLAST LISA 2160 10CM PC 18.50.039;002687;7891395033994;Ativo;7,0000; por UN
;TIGRE ESPATULA PLAST LISA 2160-08;002688;7891395033987;Ativo;6,0000; por UN
;TIGRE EXTENSOR 1307 2M;000365;7891395013392;Ativo;32,0000; por UN
;TIGRE EXTENSOR 1307 3M PC 18.50.043;002637;7891395015082;Ativo;69,9900; por UN
;TIGRE EXTENSOR 1308 1,8M TELESCOPICO ALUMINIO PC 18.50.A41;002638;7891395028877;Ativo;64,9900; por UN
;TIGRE EXTENSOR 1308 2,7M ALUMINIO PC 18.50.044;002639;7891395028884;Ativo;110,0000; por UN
;TIGRE EXTENSOR 1308 5M ALUMINIO 18.50.046;002640;7891395062703;Ativo;246,9900; por UN
;TIGRE GARFO SUPORTE  UNIVERSAL ;001345;7891395033499;Ativo;20,9900; por UN
;TIGRE KIT 1522 REPARO 7 PECAS 18.50.597;002552;7891395036759;Ativo;69,9900; por UN
;TIGRE KIT 1541 BASICO PAREDE KIT 18.50.599;002821;7891395038227;Ativo;27,9900; por UN
;TIGRE KIT 1582 - 5 PECAS 18.50.507;002730;7891395072276;Ativo;54,9900; por UN
;TIGRE LIXA MASSA 180;000718;7891395027092;Ativo;4,5000; por UN
;TIGRE ROLO ANTI-RESPINGO 1374 23CM PC 18.50.516;002622;7891395028693;Ativo;30,9900; por UN
;TIGRE ROLO ANTI-RESPINGO 1375  9CM PC 18.50.513;002807;7891395040039;Ativo;16,9500; por QT
;TIGRE ROLO ANTI-RESPINGO 1376 23CM ECON PC 18.50.517;002779;7891395041647;Ativo;15,9900; por UN
;TIGRE ROLO ANTI-RESPINGO 1377 15CM ECON PC 18.50.509;002780;7891395041630;Ativo;15,9900; por UN
;TIGRE ROLO DE ESPUMA  9CM 1341 C/C PC 18.50.566;002808;7891395000064;Ativo;5,8900; por UN
;TIGRE ROLO DE ESPUMA 15CM 1341 C/C PC 18.50.567;002689;7891395041562;Ativo;12,9900; por UN
;TIGRE ROLO DE ESPUMA 23CM 1330 S/C BCO PC 18.50.555;002538;7891395000934;Ativo;13,9900; por UN
;TIGRE ROLO DE ESPUMA 23CM 1342 S/C AMARE PC 18.50.560;002539;7891395016287;Ativo;20,0000; por UN
;TIGRE ROLO LA NATURAL 05CM 1379 C/C PC 18.50.A32;002782;7891395047618;Ativo;12,9900; por UN
;TIGRE ROLO LA 05CM 1366 C/C P/EPOXI;000223;7891395032768;Ativo;8,2100; por UN
;TIGRE ROLO LA 05CM 1383 C/C PC 18.50.493;002809;7891395047625;Ativo;14,4000; por UN
;TIGRE ROLO LA 15CM 1383 C/C PC 18.50.496;002810;7891395037435;Ativo;26,9500; por UN
;TIGRE ROLO LA 23CM 1312 SINTETICO;000374;7891395002327;Ativo;13,8000; por UN
;TIGRE ROLO LA 23CM 1312 SINTETICO PC 18.50.498;002623;9900000000806;Ativo;15,9900; por UN
;TIGRE ROLO LA 23CM 1380 S/C PC 18.50.518;002624;7891395022196;Ativo;34,9900; por UN
;TIGRE ROLO LA 23CM 1391 NATURAL PC 18.50.534;002540;7891395061065;Ativo;69,0000; por UN
;TIGRE ROLO LA 23CM 1396 SINTETICA PC 18.50.529;002625;7891395037466;Ativo;22,0000; por UN
;TIGRE ROLO POLYESTER  4CM 1345 MICRO PC 18.50.570;002783;7891395001009;Ativo;5,9900; por UN
;TIGRE ROLO PRO MICROFIBRA 23CM 1338 PC 18.50.505;002626;7891395062833;Ativo;25,9900; por UN
;TIGRE ROLO TEXTURA BAIXA 1350 S/C AMARE;002710;7891395000941;Ativo;25,0000; por UN
;TIGRE TRINCHA STARTEC 915-2;002672;7891395072962;Ativo;17,9900; por UN
;"TIGRE TRINCHA 500  1/2"" PC 18.50.645";002729;7891395003157;Ativo;3,5000; por UN
;"TIGRE TRINCHA 500 1 1/2"" PC 18.50.635";002728;7891395003188;Ativo;7,9900; por UN
;"TIGRE TRINCHA 571  1/2"" PC 18.50.790";002811;7891395003812;Ativo;4,2000; por UN
;"TIGRE TRINCHA 571  3/4"" PC 18.50.815";002812;7891395003829;Ativo;5,5000; por UN
;"TIGRE TRINCHA 571 1 "" PC 18.50.785";002813;7891395003836;Ativo;9,2500; por UN
;"TIGRE TRINCHA 571 1 1/2"" PC 18.50.780";002814;7891395003843;Ativo;12,8900; por UN
;"TIGRE TRINCHA 571 2 "" PC 18.50.800";002815;7891395003850;Ativo;16,8600; por UN
;"TIGRE TRINCHA 571 2 1/2"" PC 18.50.795";002816;7891395003867;Ativo;23,7000; por UN
;"TIGRE TRINCHA 573  1/2"" PC 18.50.835";002817;7891395003997;Ativo;4,6600; por UN
;"TIGRE TRINCHA 573  3/4"" PC 18.50.860";002794;7891395004000;Ativo;5,4000; por UN
;"TIGRE TRINCHA 573 1 "" PC 18.50.830";002668;7891395004017;Ativo;8,9000; por UN
;"TIGRE TRINCHA 573 1 1/2"" PC 18.50.825";002669;7891395004024;Ativo;19,7000; por UN
;"TIGRE TRINCHA 573 2 "" PC 18.50.845";002793;7891395004031;Ativo;15,2200; por UN
;"TIGRE TRINCHA 573 2 1/2"" PC 18.50.840";002792;7891395004048;Ativo;18,6600; por UN
;"TIGRE TRINCHA 573 3"" PC 18.50.855";002791;7891395004055;Ativo;25,9300; por UN
;"TIGRE TRINCHA 573 4"" PC 18.50.865";002670;7891395004079;Ativo;28,4500; por UN
;"TIGRE TRINCHA 728  3/4"" PC 18.50.920";002790;7891395051189;Ativo;4,4400; por UN
;"TIGRE TRINCHA 728 1 "" PC 18.50.922";002789;7891395051196;Ativo;6,5500; por UN
;"TIGRE TRINCHA 728 1 1/2"" PC 18.50.923";002788;7891395051202;Ativo;8,3500; por UN
;"TIGRE TRINCHA 728 2 "" PC 18.50.924";002787;7891395051219;Ativo;10,0300; por UN
;"TIGRE TRINCHA 728 2 1/2"" PC 18.50.925";002786;7891395051226;Ativo;12,7100; por UN
;"TIGRE TRINCHA 728 3"" PC 18.50.926";002785;7891395051233;Ativo;17,8300; por UN
;TIGRE TRINCHA 919 2 SINTETICO PRETO PC 18.50.A69;002671;7891395070562;Ativo;20,9900; por UN
;TINTA BRANCO ANTI CHAMAS FOSCO MAZA 3,6L;000711;SEM GTIN;Inativo;1,0000; por GL
;TINTAS SUPER CASA FUNDO PREPA. BARRICA 16 LTS;000004;7893410001483;Ativo;339,0000; por UN
;TINTAS SUPER CASA MASSA ACRILICA 25KG;001928;7893410000714;Ativo;110,0000; por LA
;TINTAS SUPER CASA SELADORA ACR BARRICA 15 L;000003;7893410000127;Ativo;92,0400; por UN
;TINTAS SUPER CASA SELADORA ACRILICA 01 L AREIA;000046;7893410001414;Inativo;1,0000; por UN
;TOMADA BARRA F C 2P+T DUPLA 10A CZ 2593;001157;7897356525935;Inativo;1,0000; por UN
;TOMADA BARRA F C 2P+T TRIPLA 10A CZ 2594;001156;7897356525942;Inativo;1,0000; por UN
;TOMADA TELEFONE EXT INTER ADP AM+TOM PT CART;001155;7892190027010;Inativo;1,0000; por UN
;TQ DE SEDA C2 0.80;002371;7891260383360;Inativo;1,0000; por UN
;"""TRINCHA TIGRE 695 2.1/2"""" GRIS LATEX/ACRILICA""";002492;7891395061614;Ativo;19,7300; por UN
;"""TRINCHA TIGRE 695 3"""" GRIS LATEX/ACRILICA""";002493;7891395061621;Ativo;23,2900; por UN
;"TRINCHA TIGRE 696 MEDIA 1.1/2"" BCA. VERNIZ/STAIN";002499;7891395061874;Ativo;14,4700; por UN
;V - VERMELHO INT;002352;SEM GTIN;Ativo;265,0000; por UN
;VEDACIT 200KG OTTO BOUNGART;000802;SEM GTIN;Inativo;1,0000; por UN
;VEDAPREN PT LAJE 18L BALDE VEDACIT;001412;7897321118056;Inativo;1,0000; por UN
;VENTILADOR TETO LUX CITR LED TRON BR 3P 127V;000778;7897192714845;Inativo;1,0000; por UN
;VERNIZ ANTI CHAMAS FOSCO MAZA 3,6L;000632;SEM GTIN;Inativo;1,0000; por GL
;VERNIZ PROTECAO TRIPLA BASE AGUA BR VERNIZ2 0.90;002402;7891260347287;Inativo;1,0000; por QT
;VERNIZ SOLGARD MOGNO AVERMELHADO BR 3,6L - CORAL;000651;7891574024973;Inativo;1,0000; por UN
;VERNIZ SPARLACK CET CLASSIC BAL BR 3,6L - CANELA - CORAL;000341;SEM GTIN;Ativo;38.900,0000; por GL
;VERNIZ SPARLACK CET CLASSIC BR 0,9L - MOGNO CORAL;000344;SEM GTIN;Ativo;89,0000; por QT
;VERNIZ SPARLACK CET DECK S B  3,6L NATURAL - CORAL;000337;7891574054147;Ativo;409,9000; por GL
;VERNIZ SPARLACK CET STAIN BALANCE AC 3,6L - CORAL;000340;7891019171187;Ativo;209,9000; por GL
;VERNIZ SPARLACK CETOL CLASSIC AC 0,9L - MOGNO - CORAL;000670;7891574012642;Ativo;89,0000; por QT
;VERNIZ SPARLACK CETOL CLASSIC AC 3,6L - CANELA - CORAL;000672;SEM GTIN;Ativo;389,0000; por GL
;VERNIZ SPARLACK CETOL CLASSIC AC 3,6L - IMBUIA - CORAL;000626;SEM GTIN;Ativo;39.800,0000; por GL
;VERNIZ SPARLACK CETOL CLASSIC AC 3,6L - MOGNO - CORAL;000631;SEM GTIN;Ativo;359,0000; por GL
;VERNIZ SPARLACK CETOL CLASSIC BR 0,9L - CANELA - CORAL;000324;7891574012420;Inativo;1,0000; por UN
;VERNIZ SPARLACK CETOL CLASSIC BR 0,9L - IMBUIA - CORAL;000478;SEM GTIN;Ativo;89,0000; por QT
;VERNIZ SPARLACK CETOL CLASSIC BR 3,6L - IMBUIA - CORAL;000630;SEM GTIN;Ativo;329,0000; por GL
;VERNIZ SPARLACK CETOL DECK ANTIDERRAPANTE SEMI BRILHO 3,6L - CORAL;000517;SEM GTIN;Inativo;1,0000; por UN
;VERNIZ SPARLACK CETOL DECK 0,9L - NATURAL - CORAL;000323;SEM GTIN;Inativo;1,0000; por QT
;VERNIZ SPARLACK CETOL STAIN  3,6L - CORAL;000622;7891574012574;Ativo;209,9000; por GL
;VERNIZ SPARLACK CETOL STAIN BALANCE AC  UV GLASS 0,9L - CORAL;000347;7891019918454;Ativo;69,0000; por QT
;VERNIZ SPARLACK CETOL STAIN BALANCE AC  UV GLASS 3,6L - CORAL;000414;7891019918447;Inativo;1,0000; por GL
;VERNIZ SPARLACK CETOL STAIN BALANCE AC 0,9L - CORAL;000342;SEM GTIN;Ativo;59,9900; por QT
;VERNIZ SPARLACK CETOL STAIN MOGNO BALANCE AC 3,6L - CORAL;001187;SEM GTIN;Inativo;1,0000; por UN
;VIAFIX BALDE 18L;000642;SEM GTIN;Inativo;1,0000; por BD
;VIAMANTA 10X4MM ROLO;000663;SEM GTIN;Ativo;489,0000; por UN
;VIAPOL MASSA F.12 BRANCA 0,400 KG;001239;7898055524847;Ativo;16,4700; por UN
;VIAPOL MASSA F.12 CASTANHO 0,400KG;000254;7898055525646;Ativo;16,4700; por UN
;VIAPOL MASSA F.12 CEREJEIRA 0,400KG;000255;7898055524922;Ativo;16,4700; por UN
;VIAPOL MASSA F.12 CUMARU 0,400KG;000256;7898055525981;Ativo;16,4700; por UN
;VIAPOL MASSA F.12 IMBUIA 0,400KG;001547;7898055524854;Ativo;16,4700; por UN
;VIAPOL MASSA F.12 IPE 0,400KG;000257;7898055524861;Ativo;16,4700; por UN
;VIAPOL MASSA F.12 JATOBA 0,400KG;000258;7898055524878;Ativo;16,4700; por UN
;VIAPOL MASSA F.12 MARFIM 0,400KG;000116;7898055524823;Ativo;16,4700; por UN
;VIAPOL MASSA F.12 SUCUPIRA 0,400KG;000259;7898055525660;Ativo;16,4700; por UN
;VIAPOL VEDALAGE BRANCO MANTA LIQ 18 KG;000890;SEM GTIN;Inativo;1,0000; por UN
;VIAPOL VIABIT LATA 900 ML;000830;7898055524304;Inativo;1,0000; por UN
;VIAPOL VIAPLUS 1000 CX 18 KG;001295;7898055521723;Ativo;73,3500; por kg
;VIAPOL VIAPLUS 5000 CX 18 KG;001296;7898055523574;Ativo;239,3700; por kg
;VIAPOL VIAPLUS 7000 CX 18 KG;000664;7898055528906;Ativo;283,8000; por UN
;WANDEPOXI FUNDO BRANCO CATALISAVEL GALAO;000653;7891019173211;Inativo;1,0000; por GL
;WANDEPOXY AMARELO RM524 GALAO PARTE A;001004;SEM GTIN;Inativo;1,0000; por UN
;WANDEPOXY CATALISADOR LOC;000346;7891019173204;Inativo;1,0000; por QT
;WANDEPOXY CATALISADOR P/ MASSA EPOXI 1,45ML;000637;7891019173242;Inativo;1,0000; por QT
;WANDEPOXY CINZA MEDIO RM022 GALAO PARTE A;001003;SEM GTIN;Inativo;1,0000; por UN
;WASH PRIMER KIT COM CAT 2001;000727;SEM GTIN;Inativo;1,0000; por QT
;WASH PRIMER KIT COM CATALISADOR BRAZILIA;000799;SEM GTIN;Inativo;1,0000; por GL
;WD 40 LUBRIFICANTE SPRAY 300ML - THERON;001549;7898193140435;Ativo;62,6000; por UN
;WEG SINT BR RVD DF AMARELO SEG 5Y 8/12 GALAO WEG;001007;SEM GTIN;Inativo;1,0000; por GL
;WEG SINT BR RVD DF AZUL M.2,5PB 4/10 GALAO WEG;001011;SEM GTIN;Inativo;1,0000; por GL
;WEG SINT BR RVD DF BRANCO M.N9,5 GALAO WEG;001010;SEM GTIN;Inativo;1,0000; por GL
;WEG SINT BR RVD DF CINZA M.N6,5 GALAO WEG;001009;SEM GTIN;Inativo;1,0000; por GL
;WEG SINT BR RVD DF PRETO M.N1 GALAO WEG;001008;SEM GTIN;Inativo;1,0000; por GL
;WORLD BIANCO ADESIVO P/ ARGAMASSA E CHAPISCO 1KG;001194;SEM GTIN;Inativo;1,0000; por UN
;WORLD TINTA  NEW POP LATEX BRANCO 18 LTS BALD BRANCO;001554;7898678640061;Inativo;1,0000; por UN
;WORLD TINTA  NEW POP LATEX BRANCO 18 LTS BALD PRETO;002076;SEM GTIN;Inativo;1,0000; por UN
;XADREZ  AZUL  50ML ;001279;7891323075201;Ativo;7,0000; por QT
;XADREZ  BRANCO  50ML ;001282;7891323113064;Ativo;7,0000; por QT
;XADREZ  MARROM  50ML;001283;7891323075249;Ativo;7,0000; por QT
;XADREZ  VIOLETA  50ML ;001280;7891323075294;Ativo;7,0000; por QT
;XADREZ AMARELO - 50ML ;001276;7891323075195;Ativo;7,0000; por QT
;XADREZ OCRE 50ML ;001284;7891323075232;Ativo;7,0000; por QT
;XADREZ PRETO  50ML ;001281;7891323075256;Ativo;7,0000; por QT
;XADREZ VERDE 50ML;001275;7891323075270;Ativo;7,0000; por QT
;XADREZ VERMELHO 50ML ;001278;7891323075287;Ativo;7,0000; por QT
;XAPADUR 2750X1220X2,5MM LEO CHAPA EUCATEX;000220;SEM GTIN;Inativo;1,0000; por UN
;Z - MARROM UMBRIA;002351;7730149472583;Ativo;93,9600; por UN
;ZARCAO LARANJA 0,9L NATRIELLI;000607;SEM GTIN;Inativo;1,0000; por QT
;ZARCAO SERRALHEIRO CINZA 0,9L NATRIELLI;000608;7897176405424;Inativo;1,0000; por QT
;ZARCAO SERRALHEIRO OXIDO 0,9L NATRIELLI;000612;7897176404700;Inativo;1,0000; por QT
;ZARCAO UNIVERSAL SUVINIL;000351;7891260028612;Inativo;1,0000; por QT
;ZIG ZAG ALGODAO PARA POLIMENTO 100GR;000715;7896018681002;Inativo;8,7900; por UN
