Produto;Código;Fabricante;Família;Saldo em Qtde; ;Situação;NCM;Classe de Tributação
LIXA DE MASSA 220 - NORTON FOLH 19.99.165;002620;;;200;UN;Ativo;68052000;
LIXA DE MASSA 120 - NORTON FOLH 19.99.150;002617;;;100;UN;Ativo;68052000;
LIXA DE MASSA 150 - NORTON FOLH 19.99.155;002618;;;100;UN;Ativo;68052000;
LIXA DE MASSA 100 - NORTON FOLH 19.99.145;002616;Norton;LIXAS;98;UN;Ativo;68052000;NÃO TRIBUTADO (CSOSN 400)
AGUA RAZ ITAQUA 0,9L 11.29.005;002527;;;72;QT;Ativo;27101230;
CORAL MASSA CORRIDA PVA 25KG;000516;;;50;LA;Ativo;32141020;NÃO TRIBUTADO (CSOSN 400)
LIXA DE MASSA 180 - NORTON FOLH 19.99.160;002619;;;50;UN;Ativo;68052000;
MASSA CORRIDA;002703;;;42;QT;Ativo;32141020;NÃO TRIBUTADO (CSOSN 400)
FUTURA MASSA CORRIDA PVA 1/4 QT 1,5 KG;001426;FUTURA;Complementos e Preparação;41;QT;Ativo;32141020;TRIBUTADO (CSOSN 102)
ADELBRAS FITA CREPE MASK 18 X 50 M;001904;ADELBRAS;Acessórios e Ferramentas;37;UN;Ativo;48114110;TRIBUTADO (CSOSN 102)
THINNER 37 ITAQUA 0,9L 11.29.030;002667;;;36;UN;Ativo;38140090;NÃO TRIBUTADO (CSOSN 400)
"TIGRE TRINCHA 500  1/2"" PC 18.50.645";002729;TIGRE;Utilidades;36;UN;Ativo;96034090;NÃO TRIBUTADO (CSOSN 400)
ADELBRAS FITA CREPE MASK 24 X 50 M;000687;;;35;UN;Ativo;48114110;NÃO TRIBUTADO (CSOSN 400)
CORAL RENDE MUITO BRANCO 18L;000557;Coral;TINTA ACRILICA;33;LA;Ativo;32091010;NÃO TRIBUTADO (CSOSN 400)
ADELBRAS FITA CREPE MASK 48 X 50 M;001298;;;32;UN;Ativo;48114190;TRIBUTADO (CSOSN 102)
"DISCO LIXA VELCRO 5"" - GRAO 036 - 8 FUROS -  THOMPSON";002743;THOMPSON;LIXAS;30;UN;Ativo;68053020;NÃO TRIBUTADO (CSOSN 400)
"DISCO LIXA VELCRO 5"" - GRAO 040 - 8 FUROS -  THOMPSON";002742;Thompson;LIXAS;30;UN;Ativo;68053020;NÃO TRIBUTADO (CSOSN 400)
FUTURA ECOLOGICO B.AGUA ACETINADO PRETO 3,6 LT;001494;FUTURA;TINTA ESMALTE ;29;GL;Ativo;32091020;NÃO TRIBUTADO (CSOSN 400)
SPRAY DSCOLOR USO GERAL 400ML / PRETO BRILHO 50540;002484;DSCOLOR;;29;UN;Ativo;32082011;NÃO TRIBUTADO (CSOSN 400)
SPRAY DSCOLOR ALTA TEMPERATURA 400ML / PRETO FOSCO 50509;002464;;;27;UN;Ativo;32082011;NÃO TRIBUTADO (CSOSN 400)
SPRAY DSCOLOR USO GERAL 400ML / BRANCO BRILHO 50533;002482;DSCOLOR;;27;UN;Ativo;32082011;NÃO TRIBUTADO (CSOSN 400)
SUV RENDE & COBRE MUITO BRANCO 20 LTS;001585;Suvinil;TINTA ACRILICA;23;BD;Ativo;32091010;NÃO TRIBUTADO (CSOSN 400)
XADREZ  VIOLETA  50ML ;001280;Sherwin Williams;Utilidades;23;QT;Ativo;32099019;NÃO TRIBUTADO (CSOSN 400)
DISCO DE LIXA GIRAFA 220 MASSA  A257  225X0X8 CX C/10;002746;Norton;LIXAS;20;UN;Ativo;68052000;NÃO TRIBUTADO (CSOSN 400)
"DISCO LIXA VELCRO 5"" - GRAO 024 - 8 FUROS -  THOMPSON";002744;THOMPSON;LIXAS;20;UN;Ativo;68053020;NÃO TRIBUTADO (CSOSN 400)
"DISCO LIXA VELCRO 5"" - GRAO 060 - 8 FUROS -  THOMPSON";002741;THOMPSON;LIXAS;20;UN;Ativo;68053020;NÃO TRIBUTADO (CSOSN 400)
"DISCO LIXA VELCRO 5"" - GRAO 100 - 8 FUROS -  THOMPSON";002739;THOMPSON;LIXAS;20;UN;Ativo;68053020;
"DISCO LIXA VELCRO 5"" - GRAO 120 - 8 FUROS -  THOMPSON";002738;THOMPSON;LIXAS;20;UN;Ativo;68053020;NÃO TRIBUTADO (CSOSN 400)
"DISCO LIXA VELCRO 5"" - GRAO 150 - 8 FUROS -  THOMPSON";002737;THOMPSON;LIXAS;20;UN;Ativo;68053020;NÃO TRIBUTADO (CSOSN 400)
"DISCO LIXA VELCRO 5"" - GRAO 180 - 8 FUROS -  THOMPSON";002736;THOMPSON;LIXAS;20;UN;Ativo;68053020;NÃO TRIBUTADO (CSOSN 400)
MASSA CORRIDA PVA 25 KG SUVINIL.;002500;;;20;LA;Ativo;32141020;
"TIGRE TRINCHA 573 1 1/2"" PC 18.50.825";002669;TIGRE;;20;UN;Ativo;96034090;NÃO TRIBUTADO (CSOSN 400)
"DISCO LIXA VELCRO 7"" - GRAO 180 - 8 FUROS -  THOMPSON";002735;THOMPSON;LIXAS;19;UN;Ativo;68053020;NÃO TRIBUTADO (CSOSN 400)
FUTURA MASSA ACRILICA 1/4 QT / 1,5 KG;001427;FUTURA;Complementos e Preparação;19;QT;Ativo;32141020;TRIBUTADO (CSOSN 102)
SPRAY DSCOLOR USO GERAL 400ML / VERMELHO FOSCO 50547;002478;DSCOLOR;;19;UN;Ativo;32082011;NÃO TRIBUTADO (CSOSN 400)
"DISCO LIXA VELCRO 5"" - GRAO 080 - 8 FUROS -  THOMPSON";002740;THOMPSON;LIXAS;18;UN;Ativo;68053020;NÃO TRIBUTADO (CSOSN 400)
MASSA ACRILICA;002704;;;18;QT;Ativo;32141020;NÃO TRIBUTADO (CSOSN 400)
TIGRE ROLO ANTI-RESPINGO 1374 23CM PC 18.50.516;002622;;;18;UN;Ativo;96034010;NÃO TRIBUTADO (CSOSN 400)
SPRAY DSCOLOR ALTA TEMPERATURA 400ML / BRANCO FOSCO 50508;002465;;;17;UN;Ativo;32082011;NÃO TRIBUTADO (CSOSN 400)
SPRAY DSCOLOR USO GERAL 400ML / VERMELHO 50546;002480;DSCOLOR;;17;UN;Ativo;32082011;NÃO TRIBUTADO (CSOSN 400)
ITAQUA DILUENTE PU 0,900 ML (NOVO);001320;;;16;UN;Ativo;38140090;TRIBUTADO (CSOSN 102)
"TIGRE TRINCHA 500 1 1/2"" PC 18.50.635";002728;Coral;Utilidades;16;UN;Ativo;96034090;
XADREZ  BRANCO  50ML ;001282;Sherwin Williams;Utilidades;16;QT;Ativo;32099019;NÃO TRIBUTADO (CSOSN 400)
XADREZ VERMELHO 50ML ;001278;Sherwin Williams;Utilidades;16;QT;Ativo;32099019;NÃO TRIBUTADO (CSOSN 400)
FUTURA TINTA PISO CINZA CHUMBO 3,6 LT;001214;FUTURA;TINTA ACRILICA;15;GL;Ativo;32091010;NÃO TRIBUTADO (CSOSN 400)
FUTURA TINTA PISO CINZA 3,6 LT;001213;FUTURA;TINTA ACRILICA;15;GL;Ativo;32091010;NÃO TRIBUTADO (CSOSN 400)
SPRAY DSCOLOR USO GERAL 400ML / VERNIZ BRILHO 50548;002767;DSCOLOR;Utilidades;15;UN;Ativo;32082011;
ANJO DILUENTE P/ SELA MADEIRAS 900 ML;001589;;;14;UN;Ativo;38140090;TRIBUTADO (CSOSN 102)
ATLAS MASCARA DE FELTRO PFF2 C/ VAL. REF: AT2800;001466;;;14;UN;Ativo;63079010;TRIBUTADO (CSOSN 102)
CERA CARNAUBA SUPER BRILHO V8  500ML SANOL;002751;;Complementos e Preparação;14;UN;Ativo;34053000;TRIBUTADO (CSOSN 102)
FUTURA MASSA CORRIDA 25 KG BALDE;001308;FUTURA;Complementos e Preparação;14;LA;Ativo;32141020;TRIBUTADO (CSOSN 102)
XADREZ PRETO  50ML ;001281;Sherwin Williams;Utilidades;14;QT;Ativo;32099019;NÃO TRIBUTADO (CSOSN 400)
BANDEJA TINTA THOMPSON 23CM GRANDE 1600;002477;THOMPSON;Acessórios e Ferramentas;13;UN;Ativo;39259090;
CORAL RENDE MUITO BRANCO FOSCO 3,6L;000558;Coral;TINTA ACRILICA;12;GL;Ativo;32091010;NÃO TRIBUTADO (CSOSN 400)
FUTURA TINTA PISO PRETO 3,6 LT;001230;FUTURA;TINTA ACRILICA;12;GL;Ativo;32091010;NÃO TRIBUTADO (CSOSN 400)
GLASU PINTURA ESSENCIAL - BRANCO NEVE - BD;002773;;TINTA ACRILICA;12;BD;Ativo;32091010;NÃO TRIBUTADO (CSOSN 400)
RESINA PROTETORA INCOLOR;002677;;;12;GL;Ativo;32091010;
SUV MASSA CORRIDA PVA 25KG;000041;;;12;LA;Ativo;32091010;NÃO TRIBUTADO (CSOSN 400)
SUV TOQUE FOSCO COMPLETO BRANCO 900ML;001798;Suvinil;TINTA ACRILICA;12;QT;Ativo;32091010;NÃO TRIBUTADO (CSOSN 400)
"TIGRE TRINCHA 573 1 "" PC 18.50.830";002668;TIGRE;;12;UN;Ativo;96034090;NÃO TRIBUTADO (CSOSN 400)
ATLAS DISCO ABRASIVO FLAP 115MM G60 OX ALUMIN AT24/60;001462;;;11;UN;Ativo;68053090;TRIBUTADO (CSOSN 102)
FUTURA ECOLOGICO B.AGUA BRANCO FOSCO 900 ML;001502;FUTURA;TINTA ESMALTE ;11;QT;Ativo;32091020;NÃO TRIBUTADO (CSOSN 400)
SUV RENDE & COBRE MUITO BRANCO 3,6 LT;000352;Suvinil;TINTA ACRILICA;11;GL;Ativo;32091010;NÃO TRIBUTADO (CSOSN 400)
TIGRE ROLO LA 23CM 1312 SINTETICO;000374;;;11;UN;Ativo;96034010;NÃO TRIBUTADO (CSOSN 400)
"TIGRE TRINCHA 573 4"" PC 18.50.865";002670;TIGRE;;11;UN;Ativo;96034090;NÃO TRIBUTADO (CSOSN 400)
ATLAS PINCEL ARTISTICO CHATO PELO SUINO 915/22;001653;;;10;UN;Ativo;96033000;TRIBUTADO (CSOSN 102)
CORAL CORALAR ACR + DESEMPENHO BRANCO 18L;001877;Coral;TINTA ACRILICA;10;LA;Ativo;32091010;NÃO TRIBUTADO (CSOSN 400)
DISCO DE LIXA GIRAFA  80 MASSA  A257  225X0X8 CX C/10;002750;Norton;LIXAS;10;UN;Ativo;68052000;NÃO TRIBUTADO (CSOSN 400)
DISCO DE LIXA GIRAFA 120 MASSA  A257  225X0X8 CX C/10;002749;Norton;LIXAS;10;UN;Ativo;68052000;NÃO TRIBUTADO (CSOSN 400)
DISCO DE LIXA GIRAFA 150 MASSA  A257 225X0X8 CX C/10;002748;Norton;LIXAS;10;UN;Ativo;68052000;NÃO TRIBUTADO (CSOSN 400)
DISCO DE LIXA GIRAFA 180  MASSA  A257 225X0X8 CX C/10;002747;THOMPSON;LIXAS;10;UN;Ativo;68052000;NÃO TRIBUTADO (CSOSN 400)
FUTURA TINTA PISO VERMELHO SEGURANCA 3,6 LT;001983;FUTURA;TINTA ACRILICA;10;GL;Ativo;32091010;NÃO TRIBUTADO (CSOSN 400)
MASSA CORRIDA;002706;;;10;BD;Ativo;32141020;NÃO TRIBUTADO (CSOSN 400)
SPRAY DSCOLOR ALTA TEMPERATURA 400ML / ALUMINIO FOSCO 50507;002768;DSCOLOR;Utilidades;10;UN;Ativo;32082011;
SPRAY DSCOLOR USO GERAL 400ML / AMARELO 50529;002769;DSCOLOR;Utilidades;10;UN;Ativo;32082011;
SPRAY DSCOLOR USO GERAL 400ML / AZUL CLARO 50530;002766;DSCOLOR;Utilidades;10;UN;Ativo;32082011;NÃO TRIBUTADO (CSOSN 400)
SPRAY DSCOLOR USO GERAL 400ML / AZUL ESCURO 50531;002765;DSCOLOR;Utilidades;10;UN;Ativo;32082011;NÃO TRIBUTADO (CSOSN 400)
SPRAY DSCOLOR USO GERAL 400ML / AZUL MEDIO 50532;002764;DSCOLOR;Utilidades;10;UN;Ativo;32082011;NÃO TRIBUTADO (CSOSN 400)
SPRAY DSCOLOR USO GERAL 400ML / MARROM 50539;002479;DSCOLOR;;10;UN;Ativo;32082011;NÃO TRIBUTADO (CSOSN 400)
SPRAY DSCOLOR USO GERAL 400ML / VERDE ESCURO 50545;002770;DSCOLOR;Utilidades;10;UN;Ativo;32082011;
SUV GLASU MUDA FACIL BRANCO -18 LTS;001246;Suvinil;TINTA ACRILICA;10;LA;Ativo;32091010;NÃO TRIBUTADO (CSOSN 400)
SUV RENDE & COBRE MUITO BRANCO 900 ML;001564;Suvinil;TINTA ACRILICA;10;QT;Ativo;32091010;NÃO TRIBUTADO (CSOSN 400)
TIGRE ROLO DE ESPUMA 15CM 1341 C/C PC 18.50.567;002689;TIGRE;;10;UN;Ativo;96034010;NÃO TRIBUTADO (CSOSN 400)
ATLAS ESPATULA PVC DENTADA 8CM 151/8;001524;;;9;UN;Ativo;39269090;NÃO TRIBUTADO (CSOSN 400)
ATLAS ROLO ANTIGOTA 15CM 321/15;000142;;;9;UN;Ativo;96034010;NÃO TRIBUTADO (CSOSN 400)
ATLAS TRINCHA 315  3;001444;;;9;UN;Ativo;96034090;TRIBUTADO (CSOSN 102)
ATLAS TRINCHA 319 4;001522;;;9;UN;Ativo;96034090;TRIBUTADO (CSOSN 102)
FITA VEDA ROSCA PRO 18MMX10M CX120 19.99.483;002734;Norton;Utilidades;9;UN;Ativo;39209990;
FUTURA ABSOLUTO PRM  CROMIO 3,6;001674;FUTURA;TINTA ACRILICA;9;GL;Ativo;32091010;NÃO TRIBUTADO (CSOSN 400)
FUTURA ECOLOGICO B.AGUA BRTE AMARELO 900 ML;001952;FUTURA;TINTA ESMALTE ;9;QT;Ativo;32091020;NÃO TRIBUTADO (CSOSN 400)
FUTURA SUPER RENDIMENTO STD BRANCO 3,6 LT;001211;FUTURA;TINTA ACRILICA;9;GL;Ativo;32091010;NÃO TRIBUTADO (CSOSN 400)
LONA PRETA 4X50 6KG FINA INFINITY;002550;;;9;UN;Ativo;39259090;
TIGRE ESPATULA PLAST LISA 2160 10CM PC 18.50.039;002687;TIGRE;;9;UN;Ativo;39269090;NÃO TRIBUTADO (CSOSN 400)
TIGRE ESPATULA PLAST LISA 2160-08;002688;TIGRE;;9;UN;Ativo;39269090;NÃO TRIBUTADO (CSOSN 400)
TIGRE TRINCHA STARTEC 915-2;002672;TIGRE;;9;UN;Ativo;96034090;TRIBUTADO (CSOSN 102)
TIGRE TRINCHA 919 2 SINTETICO PRETO PC 18.50.A69;002671;TIGRE;;9;UN;Ativo;96034090;NÃO TRIBUTADO (CSOSN 400)
ANJO PINTA DECK NAT. SEMIBRILHO 900 ML;001604;;;8;QT;Ativo;32081020;TRIBUTADO (CSOSN 102)
ATLAS PALHA DE ACO N '1' AT90/60;001459;;;8;UN;Ativo;73231000;NÃO TRIBUTADO (CSOSN 400)
ATLAS TRINCHA 315  1/2;001438;;;8;UN;Ativo;96034090;TRIBUTADO (CSOSN 102)
FUTURA ECOLOGICO B.AGUA BRILHO BRANCO 3,6 LT;001421;FUTURA;TINTA ESMALTE ;8;GL;Ativo;32091020;NÃO TRIBUTADO (CSOSN 400)
FUTURA ECOLOGICO B.AGUA BRILHO BRANCO 900 ML;001498;FUTURA;TINTA ESMALTE ;8;QT;Ativo;32091020;NÃO TRIBUTADO (CSOSN 400)
FUTURA ECOLOGICO B.AGUA BRTE VERMELHO 900 ML;001951;FUTURA;TINTA ESMALTE ;8;QT;Ativo;32091020;NÃO TRIBUTADO (CSOSN 400)
FUTURA FUNDO CINZA ANTICORROSIVO 900 ML;001508;FUTURA;Complementos e Preparação;8;QT;Ativo;32081010;NÃO TRIBUTADO (CSOSN 400)
FUTURA FUTURIT ESM SINT.BRILHO AMARELO SEGURANC;002648;FUTURA;TINTA ESMALTE ;8;GL;Ativo;32081010;
FUTURA FUTURIT ESM SINT.FOSCO PRETO 3,6 LT SOLVENTE;001506;FUTURA;TINTA ESMALTE ;8;GL;Ativo;32081010;NÃO TRIBUTADO (CSOSN 400)
FUTURA ZARCAO 900 ML;001419;FUTURA;Complementos e Preparação;8;QT;Ativo;32081010;NÃO TRIBUTADO (CSOSN 400)
FUTURIT ESM SINT.BRILHO PLATINA;002682;FUTURA;TINTA ESMALTE ;8;GL;Ativo;32081010;
MASTIFLEX VEDA CALHA ACRILICO POTE.500G;001378;;;8;UN;Ativo;32141010;TRIBUTADO (CSOSN 102)
TIGRE ROLO LA 23CM 1396 SINTETICA PC 18.50.529;002625;;;8;UN;Ativo;96034010;
ANJO STAIN CASA INCOLOR ACET. 900 ML;001608;;;7;QT;Ativo;32081020;TRIBUTADO (CSOSN 102)
ANJO STAIN CASA NATURAL ACET. 900 ML;001610;;;7;QT;Ativo;32081020;TRIBUTADO (CSOSN 102)
ATLAS DISCO ABRASIVO FLAP 115MM G120 OX ALUMIN AT24/120;001464;;;7;UN;Ativo;68053090;TRIBUTADO (CSOSN 102)
ATLAS ESPATULA PVC DENTADA 10CM 151/10;001525;;;7;UN;Ativo;39269090;NÃO TRIBUTADO (CSOSN 400)
ATLAS PALHA DE ACO N '0' AT90/50;001458;;;7;UN;Ativo;73231000;NÃO TRIBUTADO (CSOSN 400)
ATLAS REFIL P/ PAD RECORTE AT751/35;001651;;;7;UN;Ativo;96034090;TRIBUTADO (CSOSN 102)
ATLAS ROLO DRYWALL LA '8' 23CM AT321/8;001259;;;7;UN;Ativo;96034010;TRIBUTADO (CSOSN 102)
ATLAS ROLO RESIMAX 15 CM 339/15A;000174;;;7;UN;Ativo;96034010;NÃO TRIBUTADO (CSOSN 400)
ATLAS ROLO RESINA / EPOXI 23CM PISOS AT339/23;001917;;;7;UN;Ativo;96034010;TRIBUTADO (CSOSN 102)
ATLAS TRINCHA 315  4;001445;;;7;UN;Ativo;96034090;TRIBUTADO (CSOSN 102)
FUTURA ECOLOGICO B.AGUA BRANCO FOSCO 3,6 LT;001540;FUTURA;TINTA ESMALTE ;7;GL;Ativo;32091020;NÃO TRIBUTADO (CSOSN 400)
FUTURA ECOLOGICO B.AGUA PRETO FOSCO 900 ML;001503;FUTURA;TINTA ESMALTE ;7;QT;Ativo;32091020;NÃO TRIBUTADO (CSOSN 400)
FUTURA FUTURIT ESM SINT.BRILHO CINZA MEDIO;002566;FUTURA;TINTA ESMALTE ;7;QT;Ativo;32081010;
FUTURA FUTURIT ESM SINT.BRILHO CINZA MEDIO 3,6 LT SOLVENTE;001620;FUTURA;TINTA ESMALTE ;7;GL;Ativo;32081010;NÃO TRIBUTADO (CSOSN 400)
FUTURA FUTURIT ESM SINT.BRILHO PRETO 3,6 LT SOLVENTE;001504;FUTURA;TINTA ESMALTE ;7;GL;Ativo;32081010;NÃO TRIBUTADO (CSOSN 400)
FUTURA MASSA ACRILICA 25 KG;001207;FUTURA;Complementos e Preparação;7;BD;Ativo;32141020;TRIBUTADO (CSOSN 102)
FUTURA PREMIUM EFEITO MARMORE 3,7KG;002702;FUTURA;Efeitos Decorativos;7;GL;Ativo;32091010;NÃO TRIBUTADO (CSOSN 400)
FUTURA ZARCAO LARANJA 3,6 LT;001303;FUTURA;Complementos e Preparação;7;GL;Ativo;32081010;NÃO TRIBUTADO (CSOSN 400)
MASSA ACRILICA;002681;;;7;GL;Ativo;32141020;
SUV ESM PRETO FOSCO 3,6 LT AGUA;001247;;;7;GL;Ativo;32091010;NÃO TRIBUTADO (CSOSN 400)
TIGRE ROLO LA 23CM 1391 NATURAL PC 18.50.534;002540;TIGRE;;7;UN;Ativo;96034010;NÃO TRIBUTADO (CSOSN 400)
TIGRE ROLO PRO MICROFIBRA 23CM 1338 PC 18.50.505;002626;;;7;UN;Ativo;96034010;NÃO TRIBUTADO (CSOSN 400)
ANJO STAIN CASA IPE ACET. 900ML;001609;;;6;QT;Ativo;32081020;TRIBUTADO (CSOSN 102)
ANJO STAIN CASA NOGUEIRA ACET. 900ML;001605;;;6;QT;Ativo;32081020;TRIBUTADO (CSOSN 102)
ATLAS ESCOVA DE ACO ECONOMICA 3 FILEIRAS REF: AT1820/3;001457;;;6;UN;Ativo;96039000;TRIBUTADO (CSOSN 102)
ATLAS ESPATULA CABO MADEIRA ACO INOX 7,5CM 6155/12;001251;;;6;UN;Ativo;82055900;TRIBUTADO (CSOSN 102)
ATLAS ESTILETE AMARELO 175/2;000132;;;6;UN;Ativo;82119390;NÃO TRIBUTADO (CSOSN 400)
ATLAS GARFO GAIOLA S/R ACO 400/23SR;001351;;;6;UN;Ativo;73269090;TRIBUTADO (CSOSN 102)
ATLAS LUVA DE ALGODAO PIGMENTADA M AT1303M;001647;;;6;UN;Ativo;61161000;TRIBUTADO (CSOSN 102)
ATLAS PORTA-TRINCHA P/ PROLON. AT179;001650;;;6;UN;Ativo;39269090;TRIBUTADO (CSOSN 102)
ATLAS ROLO RESIMAX 23CM 339/5A;000173;;;6;UN;Ativo;96034010;NÃO TRIBUTADO (CSOSN 400)
CORAL MASSA CORRIDA PVA BALDE 5,7 KG;001973;Coral;Complementos e Preparação;6;GL;Ativo;32141020;TRIBUTADO (CSOSN 102)
CORAL RENOVA TETO BANHEIRO & COZINHA BR 900LT;000640;Coral;TINTA ACRILICA;6;QT;Ativo;32091010;NÃO TRIBUTADO (CSOSN 400)
CORTEX ECON. BRANCO 16 LT;002463;FUTURA;TINTA ACRILICA;6;BD;Ativo;32091010;NÃO TRIBUTADO (CSOSN 400)
ECOLOGICO B.AGUA BRILHO BRANCO;002678;;;6;QT;Ativo;32091020;
ECOLOGICO B.AGUA BRILHO PRETO;002679;;;6;QT;Ativo;32091020;
FUTURA ECOLOGICO B.AGUA PRETO FOSCO 3,6 LT;001495;FUTURA;TINTA ESMALTE ;6;GL;Ativo;32091020;NÃO TRIBUTADO (CSOSN 400)
FUTURA FUNDO PREPARADOR P/PINTURA 16 LT;001373;FUTURA;Complementos e Preparação;6;BD;Ativo;32091010;NÃO TRIBUTADO (CSOSN 400)
FUTURA FUTURIT ESM SINT.ACETINADO BRANCO 900 ML;001776;FUTURA;TINTA ESMALTE ;6;QT;Ativo;32081010;NÃO TRIBUTADO (CSOSN 400)
FUTURA FUTURIT ESM SINT.BRILHO AZUL DEL REY;002709;FUTURA;TINTA ESMALTE ;6;QT;Ativo;32081010;NÃO TRIBUTADO (CSOSN 400)
FUTURA FUTURIT ESM SINT.BRILHO CINZA ESCURO 3,6 LT SOLVENTE;001621;FUTURA;TINTA ESMALTE ;6;GL;Ativo;32081010;NÃO TRIBUTADO (CSOSN 400)
FUTURA FUTURIT ESM SINT.BRILHO LARANJA;002568;FUTURA;TINTA ESMALTE ;6;QT;Ativo;32081010;
FUTURA FUTURIT ESM SINT.BRILHO MAR.CONHAQUE 900ML;002567;FUTURA;TINTA ESMALTE ;6;QT;Ativo;32081010;
FUTURA FUTURIT ESM SINT.BRILHO PLATINA 3,6 LT;001844;FUTURA;TINTA ESMALTE ;6;GL;Ativo;32081010;NÃO TRIBUTADO (CSOSN 400)
FUTURA FUTURIT ESM SINT.BRILHO PRETO 900 ML;001773;FUTURA;TINTA ESMALTE ;6;QT;Ativo;32081010;NÃO TRIBUTADO (CSOSN 400)
FUTURA FUTURIT ESM SINT.BRILHO VERDE FOLHA;002656;FUTURA;TINTA ESMALTE ;6;QT;Ativo;32081010;
FUTURA FUTURIT ESM SINT.BRILHO VERMELHO;002569;FUTURA;TINTA ESMALTE ;6;QT;Ativo;32081010;
FUTURA FUTURIT ESM SINT.FOSCO BRANCO 900 ML;001775;FUTURA;TINTA ESMALTE ;6;QT;Ativo;32081010;NÃO TRIBUTADO (CSOSN 400)
FUTURA FUTURIT ESM SINT.FOSCO PRETO 900 ML;001774;FUTURA;TINTA ESMALTE ;6;QT;Ativo;32081010;NÃO TRIBUTADO (CSOSN 400)
FUTURA FUTURIT MAIS PREMIUM FOSCO BRANCO;002577;FUTURA;TINTA ESMALTE ;6;QT;Ativo;32081010;
FUTURA MASSA ACRILICA GL 5,8 KG;001420;FUTURA;Complementos e Preparação;6;UN;Ativo;32141020;TRIBUTADO (CSOSN 102)
MAXI RUBBER WASH PRIMER 600ML;000578;Maxi Rubber;Linha Automotiva;6;QT;Ativo;32082019;TRIBUTADO (CSOSN 102)
SPRAY DSCOLOR USO GERAL 400ML / BRANCO PRIMER 50535;002471;;;6;UN;Ativo;32082011;NÃO TRIBUTADO (CSOSN 400)
SPRAY DSCOLOR USO GERAL 400ML / CINZA FUNDO PRIMER 50537;002472;;;6;UN;Ativo;32082011;NÃO TRIBUTADO (CSOSN 400)
SUV ESM PRETO FOSCO 900 ML AGUA;001226;;;6;QT;Ativo;32091010;NÃO TRIBUTADO (CSOSN 400)
"TRINCHA TIGRE 696 MEDIA 1.1/2"" BCA. VERNIZ/STAIN";002499;;;6;UN;Ativo;96034090;NÃO TRIBUTADO (CSOSN 400)
AFFATON - AMARELO B1 (FR);002722;Coral;Utilidades;5;UN;Ativo;32041700;NÃO TRIBUTADO (CSOSN 400)
AFFATON - MARROM UMBRIA Z12 (FR);002725;Coral;Utilidades;5;UN;Ativo;32064990;NÃO TRIBUTADO (CSOSN 400)
AFFATON - PRETO R9 (FR);002718;Coral;Utilidades;5;UN;Ativo;32064990;NÃO TRIBUTADO (CSOSN 400)
ANJO DILUENTE P/ VERNIZES AMAZONIA 5 LTS;001592;;;5;UN;Ativo;27101230;TRIBUTADO (CSOSN 102)
ATLAS DISCO ABRASIVO FLAP 115MM G40 OX ALUMIN AT24/40;001461;;;5;UN;Ativo;68053090;TRIBUTADO (CSOSN 102)
ATLAS ESPATULA CABO MADEIRA ACO INOX 10CM 6155/16;001252;;;5;UN;Ativo;82055900;TRIBUTADO (CSOSN 102)
ATLAS FIBRA ABRASIVA MADEIRA 115X290MM AT95/20;001332;;;5;UN;Ativo;68053090;TRIBUTADO (CSOSN 102)
ATLAS MASCARA DE FELTRO PFF2 S/ VAL. AT2700;001465;;;5;UN;Ativo;63079010;TRIBUTADO (CSOSN 102)
BASE T - CORALIT AB ULTRA RES 800M 02.23.052;002698;;;5;QT;Ativo;32089010;NÃO TRIBUTADO (CSOSN 400)
CORAL RENOVA TETO BANHEIRO & COZINHA FO 3,6 GL;000561;Coral;TINTA ACRILICA;5;GL;Ativo;32091010;NÃO TRIBUTADO (CSOSN 400)
CORALIT SR BR BRANCO 3 L;002690;Coral;TINTA ESMALTE ;5;GL;Ativo;32081010;
"DISCO LIXA DIAMANTADO PARA POLIMENTO 4"" - GRAO 3000 THOMPSON";002745;THOMPSON;LIXAS;5;UN;Ativo;68042119;NÃO TRIBUTADO (CSOSN 400)
ESMALTE BRILHANTE SECA RAPIDO (BASE AGUA) / BRANCO;002695;;;5;GL;Ativo;32091010;
FERROX 1LT;000494;;;5;UN;Ativo;38101010;NÃO TRIBUTADO (CSOSN 400)
FUTURA  TINTA PISO VERDE 18LT;002757;FUTURA;TINTA ACRILICA;5;LA;Ativo;32091010;NÃO TRIBUTADO (CSOSN 400)
FUTURA ABSOLUTO PRM BRANCO 900 ML;001497;FUTURA;TINTA ACRILICA;5;QT;Ativo;32091010;NÃO TRIBUTADO (CSOSN 400)
FUTURA ACAO TEMPO EMBORRACHADA BRANCA 3,6;001366;FUTURA;TINTA ACRILICA;5;LA;Ativo;32091010;NÃO TRIBUTADO (CSOSN 400)
FUTURA ECOLOGICO ACET EPOXI BRANCO 3,6 lt;002643;FUTURA;TINTA ESMALTE ;5;GL;Ativo;32091020;TRIBUTADO (CSOSN 102)
FUTURA ECOLOGICO B.AGUA BRILHO VERDE FOLHA 3,6 LT;001847;FUTURA;TINTA ESMALTE ;5;GL;Ativo;32091020;NÃO TRIBUTADO (CSOSN 400)
FUTURA FUTURIT ESM SINT.BRILHO CINZA ESCURO;002655;FUTURA;TINTA ESMALTE ;5;QT;Ativo;32081010;
FUTURA FUTURIT ESM SINT.BRILHO TABACO 3,6 LT SOLVENTE;001505;FUTURA;TINTA ESMALTE ;5;GL;Ativo;32081010;NÃO TRIBUTADO (CSOSN 400)
FUTURA RESINA PROTETORA INCOLOR 3,6 LT;001539;FUTURA;Impermeabilização e Vedação;5;GL;Ativo;32091010;NÃO TRIBUTADO (CSOSN 400)
FUTURA SUPER RENDIMENTO STD BRANCO 18 LT;001203;FUTURA;TINTA ACRILICA;5;LA;Ativo;32091010;NÃO TRIBUTADO (CSOSN 400)
FUTURA SUPER RENDIMENTO STD BRANCO 900 ML;001496;FUTURA;TINTA ACRILICA;5;QT;Ativo;32091010;NÃO TRIBUTADO (CSOSN 400)
FUTURA TINTA PISO AMARELO 18 LT;001624;FUTURA;TINTA ACRILICA;5;LA;Ativo;32091010;NÃO TRIBUTADO (CSOSN 400)
FUTURA TINTA PISO AZUL 18 LT;001307;FUTURA;TINTA ACRILICA;5;LA;Ativo;32091010;NÃO TRIBUTADO (CSOSN 400)
FUTURA TINTA PISO CONCRETO PISO 3,6 LT;001365;FUTURA;TINTA ACRILICA;5;GL;Ativo;32091010;NÃO TRIBUTADO (CSOSN 400)
ITAQUA DILUENTE PU 5 L (NOVO);000657;;;5;UN;Ativo;32089010;TRIBUTADO (CSOSN 102)
ITAQUA THINNER 37 05 LTS;001317;;;5;UN;Ativo;38140090;TRIBUTADO (CSOSN 102)
JB TINTAS TEXTURA  PROJETADA INT/EXT 25 KG;002660;JB TINTAS;Efeitos Decorativos;5;LA;Ativo;32141020;TRIBUTADO (CSOSN 102)
JB TINTAS TEXTURA ARENATO INT/EXT 25KG;001199;JB TINTAS;Efeitos Decorativos;5;LA;Ativo;32141020;TRIBUTADO (CSOSN 102)
MAXI RUBBER BATIDA DE PEDRA BRANCO 900ML;000572;;;5;QT;Ativo;32091010;TRIBUTADO (CSOSN 102)
SALVABRAS SALVA RALO 15 MM;001393;;;5;UN;Ativo;48115129;TRIBUTADO (CSOSN 102)
SPRAY DSCOLOR LUMINOSO 400ML / AMARELO 50511;002469;;;5;UN;Ativo;32082011;NÃO TRIBUTADO (CSOSN 400)
SPRAY DSCOLOR LUMINOSO 400ML / VERDE 50514;002467;;;5;UN;Ativo;32082011;NÃO TRIBUTADO (CSOSN 400)
SUV ESM BRANCO ACT 3,6 LT AGUA;000381;;;5;GL;Ativo;32091010;NÃO TRIBUTADO (CSOSN 400)
SUV ESM BRANCO BRTE  3,6 LT SOLVENTE;000377;;;5;GL;Ativo;32081010;NÃO TRIBUTADO (CSOSN 400)
SUV ESM PRETO FOSCO 900 ML SOLVENTE;001225;;;5;QT;Ativo;32081010;NÃO TRIBUTADO (CSOSN 400)
TEK BOND SPRAY USO GERAL AZUL CLARO - 350ML;001887;;;5;UN;Ativo;32082019;NÃO TRIBUTADO (CSOSN 400)
TEK BOND SPRAY USO GERAL VERDE ESCURO - 350ML;001880;;;5;UN;Ativo;32082019;NÃO TRIBUTADO (CSOSN 400)
TIGRE DESEMPENADEIRA ACO INOX CAB ABER 12X25CM;002631;;;5;UN;Ativo;82055900;
TIGRE DESEMPENADEIRA PLAST 30X17CM;002731;TIGRE;Utilidades;5;UN;Ativo;39269090;NÃO TRIBUTADO (CSOSN 400)
TIGRE KIT 1522 REPARO 7 PECAS 18.50.597;002552;;;5;UN;Ativo;96034010;NÃO TRIBUTADO (CSOSN 400)
TIGRE KIT 1582 - 5 PECAS 18.50.507;002730;TIGRE;Utilidades;5;UN;Ativo;96034010;NÃO TRIBUTADO (CSOSN 400)
TIGRE ROLO DE ESPUMA 23CM 1342 S/C AMARE PC 18.50.560;002539;TIGRE;;5;UN;Ativo;96034010;
ADELBRAS FITA CREPE AUTO AMARELA 765 48MM X 40M 15.33.017;002752;Adelbras;LIXAS;4;UN;Ativo;48114110;NÃO TRIBUTADO (CSOSN 400)
ANJO MAIS ACR. PRE. BRANCO FOSCA 3,6 LT;001687;Anjo;TINTA ACRILICA;4;GL;Ativo;32091010;TRIBUTADO (CSOSN 102)
ANJO PINTA DECK NATURAL SEMIBRILHO 3,6 LTS;001616;;;4;GL;Ativo;32081020;TRIBUTADO (CSOSN 102)
ATLAS ABRE TRINCA 375;000161;;;4;UN;Ativo;82055900;NÃO TRIBUTADO (CSOSN 400)
ATLAS ESPATULA MULTIUSO METALICA AT195/1;001265;;;4;UN;Ativo;82055900;TRIBUTADO (CSOSN 102)
ATLAS ESPONJA ABRASIVA 120X95 MEDIA AT18/180;001822;;;4;UN;Ativo;68053090;TRIBUTADO (CSOSN 102)
ATLAS FITA TELADA REPAROS 50MMX45M;001362;;;4;UN;Ativo;70196900;TRIBUTADO (CSOSN 102)
ATLAS GARFO DUPLO PROFISSIONAL AT360/46;001345;;;4;UN;Ativo;76169900;TRIBUTADO (CSOSN 102)
ATLAS GOL PELE DE CARN 23CM 923/19;001471;;;4;UN;Ativo;96034010;TRIBUTADO (CSOSN 102)
ATLAS LUVA DE ALGODAO PIGMENTADA G AT1303G;001646;;;4;UN;Ativo;61161000;TRIBUTADO (CSOSN 102)
ATLAS OCULOS DE PROTECAO INCOLOR AT3300/1;001820;;;4;UN;Ativo;90049020;TRIBUTADO (CSOSN 102)
ATLAS PAD DE CANTOS C/ REFIL AT750/60;001648;;;4;UN;Ativo;96034090;TRIBUTADO (CSOSN 102)
ATLAS PINCEL ARTISTICO CHATO PELO SUINO 915/10;001656;;;4;UN;Ativo;96033000;TRIBUTADO (CSOSN 102)
ATLAS PINCEL ARTISTICO CHATO PELO SUINO 915/18;001657;;;4;UN;Ativo;96033000;TRIBUTADO (CSOSN 102)
ATLAS PINCEL ARTISTICO CHATO PELO SUINO 915/2;001654;;;4;UN;Ativo;96033000;TRIBUTADO (CSOSN 102)
ATLAS PINCEL ARTISTICO CHATO PELO SUINO 915/6;001652;;;4;UN;Ativo;96033000;TRIBUTADO (CSOSN 102)
ATLAS REFIL ESTILETE TRAPEZOIDAL AT1409;001863;;;4;UN;Ativo;82119390;TRIBUTADO (CSOSN 102)
ATLAS TRINCHA ANGULAR AT345 '2.1/2';001519;;;4;UN;Ativo;96034090;TRIBUTADO (CSOSN 102)
ATLAS TRINCHA PROFISSIONAL AT717/3 '1';001531;;;4;UN;Ativo;96034090;TRIBUTADO (CSOSN 102)
ATLAS TRINCHA 319 1;001450;;;4;UN;Ativo;96034090;TRIBUTADO (CSOSN 102)
BASE MF - CORALIT AB ULTRA RES 800M 02.23.050;002696;;;4;QT;Ativo;32089010;NÃO TRIBUTADO (CSOSN 400)
BASE P - CORALIT AB ULTRA RES 800M 02.23.045;002697;;;4;QT;Ativo;32089010;NÃO TRIBUTADO (CSOSN 400)
BASE P - DECORA MATTE EXTRA FOSCO 3.2L - CORAL;000525;Coral;TINTA ACRILICA;4;GL;Ativo;32091010;NÃO TRIBUTADO (CSOSN 400)
BASE T - CORALIT AB ULTRA RES 3.2L ;002609;Coral;TINTA ESMALTE ;4;GL;Ativo;32089010;NÃO TRIBUTADO (CSOSN 400)
BASE T - DECORA MATE FOSCO 800M 02.23.255;002700;Coral;TINTA ACRILICA;4;QT;Ativo;32091010;NÃO TRIBUTADO (CSOSN 400)
CIMENTO QUEIMADO CINZA CLARO;002647;;;4;GL;Ativo;32091010;
CIMENTO QUEIMADO CINZA MEDIO;002642;;;4;GL;Ativo;32091010;
CORAL RENDE MUITO BRANCO 0,9L;000620;Coral;TINTA ACRILICA;4;QT;Ativo;32091010;NÃO TRIBUTADO (CSOSN 400)
CORAL RENOVA FOSCO BRANCO 3.2L;000437;Coral;TINTA ACRILICA;4;GL;Ativo;32091010;NÃO TRIBUTADO (CSOSN 400)
ESMALTE COR E PROTECAO FOSCO (B.AGUA) GL / BRANCO;002694;;;4;GL;Ativo;32091010;
FERROX 500 ML;000493;;;4;UN;Ativo;38101010;NÃO TRIBUTADO (CSOSN 400)
FITA DUPLA FACE ADELBRAS ACRIL. 12X20M FIXA PRO;002495;;;4;UN;Ativo;35069190;NÃO TRIBUTADO (CSOSN 400)
FUTURA ABSOLUTO PRM AMARELO ALEGRIA 3,6L;002758;FUTURA;TINTA ACRILICA;4;GL;Ativo;32091010;NÃO TRIBUTADO (CSOSN 400)
FUTURA ABSOLUTO PRM PRETO 3,6 LT;002560;FUTURA;TINTA ACRILICA;4;GL;Ativo;32091010;
FUTURA ECOLOGICO B.AGUA ACETINADO PRETO 900 ML;001501;FUTURA;TINTA ESMALTE ;4;QT;Ativo;32091020;NÃO TRIBUTADO (CSOSN 400)
FUTURA ECOLOGICO B.AGUA BRILHO PLATINA GL 3,6 LT;001422;FUTURA;TINTA ESMALTE ;4;GL;Ativo;32091020;NÃO TRIBUTADO (CSOSN 400)
FUTURA ECOLOGICO B.AGUA BRILHO PLATINA 900 ML;001542;FUTURA;TINTA ESMALTE ;4;QT;Ativo;32091020;NÃO TRIBUTADO (CSOSN 400)
FUTURA ECOLOGICO B.AGUA BRILHO PRETO 900 ML;001499;FUTURA;TINTA ESMALTE ;4;QT;Ativo;32091020;NÃO TRIBUTADO (CSOSN 400)
FUTURA ECOLOGICO B.AGUA BRTE VERDE FOLHA 900 ML;001954;FUTURA;TINTA ESMALTE ;4;QT;Ativo;32091020;NÃO TRIBUTADO (CSOSN 400)
FUTURA FUNDO PREPARADOR P/PINTURA 3,6 LT;001305;FUTURA;Complementos e Preparação;4;GL;Ativo;32091010;NÃO TRIBUTADO (CSOSN 400)
FUTURA FUNDO PREPARADOR P/PINTURA 900 ML;002714;FUTURA;Complementos e Preparação;4;QT;Ativo;32091010;NÃO TRIBUTADO (CSOSN 400)
FUTURA FUTURIT ESM SINT.ACET. BRANCO 3,6 LT SOLVENTE;001418;FUTURA;TINTA ESMALTE ;4;GL;Ativo;32081010;NÃO TRIBUTADO (CSOSN 400)
FUTURA FUTURIT ESM SINT.BRILHO AZUL DEL REY;002708;FUTURA;TINTA ESMALTE ;4;GL;Ativo;32081010;NÃO TRIBUTADO (CSOSN 400)
FUTURA FUTURIT ESM SINT.BRILHO AZUL FRANCA 900 ML;001977;FUTURA;TINTA ESMALTE ;4;QT;Ativo;32081010;NÃO TRIBUTADO (CSOSN 400)
FUTURA FUTURIT ESM SINT.BRILHO GELO;002653;FUTURA;TINTA ESMALTE ;4;QT;Ativo;32081010;
FUTURA FUTURIT ESM SINT.BRILHO GELO 3,6 LT SOLVENTE;001619;FUTURA;TINTA ESMALTE ;4;GL;Ativo;32081010;NÃO TRIBUTADO (CSOSN 400)
FUTURA FUTURIT ESM SINT.BRILHO MARROM CONHAQUE 3,6 LT SOLV.;002526;FUTURA;TINTA ESMALTE ;4;GL;Ativo;32081010;
FUTURA FUTURIT ESM SINT.BRILHO TABACO 900 ML SOLVENTE;001507;FUTURA;TINTA ESMALTE ;4;QT;Ativo;32081010;NÃO TRIBUTADO (CSOSN 400)
FUTURA SUPER RENDIMENTO STD ERVA DOCE 3,6 LT;001947;FUTURA;TINTA ACRILICA;4;GL;Ativo;32091010;NÃO TRIBUTADO (CSOSN 400)
FUTURA SUPER RENDIMENTO STD PITANGA 3,6 LT;001949;FUTURA;TINTA ACRILICA;4;GL;Ativo;32091010;NÃO TRIBUTADO (CSOSN 400)
FUTURA SUPER RENDIMENTO STD TERRACOTA 3,6 LT;001945;FUTURA;TINTA ACRILICA;4;GL;Ativo;32091010;NÃO TRIBUTADO (CSOSN 400)
FUTURA SUPER RENDIMENTO STD VERDE MUSGO 3,6L;002755;FUTURA;TINTA ACRILICA;4;GL;Ativo;32091010;NÃO TRIBUTADO (CSOSN 400)
FUTURA TINTA PISO AZUL 3,6 LT;001538;FUTURA;TINTA ACRILICA;4;GL;Ativo;32091010;NÃO TRIBUTADO (CSOSN 400)
FUTURA TINTA PISO BRANCO 3,6 LT;001212;FUTURA;TINTA ACRILICA;4;GL;Ativo;32091010;NÃO TRIBUTADO (CSOSN 400)
FUTURA TINTA PISO MARROM 3,6 LT;001628;FUTURA;TINTA ACRILICA;4;GL;Ativo;32091010;NÃO TRIBUTADO (CSOSN 400)
FUTURA TINTA PISO VERDE;002701;FUTURA;TINTA ACRILICA;4;GL;Ativo;32091010;NÃO TRIBUTADO (CSOSN 400)
MAXI RUBBER REMOVEDOR PASTOSO 1 KG 16.59.040;002733;Maxi Rubber;Complementos e Preparação;4;UN;Ativo;38140090;TRIBUTADO (CSOSN 102)
MAXI RUBBER REMOVEDOR PASTOSO 500G 16.59.039;002732;Maxi Rubber;Complementos e Preparação;4;UN;Ativo;38140090;TRIBUTADO (CSOSN 102)
QUARTZOLIT ADIT PLASTIFICANTE P/ ARGAMASSAS 100ML;001940;;;4;UN;Ativo;32149000;NÃO TRIBUTADO (CSOSN 400)
SPRAY DSCOLOR ALTA TEMPERATURA 400ML / VERMELHO FOSCO 50510;002466;;;4;UN;Ativo;32082011;NÃO TRIBUTADO (CSOSN 400)
SPRAY DSCOLOR LUMINOSO 400ML / LARANJA 50512;002468;;;4;UN;Ativo;32082011;NÃO TRIBUTADO (CSOSN 400)
SPRAY DSCOLOR LUMINOSO 400ML / PINK 50513;002470;;;4;UN;Ativo;32082011;NÃO TRIBUTADO (CSOSN 400)
SPRAY DSCOLOR USO GERAL 400ML / CINZA CLARO 50552;002475;;;4;UN;Ativo;32082011;NÃO TRIBUTADO (CSOSN 400)
SPRAY DSCOLOR USO GERAL 400ML / PRETO FOSCO 50541;002483;DSCOLOR;;4;UN;Ativo;32082011;NÃO TRIBUTADO (CSOSN 400)
SUV CIMENTO QUEIMADO 5KG - TUNEL DE CONCRETO;000328;;;4;UN;Ativo;32141020;NÃO TRIBUTADO (CSOSN 400)
SUV FUNDO PREPARADOR BASE AGUA 18 LT;001220;;;4;LA;Ativo;32091020;NÃO TRIBUTADO (CSOSN 400)
TEK BOND SPRAY USO GERAL ROSA - 350ML;001882;;;4;UN;Ativo;32082019;NÃO TRIBUTADO (CSOSN 400)
TEK BOND SPRAY USO GERAL VERDE - 350ML;001881;;;4;UN;Ativo;32082019;NÃO TRIBUTADO (CSOSN 400)
TIGRE DESEMPENADEIRA ACO INOX CAB ABER 12X35CM;002632;;;4;UN;Ativo;82055900;NÃO TRIBUTADO (CSOSN 400)
TIGRE ROLO DE ESPUMA 23CM 1330 S/C BCO PC 18.50.555;002538;TIGRE;;4;UN;Ativo;96034010;
TINTAS SUPER CASA FUNDO PREPA. BARRICA 16 LTS;000004;;;4;UN;Ativo;32091010;NÃO TRIBUTADO (CSOSN 400)
XADREZ VERDE 50ML;001275;Sherwin Williams;Utilidades;4;QT;Ativo;32099019;NÃO TRIBUTADO (CSOSN 400)
AFFATON - AMARELO C2 (FR);002720;Coral;Utilidades;3;UN;Ativo;32041700;NÃO TRIBUTADO (CSOSN 400)
AFFATON - AMARELO OXIDO T11 (FR);002723;Coral;Utilidades;3;UN;Ativo;32064990;NÃO TRIBUTADO (CSOSN 400)
AFFATON - BRANCO S10 (FR);002717;Coral;Utilidades;3;UN;Ativo;32061990;NÃO TRIBUTADO (CSOSN 400)
AFFATON - MAGENTA O8 (FR);002719;Coral;Utilidades;3;UN;Ativo;32041700;NÃO TRIBUTADO (CSOSN 400)
AFFATON - VERDE M6 (FR);002724;Coral;Utilidades;3;UN;Ativo;32041700;NÃO TRIBUTADO (CSOSN 400)
AFFATON - VERMELHO INTENSO V (FR);002726;Coral;Utilidades;3;UN;Ativo;32041700;NÃO TRIBUTADO (CSOSN 400)
AFFATON - VERMELHO OXIDO H4 (FR);002721;Coral;Utilidades;3;UN;Ativo;32064990;NÃO TRIBUTADO (CSOSN 400)
ANJO VERNIZ DURA MAIS NAT. ACET. 900 ML;001594;;;3;QT;Ativo;32081020;TRIBUTADO (CSOSN 102)
ANJO VERNIZ MARITIMO PREMIUM NAT. ACET. 900 ML;001598;;;3;QT;Ativo;32081020;TRIBUTADO (CSOSN 102)
ANJO VERNIZ MARITIMO PREMIUM NAT. FOSCO 3,6 LTS;001602;;;3;GL;Ativo;32081020;TRIBUTADO (CSOSN 102)
ANJO VERNIZ MARITIMO PREMIUM NAT. FOSCO 900 ML;001597;;;3;QT;Ativo;32081020;TRIBUTADO (CSOSN 102)
ATLAS DESEMPE. ACO EFEITO DECORA. 254MM AT112;000181;;;3;UN;Ativo;96039000;NÃO TRIBUTADO (CSOSN 400)
ATLAS ESPATULA ACO INOX 20CM CABO MADEIRA AT6155/22;001453;;;3;UN;Ativo;82055900;TRIBUTADO (CSOSN 102)
ATLAS ESPATULA ANGULAR DE ACO INOX 3 REF: AT 6165/3;001643;;;3;UN;Ativo;82055900;TRIBUTADO (CSOSN 102)
ATLAS ESPATULA RETA. DRYWALL INOX '10' AT6455/10;001526;;;3;UN;Ativo;82055900;TRIBUTADO (CSOSN 102)
ATLAS ESPATULA RETA. DRYWALL INOX '12' AT6455/12;001638;;;3;UN;Ativo;82055900;TRIBUTADO (CSOSN 102)
ATLAS FITA TELADA REPAROS 100MMX20M;001361;;;3;UN;Ativo;70196900;TRIBUTADO (CSOSN 102)
ATLAS LUVA BANHADA EM PU EG AT1304EG;001833;;;3;UN;Ativo;61161000;TRIBUTADO (CSOSN 102)
ATLAS RASPADOR DE TINTA 6CM 275/6;001835;;;3;UN;Ativo;82055900;TRIBUTADO (CSOSN 102)
ATLAS RASPADOR P/ REJUNTE ATR193;001530;;;3;UN;Ativo;82055900;TRIBUTADO (CSOSN 102)
ATLAS REFIL DE LAMINA P/ ESTILETE 18MM AT175R;001533;;;3;UN;Ativo;82119390;TRIBUTADO (CSOSN 102)
ATLAS ROLO ANTIGOTA POLIAMIDA DUP 46CM;001344;;;3;UN;Ativo;96034010;TRIBUTADO (CSOSN 102)
ATLAS ROLO P/ MASSA NIVELOPRO 23CM AT1122/23;001349;;;3;UN;Ativo;96034010;TRIBUTADO (CSOSN 102)
ATLAS ROLO RENDEPLUS LA '19' 9CM AT327/9;000183;;;3;UN;Ativo;96034010;NÃO TRIBUTADO (CSOSN 400)
ATLAS TRINCHA ANGULAR AT345 1;001518;;;3;UN;Ativo;96034090;TRIBUTADO (CSOSN 102)
ATLAS TRINCHA PROFISSIONAL AT717/7 '3';001532;;;3;UN;Ativo;96034090;TRIBUTADO (CSOSN 102)
BANDEJA TINTA TIGRE PRO 46CM LARANJA REF.2307;002487;TIGRE;;3;UN;Ativo;39269090;
BASE MF - CORALIT TOTAL BR 3.2L 02.23.268;002763;Coral;TINTA ESMALTE ;3;UN;Ativo;32091010;TRIBUTADO (CSOSN 102)
BASE P - CORALIT TOTAL BR AGUA 3.2L ;002761;Coral;TINTA ACRILICA;3;UN;Ativo;32091010;TRIBUTADO (CSOSN 102)
BASE PM - RENDE MUITO 16L CORAL;002570;Coral;TINTA ACRILICA;3;LA;Ativo;32091010;
BASE T - CORALIT TOTAL BR AGUA 3.2L ;002762;Coral;TINTA ESMALTE ;3;UN;Ativo;32091010;TRIBUTADO (CSOSN 102)
BASE T - DECORA MATE FOSCO 3.2L 02.23.256;002699;Coral;TINTA ACRILICA;3;GL;Ativo;32091010;NÃO TRIBUTADO (CSOSN 400)
BASE T RENOVA EFEITO LOUSA AC 800ML;002760;Coral;TINTA ACRILICA;3;UN;Ativo;32091010;TRIBUTADO (CSOSN 102)
BASTON DESENGRIPANTE  300ML CHEMICOLOR;002579;;;3;UN;Ativo;38249941;
FUTURA  ABSOLUTO PRM AZUL OCEANO 3,6L;002756;FUTURA;TINTA ACRILICA;3;GL;Ativo;32091010;NÃO TRIBUTADO (CSOSN 400)
FUTURA  ABSTO PRM SILENCIO DE INVERNO 3,6;001918;FUTURA;TINTA ACRILICA;3;GL;Ativo;32091010;NÃO TRIBUTADO (CSOSN 400)
FUTURA ABSOLUTO PRM VERDE ANGRA 3,6L ;002676;FUTURA;TINTA ACRILICA;3;GL;Ativo;32091010;TRIBUTADO (CSOSN 102)
FUTURA CIMENTO QUEIMADO COR CINZA MEDIO;001679;FUTURA;Efeitos Decorativos;3;UN;Ativo;32091010;NÃO TRIBUTADO (CSOSN 400)
FUTURA ECOLOG B.AGUA ACETINADO BRANCO GL 3,6 LT;001425;FUTURA;TINTA ESMALTE ;3;GL;Ativo;32091020;NÃO TRIBUTADO (CSOSN 400)
FUTURA ECOLOGICO ACET EPOXI BRANCO 0,900 ML;002644;FUTURA;TINTA ESMALTE ;3;QT;Ativo;32091020;TRIBUTADO (CSOSN 102)
FUTURA ECOLOGICO B.AGUA BRILHO GELO 900 ML;001541;FUTURA;TINTA ESMALTE ;3;QT;Ativo;32091020;NÃO TRIBUTADO (CSOSN 400)
FUTURA ECOLOGICO B.AGUA BRILHO PRETO 3,6 LT;001423;FUTURA;TINTA ESMALTE ;3;GL;Ativo;32091020;NÃO TRIBUTADO (CSOSN 400)
FUTURA FUNDO CINZA ANTICORROSIVO 3,6 LT;001217;FUTURA;Complementos e Preparação;3;GL;Ativo;32081010;NÃO TRIBUTADO (CSOSN 400)
FUTURA FUTURIT ESM SINT.BRILHO CAMURCA 3,6 LT;001845;FUTURA;TINTA ESMALTE ;3;GL;Ativo;32081010;NÃO TRIBUTADO (CSOSN 400)
FUTURA FUTURIT ESM SINT.BRILHO MARROM 3,6 LT SOLV.;001622;FUTURA;TINTA ESMALTE ;3;GL;Ativo;32081010;NÃO TRIBUTADO (CSOSN 400)
FUTURA FUTURIT ESM SINT.BRILHO PLATINA 900ML;002654;FUTURA;TINTA ESMALTE ;3;QT;Ativo;32081010;
FUTURA FUTURIT ESM SINT.BRILHO VERDE FOLHA 3,6 LT;001846;FUTURA;TINTA ESMALTE ;3;GL;Ativo;32081010;NÃO TRIBUTADO (CSOSN 400)
FUTURA MASSA CORRIDA 5,6 GL;001216;FUTURA;Complementos e Preparação;3;GL;Ativo;32141020;TRIBUTADO (CSOSN 102)
FUTURA SELADOR ACRILICO 3,6 LT;001304;FUTURA;Complementos e Preparação;3;GL;Ativo;32091010;NÃO TRIBUTADO (CSOSN 400)
FUTURA SUPER RENDIMENTO STD ELEFANTE;002553;FUTURA;TINTA ACRILICA;3;GL;Ativo;32091010;
FUTURA TINTA PISO BRANCO 18 LT;001204;FUTURA;TINTA ACRILICA;3;LA;Ativo;32091010;NÃO TRIBUTADO (CSOSN 400)
FUTURA TINTA TELHA VERM OXIDO 3,6 LT;001629;FUTURA;TINTA ACRILICA;3;GL;Ativo;32091010;NÃO TRIBUTADO (CSOSN 400)
IMPERMEABILIZANTE PARA PAREDE BRANCO GL;002597;FUTURA;Impermeabilização e Vedação;3;GL;Ativo;32091010;
MASSA F-12 MOGNO 400GR;001192;;;3;QT;Ativo;32141020;NÃO TRIBUTADO (CSOSN 400)
MASTIFLEX PU.40 SELANTE POLIURETANO BRANCO - TUBO;001376;;;3;UN;Ativo;35069110;TRIBUTADO (CSOSN 102)
SPARLACK PINTOFF REMOVEDOR 1LT 02.13.005;002759;Sparlack CORAL;Complementos e Preparação;3;UN;Ativo;38140090;TRIBUTADO (CSOSN 102)
SPRAY DSCOLOR USO GERAL 400ML / CINZA ESCURO 50553;002474;;;3;UN;Ativo;32082011;NÃO TRIBUTADO (CSOSN 400)
SUV ESM BRANCO ACT 3,6 LT SOLVENTE;000405;;;3;GL;Ativo;32081010;NÃO TRIBUTADO (CSOSN 400)
SUV ESM BRANCO FOSCO 3,6 LT SOLVENTE;000408;;;3;GL;Ativo;32081010;NÃO TRIBUTADO (CSOSN 400)
SUV ESM PRETO BRTE 900 ML AGUA;001249;;;3;QT;Ativo;32091010;NÃO TRIBUTADO (CSOSN 400)
SUV FUNDO BRANCO FOSCO P/ MADEIRA 3,6 LT;000515;;;3;GL;Ativo;32091010;NÃO TRIBUTADO (CSOSN 400)
SUV GLASU PINTURA ESSENCIAL BRANCO 3,6L;001244;Suvinil;TINTA ACRILICA;3;GL;Ativo;32091010;NÃO TRIBUTADO (CSOSN 400)
TEK BOND SPRAY PRETO FOSCO - 350ML;001270;;;3;UN;Ativo;32082019;NÃO TRIBUTADO (CSOSN 400)
TIGRE DESEMPENADEIRA  ACO - LISA - 2117 C/CABO DE MADEIRA 18.50.028;002628;;;3;UN;Ativo;82055900;
TIGRE DESEMPENADEIRA  ACO INOX CAB FECH 12X45CM;002630;;;3;UN;Ativo;82055900;
TIGRE DESEMPENADEIRA ACO INOX CAB FECH 12X35CM;002633;;;3;UN;Ativo;82055900;NÃO TRIBUTADO (CSOSN 400)
TIGRE DESEMPENADEIRA INOX CANT EXT REF.2123-01;002634;;;3;UN;Ativo;82055900;
TIGRE DESEMPENADEIRA INOX CANT INT REF.2123-00;002635;;;3;UN;Ativo;82055900;
ANJO SPRAY USO GERAL AZUL CLARO 400 ML;002046;;;2;UN;Ativo;32089010;NÃO TRIBUTADO (CSOSN 400)
ANJO STAIN CASA INCOLOR ACET. 3,6 L;001613;;;2;GL;Ativo;32081020;TRIBUTADO (CSOSN 102)
ANJO STAIN CASA MOGNO ACET. 900 ML;001607;;;2;QT;Ativo;32081020;TRIBUTADO (CSOSN 102)
ANJO STAIN CASA NATURAL ACET. 3,6 L;001618;;;2;GL;Ativo;32081020;TRIBUTADO (CSOSN 102)
ANJO THINNER 2750 5 L;001755;;;2;UN;Ativo;38140090;TRIBUTADO (CSOSN 102)
ATLAS BALDE MULTIUSO PLAST PRETO 608P;001868;;;2;UN;Ativo;39249000;TRIBUTADO (CSOSN 102)
ATLAS BROXA RETANGULAR 18X8CM 800/2;000156;;;2;UN;Ativo;96034010;NÃO TRIBUTADO (CSOSN 400)
ATLAS DESEMPENADEIRA P/ TEXT DE PLAST 16X8CM 164;001263;;;2;UN;Ativo;39269090;NÃO TRIBUTADO (CSOSN 400)
ATLAS ESPATULA ACO CROMADO 15 CM AT6255/21;001452;;;2;UN;Ativo;82055900;TRIBUTADO (CSOSN 102)
ATLAS ESPATULA ACO CROMADO 3,5CM REF: 6255/6;001649;;;2;UN;Ativo;82055900;TRIBUTADO (CSOSN 102)
ATLAS ESPATULA INOX P/ DRYWALL C/ BIT '6' AT1417;001528;;;2;UN;Ativo;82055900;TRIBUTADO (CSOSN 102)
ATLAS ESPATULA RETA. DRYWALL INOX '8' AT6455/8;001527;;;2;UN;Ativo;82055900;TRIBUTADO (CSOSN 102)
ATLAS LUVA BANHADA EM PU M AT1304M;001927;;;2;UN;Ativo;61161000;TRIBUTADO (CSOSN 102)
ATLAS LUVA DE ALGODAO PIGMENTADA EG 1303EG;001645;;;2;UN;Ativo;61161000;TRIBUTADO (CSOSN 102)
ATLAS NIVEL METALICO C/ IMA 10 AT182/10;001871;;;2;UN;Ativo;90318099;TRIBUTADO (CSOSN 102)
ATLAS NIVEL METALICO C/ IMA 12 AT182/12;001872;;;2;UN;Ativo;90318099;TRIBUTADO (CSOSN 102)
ATLAS PISTOLA PROF. P/ CALAFETAR METALICA AT177/2;001353;;;2;UN;Ativo;82055900;TRIBUTADO (CSOSN 102)
ATLAS ROLO DE TEXTURA RUSTICA 5CM AT1155/5;001432;;;2;UN;Ativo;96034010;TRIBUTADO (CSOSN 102)
ATLAS SUPORTE P/ LIXA C/ ROSCA 10,5X21CM 100/3;001472;;;2;UN;Ativo;39269090;TRIBUTADO (CSOSN 102)
ATLAS TEXTURA RUSTICA 10CM AT155/10SR;001352;;;2;UN;Ativo;96034010;TRIBUTADO (CSOSN 102)
ATLAS TRINCHA 319  '2.1/2';001451;;;2;UN;Ativo;96034090;TRIBUTADO (CSOSN 102)
BASE MF - CORALIT AB ULTRA RES 3.2L ;002607;Coral;TINTA ACRILICA;2;GL;Ativo;32089010;
BASE P - DECORA SEDA AC 3.2L ;002512;Coral;TINTA ACRILICA;2;GL;Ativo;32091010;
BASE PM - RENDE MUITO 3.2L CORAL;002541;Coral;TINTA ACRILICA;2;GL;Ativo;32091010;NÃO TRIBUTADO (CSOSN 400)
BASE T  LOUSA 3,2 LT CORAL;002393;Coral;TINTA ACRILICA;2;GL;Ativo;12345678;NÃO TRIBUTADO (CSOSN 400)
BASTON ESPUMA EXPANSIVA  12X500ML/310G CHEMICOLOR;002580;;;2;UN;Ativo;35061090;NÃO TRIBUTADO (CSOSN 400)
DECORA SEDA BRANCO 3,6L CORAL;000526;Coral;TINTA ACRILICA;2;GL;Ativo;32091010;NÃO TRIBUTADO (CSOSN 400)
FUTURA ABSOLUTO PRM  ALGODAO EGIPCIO 3,6;001677;FUTURA;TINTA ACRILICA;2;GL;Ativo;32091010;NÃO TRIBUTADO (CSOSN 400)
FUTURA ABSOLUTO PRM  GELO 3,6;001676;FUTURA;TINTA ACRILICA;2;GL;Ativo;32091010;NÃO TRIBUTADO (CSOSN 400)
FUTURA ABSOLUTO PRM  PAPEL PICADO 3,6;001675;FUTURA;TINTA ACRILICA;2;GL;Ativo;32091010;NÃO TRIBUTADO (CSOSN 400)
FUTURA ABSOLUTO PRM VERDE SELVA 3,6;001984;FUTURA;TINTA ACRILICA;2;GL;Ativo;32091010;NÃO TRIBUTADO (CSOSN 400)
FUTURA ACAO DO TEMP EMBORRACHADA ELEFANT 18 LT;002462;FUTURA;TINTA ACRILICA;2;LA;Ativo;32091010;NÃO TRIBUTADO (CSOSN 400)
FUTURA ACAO TEMPO EMBORRACHADA BRANCA 18 LT;001371;FUTURA;TINTA ACRILICA;2;LA;Ativo;32091010;NÃO TRIBUTADO (CSOSN 400)
FUTURA CIMENTO QUEIMADO COR CINZA CLARO;001678;FUTURA;Efeitos Decorativos;2;UN;Ativo;32091010;NÃO TRIBUTADO (CSOSN 400)
FUTURA CIMENTO QUEIMADO COR CINZA ESCURO;001680;FUTURA;Efeitos Decorativos;2;UN;Ativo;32091010;NÃO TRIBUTADO (CSOSN 400)
FUTURA ECOLOG B.AGUA BRILHO AZUL DEL REY 3,6 LT;001424;FUTURA;TINTA ESMALTE ;2;GL;Ativo;32091020;NÃO TRIBUTADO (CSOSN 400)
FUTURA ECOLOGICO B.AGUA BRILHO GELO 3,6 LT;001545;FUTURA;TINTA ESMALTE ;2;GL;Ativo;32091020;NÃO TRIBUTADO (CSOSN 400)
FUTURA ECOLOGICO B.AGUA BRTE AZUL DEL REY 900 ML;001953;FUTURA;TINTA ESMALTE ;2;QT;Ativo;32091020;NÃO TRIBUTADO (CSOSN 400)
FUTURA FUTURIT ESM. SINT. FOSCO BRANCO 3,6 LT SOLVENTE;001417;FUTURA;TINTA ESMALTE ;2;GL;Ativo;32081010;NÃO TRIBUTADO (CSOSN 400)
FUTURA FUTURIT ESM SINT.BRILHO AMARELO SEGUR;002652;FUTURA;TINTA ESMALTE ;2;QT;Ativo;32081010;NÃO TRIBUTADO (CSOSN 400)
FUTURA FUTURIT ESM SINT.BRILHO AZUL FRANCA 3,6 LT;001976;FUTURA;TINTA ESMALTE ;2;GL;Ativo;32081010;NÃO TRIBUTADO (CSOSN 400)
FUTURA FUTURIT MAIS PREMIUM METALICO AM OURO 3,6L;002651;FUTURA;TINTA ESMALTE ;2;GL;Ativo;32081010;
FUTURA FUTURIT MAIS PREMIUM METALICO AM OURO 900ML;002658;FUTURA;TINTA ESMALTE ;2;QT;Ativo;32081010;
FUTURA SUPER RENDIMENTO STD CHOCOLATE;002557;FUTURA;TINTA ACRILICA;2;GL;Ativo;32091010;
FUTURA SUPER RENDIMENTO STD MARFIM;002554;FUTURA;TINTA ACRILICA;2;GL;Ativo;32091010;
FUTURA SUPER RENDIMENTO STD PALHA 3,6L;002556;FUTURA;TINTA ACRILICA;2;GL;Ativo;32091010;
FUTURA SUPER RENDIMENTO STD VERDE PRIMAV 3,6 LT;001946;FUTURA;TINTA ACRILICA;2;GL;Ativo;32091010;NÃO TRIBUTADO (CSOSN 400)
FUTURA TINTA GESSO BRANCA 18 LT;001372;FUTURA;TINTA ACRILICA;2;LA;Ativo;32091010;NÃO TRIBUTADO (CSOSN 400)
FUTURA TINTA PISO AMARELO 3,6 LT;001626;FUTURA;TINTA ACRILICA;2;GL;Ativo;32091010;TRIBUTADO (CSOSN 102)
FUTURA TINTA PISO CERAMICA 3,6 LT;001625;FUTURA;TINTA ACRILICA;2;GL;Ativo;32091010;NÃO TRIBUTADO (CSOSN 400)
FUTURA TINTA TELHA BRANCA 3,6 LT;001627;FUTURA;TINTA ACRILICA;2;GL;Ativo;32091010;NÃO TRIBUTADO (CSOSN 400)
FUTURA 4 ESTACOES PRM BRANCO;002716;FUTURA;TINTA ACRILICA;2;LA;Ativo;32091010;NÃO TRIBUTADO (CSOSN 400)
GLASU MASSA ACRILICA/SELADOR ACRILICO 3,6LT;002563;;;2;GL;Ativo;32141020;
IMPERMEABILIZANTE PARA PAREDE BRANCO BD;002606;FUTURA;Impermeabilização e Vedação;2;BD;Ativo;32091010;
ITAQUA QUEROSENE 5LT;001840;;;2;UN;Ativo;27101919;NÃO TRIBUTADO (CSOSN 400)
MASTIFLEX FIXA ESPELHO SELANTE POLIURETANO -TUBO;001312;;;2;UN;Ativo;35069110;TRIBUTADO (CSOSN 102)
MAXI RUBBER BATIDA DE PEDRA PRETO 3,6L;000571;;;2;GL;Ativo;32091010;TRIBUTADO (CSOSN 102)
MONTANA RESINA CER TELHA BR AGUA 3,6L;001321;;;2;UN;Ativo;32091010;TRIBUTADO (CSOSN 102)
PARAFUSADEIRA BATERIA 21V BOM-9961;002754;;Utilidades;2;UN;Ativo;;TRIBUTADO (CSOSN 102)
SALVABRAS SALVA BANCADA 0,60M X 25MT;001389;;;2;UN;Ativo;48115129;TRIBUTADO (CSOSN 102)
SALVABRAS SALVA VIDRO 0,60M X 25M;001390;;;2;UN;Ativo;48115129;TRIBUTADO (CSOSN 102)
SPRAY DSCOLOR USO GERAL 400ML / VERDE CLARO 50544;002473;;;2;UN;Ativo;32082011;NÃO TRIBUTADO (CSOSN 400)
SUV ESM PLATINA BRTE 3,6 ML SOLVENTE;001810;;;2;GL;Ativo;32081010;NÃO TRIBUTADO (CSOSN 400)
SUV ESM PRETO BRTE 3,6 LT SOLVENTE;000368;;;2;GL;Ativo;32081010;NÃO TRIBUTADO (CSOSN 400)
SUV FACHADA PROTEGIDA BRANCO NEVE -18L;001795;Suvinil;TINTA ACRILICA;2;LA;Ativo;32091010;NÃO TRIBUTADO (CSOSN 400)
SUV GLASU MUDA FACIL BRANCO 3,6L;001243;Suvinil;TINTA ACRILICA;2;GL;Ativo;32091010;NÃO TRIBUTADO (CSOSN 400)
SUV MASSA CORRIDA PVA - 1,4 KG;001235;;;2;QT;Ativo;32141020;TRIBUTADO (CSOSN 102)
SUV MASSA CORRIDA PVA GL - 5,7 KG;001197;;;2;GL;Ativo;32141020;TRIBUTADO (CSOSN 102)
TIGRE DESEMPENADEIRA  ACO INOX CAB FECH 12X25CM;002629;;;2;UN;Ativo;82055900;
VIAPOL MASSA F.12 IMBUIA 0,400KG;001547;;;2;UN;Ativo;32141020;TRIBUTADO (CSOSN 102)
XADREZ  AZUL  50ML ;001279;Sherwin Williams;Utilidades;2;QT;Ativo;32099019;NÃO TRIBUTADO (CSOSN 400)
ADELBRAS FITA CREPE AZUL 722 48 X 50 M;001566;;;1;UN;Ativo;48114110;TRIBUTADO (CSOSN 102)
ANJO AGUARRAS MINERAL 5 L;001761;;;1;UN;Ativo;27101230;TRIBUTADO (CSOSN 102)
ANJO MAIS ACR. PRE. BRANCO FOSCA 18 LT;001686;Anjo;TINTA ACRILICA;1;LA;Ativo;32091010;TRIBUTADO (CSOSN 102)
ANJO SPRAY USO GERAL AZUL ESCURO 400 ML;002047;;;1;UN;Ativo;32089010;NÃO TRIBUTADO (CSOSN 400)
ANJO STAIN CASA IMBUIA ACET. 900 ML;001606;;;1;QT;Ativo;32081020;TRIBUTADO (CSOSN 102)
ANJO STAIN CASA IPE ACET. 3,6L;001614;;;1;GL;Ativo;32081020;TRIBUTADO (CSOSN 102)
ANJO STAIN CASA MOGNO ACET. 3,6 LTS;001611;;;1;GL;Ativo;32081020;TRIBUTADO (CSOSN 102)
ATLAS BANDEJA P/ PINTURA PT 3,6 L 1534P;001870;;;1;UN;Ativo;39269090;NÃO TRIBUTADO (CSOSN 400)
ATLAS DESEMP METAL TRAPEZIO CHANF P/ EFEITOS  AT111;001170;;;1;UN;Ativo;82055900;TRIBUTADO (CSOSN 102)
ATLAS ESPATULA ACO CROMADO 12,5CM 6255/20;001327;;;1;UN;Ativo;82055900;TRIBUTADO (CSOSN 102)
ATLAS ESPATULA ACO CROMADO 6CM 6255/10;001324;;;1;UN;Ativo;82055900;TRIBUTADO (CSOSN 102)
ATLAS ESPATULA CABO MADEIRA ACO INOX 6 CM 6155/10;001914;;;1;UN;Ativo;82055900;TRIBUTADO (CSOSN 102)
ATLAS ESPATULA INOX 5 P/ DRYWALL C/ BIT '12'  AT1414;001529;;;1;UN;Ativo;82055900;TRIBUTADO (CSOSN 102)
ATLAS ESPATULA PLASTICA LISA 8CM 150/8;001469;;;1;UN;Ativo;39269090;NÃO TRIBUTADO (CSOSN 400)
ATLAS ESPUMA MULTIUSO DE POLIESTER 102;001817;;;1;UN;Ativo;39211390;TRIBUTADO (CSOSN 102)
ATLAS ESTILETE TRAPE CABO ALUMINIO AT1408;001862;;;1;UN;Ativo;82119390;TRIBUTADO (CSOSN 102)
ATLAS MISTURADOR 176/2 60CM;000125;;;1;UN;Ativo;82079000;NÃO TRIBUTADO (CSOSN 400)
ATLAS NIVEL METALICO C/ IMA 14 AT182/14;001873;;;1;UN;Ativo;90318099;TRIBUTADO (CSOSN 102)
ATLAS ROLO ANTIGOTA 23CM 321/10;001260;;;1;UN;Ativo;96034010;TRIBUTADO (CSOSN 102)
ATLAS ROLO BRASILEIRINHO 23CM AT2014;001258;;;1;UN;Ativo;96034010;TRIBUTADO (CSOSN 102)
ATLAS ROLO DE ESPUMA 5CM 406/5A;001255;;;1;UN;Ativo;96034010;TRIBUTADO (CSOSN 102)
ATLAS TACO PARA LIXA 100/1;000123;;;1;UN;Ativo;39269090;NÃO TRIBUTADO (CSOSN 400)
ATLAS TESOURA DE AVIACAO CORTE RETO '25' AT1404;001816;;;1;UN;Ativo;82033000;TRIBUTADO (CSOSN 102)
ATLAS TRINCHA 315  2;001442;;;1;UN;Ativo;96034090;TRIBUTADO (CSOSN 102)
ATLAS TRINCHA 315  '2.1/2';001443;;;1;UN;Ativo;96034090;TRIBUTADO (CSOSN 102)
ATLAS TRINCHA 315  '3/4';001439;;;1;UN;Ativo;96034090;TRIBUTADO (CSOSN 102)
ATLAS TRINCHA 319  '3';001339;;;1;UN;Ativo;96034090;TRIBUTADO (CSOSN 102)
ATLAS TRINCHA 395 3;001335;;;1;UN;Ativo;96034090;TRIBUTADO (CSOSN 102)
ATLAS TRINCHA 395 4;001523;;;1;UN;Ativo;96034090;TRIBUTADO (CSOSN 102)
BASE MF - DECORA DIAMANTE S/B 3.2L - CORAL;000430;Coral;TINTA ACRILICA;1;GL;Ativo;32091010;NÃO TRIBUTADO (CSOSN 400)
BASE MF - DECORA SEDA AC 3.2L - CORAL;000511;Coral;TINTA ACRILICA;1;GL;Ativo;32091010;NÃO TRIBUTADO (CSOSN 400)
BASE PM - RENDE MUITO 800ML CORAL;002542;Coral;TINTA ACRILICA;1;QT;Ativo;32091010;
BASE T - MASTER 3,2L;002573;Coral;TINTA ACRILICA;1;GL;Ativo;32089010;NÃO TRIBUTADO (CSOSN 400)
BATIDA DE PEDRA BRANCO 3,6L - MAXIRUBBER ( NOVO );001290;Maxi Rubber;Utilidades;1;GL;Ativo;32091010;NÃO TRIBUTADO (CSOSN 400)
BOMVINK ESMERILHADEIRA ANGULAR BOM-9545;002753;;LIXAS;1;UN;Ativo;;TRIBUTADO (CSOSN 102)
COLA SELA CALHA CINZA POTE 500GR;001038;;;1;UN;Ativo;35061090;TRIBUTADO (CSOSN 102)
CORAL GRAFITE ESCURO 3,6 LT;000772;;;1;GL;Ativo;32091010;TRIBUTADO (CSOSN 102)
CORAL SPARLACK EXTRA MARITIMO BR NAT. INCOLOR 0,225L;001874;;;1;QT;Ativo;32089029;NÃO TRIBUTADO (CSOSN 400)
CORALIT AREIA ULTRA RES ALT BRI 3,6 L CORAL;000896;;;1;GL;Ativo;32089010;NÃO TRIBUTADO (CSOSN 400)
CORALIT ESM ULTRA RESIST  BRANCO ALTO BRILHO 3,6L;001875;;;1;GL;Ativo;32089010;NÃO TRIBUTADO (CSOSN 400)
CORTEX ECON. BRANCO 3,6L;002707;FUTURA;TINTA ACRILICA;1;GL;Ativo;32091010;NÃO TRIBUTADO (CSOSN 400)
DECORA DIAMANTE BRANCO 3,6L;000554;Coral;TINTA ACRILICA;1;GL;Ativo;32091010;NÃO TRIBUTADO (CSOSN 400)
DECORA MATE BRANCO 3,6L;000555;Coral;TINTA ACRILICA;1;GL;Ativo;32091010;NÃO TRIBUTADO (CSOSN 400)
FUTURA ABSOLUTO PRM AZUL MEIA NOITE 3,6;001950;FUTURA;TINTA ACRILICA;1;GL;Ativo;32091010;NÃO TRIBUTADO (CSOSN 400)
FUTURA ABSOLUTO PRM BRANCO 3,6;001210;FUTURA;TINTA ACRILICA;1;GL;Ativo;32091010;NÃO TRIBUTADO (CSOSN 400)
FUTURA ABSOLUTO PRM CONCRETO 18 LT;002575;FUTURA;TINTA ACRILICA;1;LA;Ativo;32091010;
FUTURA FUTURIT MAIS PREMIUM FOSCO BRANCO;002576;FUTURA;TINTA ESMALTE ;1;GL;Ativo;32081010;
FUTURA RESINA PROTETORA INCOLOR 18 LT;001851;FUTURA;Impermeabilização e Vedação;1;LA;Ativo;32091010;NÃO TRIBUTADO (CSOSN 400)
FUTURA TINTA P/ TELHA COR CERAMICA 3,6 LT;001493;FUTURA;TINTA ACRILICA;1;GL;Ativo;32091010;NÃO TRIBUTADO (CSOSN 400)
FUTURA TINTA PISO PRETO 18 LT;001231;FUTURA;TINTA ACRILICA;1;LA;Ativo;32091010;NÃO TRIBUTADO (CSOSN 400)
FUTURA TINTA PISO SEMIBRILHO BRANCO 18L;002562;FUTURA;TINTA ACRILICA;1;LA;Ativo;32091010;
FUTURA TOQUE DE CETIM ACT BRANCO 3,6 LT;001537;FUTURA;TINTA ACRILICA;1;GL;Ativo;32091010;NÃO TRIBUTADO (CSOSN 400)
JB TINTAS  MASSA CORRIDA PVA 25KG;001288;;;1;LA;Ativo;32141020;TRIBUTADO (CSOSN 102)
JB TINTAS  TEXTURA LISA INT/EXT 25KG;001200;JB TINTAS;Efeitos Decorativos;1;LA;Ativo;32141020;TRIBUTADO (CSOSN 102)
JB TINTAS GRAFIATO TEXTURA RUSTICA 10 INTE/EXT 25KG;001201;JB TINTAS;Efeitos Decorativos;1;LA;Ativo;32141020;TRIBUTADO (CSOSN 102)
MASTIFLEX PU.40 SELANTE POLIURETANO PRETO - TUBO;001377;;;1;UN;Ativo;35069110;TRIBUTADO (CSOSN 102)
MAXI RUBBER BATIDA DE PEDRA PRETO 900ML;000573;;;1;QT;Ativo;32091010;TRIBUTADO (CSOSN 102)
MAXI RUBBER RESINA ADESIVO P/ LAMINACAO 990GR;000570;;;1;QT;Ativo;39079100;TRIBUTADO (CSOSN 102)
MONTANA STRIPTIZI REMOVEDOR GEL 4 KG;001380;;;1;UN;Ativo;38089299;TRIBUTADO (CSOSN 102)
RENOVA AZULEJOS BA AC BRANCO 3,60 02.10.109;002611;;;1;GL;Ativo;32091010;
SPARLACK SELADORA P/MAD.BASE AGUA 0,9L;000506;;;1;QT;Ativo;32091020;NÃO TRIBUTADO (CSOSN 400)
SUV ACRILICO TOQUE SEDA / BRANCO NEVE 18LT;002494;Suvinil;TINTA ACRILICA;1;LA;Ativo;32091010;
SUV ESM BRANCO ACT 900 ML SOLVENTE;000406;;;1;QT;Ativo;32081010;NÃO TRIBUTADO (CSOSN 400)
SUV ESM BRANCO BRTE 900 ML SOLVENTE;000378;;;1;QT;Ativo;32081010;NÃO TRIBUTADO (CSOSN 400)
SUV ESM BRTE MARFIM NOBRE 3,6 GL AGUA;001491;;;1;GL;Ativo;32091010;NÃO TRIBUTADO (CSOSN 400)
SUV ESM PRETO BRTE 3,6 LT AGUA;001291;;;1;GL;Ativo;32091010;NÃO TRIBUTADO (CSOSN 400)
SUV ESM PRETO BRTE 900 ML SOLVENTE;000394;;;1;QT;Ativo;32081010;NÃO TRIBUTADO (CSOSN 400)
SUV ESM TABACO BRTE 900 ML SOLVENTE;000392;;;1;QT;Ativo;32081010;NÃO TRIBUTADO (CSOSN 400)
SUV ESM VERMELHO BRTE 3,6 LT  SOLVENTE;001667;;;1;GL;Ativo;32081010;NÃO TRIBUTADO (CSOSN 400)
SUV FUNDO PARA GALVANIZADO BASE SOLVENTE 3,6 LT;000514;;;1;GL;Ativo;32091010;NÃO TRIBUTADO (CSOSN 400)
SUV MULTISSUPERFICIES EPOXI ACT BRANCO AGUA 900 ML;001548;Suvinil;TINTA ESMALTE ;1;QT;Ativo;32091010;NÃO TRIBUTADO (CSOSN 400)
SUV SELADORA P/ MADEIRA 3,6 LT;001478;;;1;GL;Ativo;32089039;NÃO TRIBUTADO (CSOSN 400)
SUV TOQUE FOSCO BRANCO 3,6L;001198;Suvinil;TINTA ACRILICA;1;GL;Ativo;12345678;TRIBUTADO (CSOSN 102)
SUV VERNIZ AC PROT MAX DECK NATURAL - 3,6L;001219;;;1;GL;Ativo;32091020;NÃO TRIBUTADO (CSOSN 400)
SUV VERNIZ BRTE TINGE E PROTEGE MOGNO 3,6 LT;001233;;;1;GL;Ativo;32081020;NÃO TRIBUTADO (CSOSN 400)
SUV VERNIZ NATURAL FOSCO B. SOLVENTE 3,6 LT;001588;;;1;GL;Ativo;32081020;NÃO TRIBUTADO (CSOSN 400)
TEK BOND SPRAY USO GERAL AZUL - 350ML;001886;;;1;UN;Ativo;32082019;NÃO TRIBUTADO (CSOSN 400)
TEK BOND SPRAY USO GERAL BEGE - 350ML;001889;;;1;UN;Ativo;32082019;NÃO TRIBUTADO (CSOSN 400)
TEK BOND SPRAY USO GERAL VERNIZ FOSCO - 350 ML;001489;;;1;UN;Ativo;32082020;NÃO TRIBUTADO (CSOSN 400)
TEKBOND FITA ANTIDERRAP 50X5M PT;001043;;;1;UN;Ativo;68053090;TRIBUTADO (CSOSN 102)
TIGRE ROLO LA 23CM 1380 S/C PC 18.50.518;002624;;;1;UN;Ativo;96034010;
TINTAS SUPER CASA MASSA ACRILICA 25KG;001928;;;1;LA;Ativo;32141020;TRIBUTADO (CSOSN 102)
"""TRINCHA TIGRE 695 2.1/2"""" GRIS LATEX/ACRILICA""";002492;TIGRE;;1;UN;Ativo;96034090;NÃO TRIBUTADO (CSOSN 400)
"""TRINCHA TIGRE 695 3"""" GRIS LATEX/ACRILICA""";002493;TIGRE;;1;UN;Ativo;96034090;
VERNIZ SPARLACK CETOL STAIN BALANCE AC  UV GLASS 0,9L - CORAL;000347;;;1;QT;Ativo;32091020;NÃO TRIBUTADO (CSOSN 400)
VIAPOL MASSA F.12 CASTANHO 0,400KG;000254;;;1;UN;Ativo;32141020;TRIBUTADO (CSOSN 102)
VIAPOL MASSA F.12 CUMARU 0,400KG;000256;;;1;UN;Ativo;32141020;TRIBUTADO (CSOSN 102)
VIAPOL MASSA F.12 IPE 0,400KG;000257;;;1;UN;Ativo;32141020;TRIBUTADO (CSOSN 102)
VIAPOL MASSA F.12 SUCUPIRA 0,400KG;000259;;Complementos e Preparação;1;UN;Ativo;32141020;TRIBUTADO (CSOSN 102)
ABRE TRINCA ATLAS;000299;ATLAS;Acessórios e Ferramentas;0;UN;Ativo;82055900;NÃO TRIBUTADO (CSOSN 400)
ADELBRAS FITA SILVER TAPE PRETA 48 X 10 M;001885;;;0;UN;Ativo;59061000;TRIBUTADO (CSOSN 102)
ANJO AGUARRAS MINERAL 900 ML;001760;;;0;UN;Ativo;27101230;TRIBUTADO (CSOSN 102)
ANJO DILUENTE P/ SELA MADEIRAS 5 LTS;001590;;;0;UN;Ativo;38140090;TRIBUTADO (CSOSN 102)
ANJO SPRAY METALICA ALUMINIO PARA RODAS 400 ML;002040;;;0;UN;Ativo;32089010;NÃO TRIBUTADO (CSOSN 400)
ANJO SPRAY USO GERAL AMARELO 400 ML;002045;;;0;UN;Ativo;32089010;NÃO TRIBUTADO (CSOSN 400)
ANJO SPRAY USO GERAL BRANCO BRTE 400 ML;002048;;;0;UN;Ativo;32089010;NÃO TRIBUTADO (CSOSN 400)
ANJO SPRAY USO GERAL BRANCO FSC 400 ML;002049;;;0;UN;Ativo;32089010;NÃO TRIBUTADO (CSOSN 400)
ANJO SPRAY USO GERAL CINZA CLARO 400 ML;002050;;;0;UN;Ativo;32089010;NÃO TRIBUTADO (CSOSN 400)
ANJO SPRAY USO GERAL CINZA ESCURO 400 ML;002051;;;0;UN;Ativo;32089010;NÃO TRIBUTADO (CSOSN 400)
ANJO SPRAY USO GERAL FUNDO BRANCO PRIMER 400 ML;002062;;;0;UN;Ativo;32089010;NÃO TRIBUTADO (CSOSN 400)
ANJO SPRAY USO GERAL FUNDO PREP. CINZA 400 ML;002052;;;0;UN;Ativo;32089010;NÃO TRIBUTADO (CSOSN 400)
ANJO SPRAY USO GERAL GRAFITE 400 ML;002053;;;0;UN;Ativo;32089010;NÃO TRIBUTADO (CSOSN 400)
ANJO SPRAY USO GERAL LARANJA 400 ML;002054;;;0;UN;Ativo;32089010;NÃO TRIBUTADO (CSOSN 400)
ANJO SPRAY USO GERAL MARROM 400 ML;002055;;;0;UN;Ativo;32089010;NÃO TRIBUTADO (CSOSN 400)
ANJO SPRAY USO GERAL PRETO BRILHANTE 400 ML;002071;;;0;UN;Ativo;32089010;NÃO TRIBUTADO (CSOSN 400)
ANJO SPRAY USO GERAL PRETO FSC 400 ML;002056;;;0;UN;Ativo;32089010;NÃO TRIBUTADO (CSOSN 400)
ANJO SPRAY USO GERAL PRETO SEMI BRILHO 400 ML;002057;;;0;UN;Ativo;32089010;NÃO TRIBUTADO (CSOSN 400)
ANJO SPRAY USO GERAL ROSA 400 ML;002058;;;0;UN;Ativo;32089010;NÃO TRIBUTADO (CSOSN 400)
ANJO SPRAY USO GERAL VERDE ESCURO 400 ML;002059;;;0;UN;Ativo;32089010;NÃO TRIBUTADO (CSOSN 400)
ANJO SPRAY USO GERAL VERMELHO BR 400 ML;002060;;;0;UN;Ativo;32089010;NÃO TRIBUTADO (CSOSN 400)
ANJO SPRAY USO GERAL VERMELHO FSC 400ML;002063;;;0;UN;Ativo;32089010;NÃO TRIBUTADO (CSOSN 400)
ANJO SPRAY USO GERAL VERNIZ 400 ML;002061;;;0;UN;Ativo;32089010;NÃO TRIBUTADO (CSOSN 400)
ANJO STAIN CASA IMBUIA ACET. 3,6 L;001615;;;0;GL;Ativo;32081020;TRIBUTADO (CSOSN 102)
ANJO STAIN CASA NOGUEIRA ACET. 3,6L;001612;;;0;GL;Ativo;32081020;TRIBUTADO (CSOSN 102)
ANJO THINNER PU CARBON BAIXA TEMPERATURA TH5002 900 ML;002069;;;0;UN;Ativo;38140090;TRIBUTADO (CSOSN 102)
ANJO THINNER PU 5000 5 L;001757;;;0;UN;Ativo;38140090;TRIBUTADO (CSOSN 102)
ANJO THINNER PU 5000 900 ML;001756;;;0;UN;Ativo;38140090;TRIBUTADO (CSOSN 102)
ANJO THINNER TH007 900ML;001752;;;0;UN;Ativo;38140090;TRIBUTADO (CSOSN 102)
ANJO THINNER 2750 18 LTS;001819;;;0;UN;Ativo;38140090;TRIBUTADO (CSOSN 102)
ANJO THINNER 2750 900 ML;001754;;;0;UN;Ativo;38140090;TRIBUTADO (CSOSN 102)
ANJO THINNER 2900 900 ML;001758;;;0;UN;Ativo;38140090;TRIBUTADO (CSOSN 102)
ANJO VERNIZ DURA MAIS NAT. ACET. 3,6 LTS;001596;;;0;GL;Ativo;32081020;TRIBUTADO (CSOSN 102)
ANJO VERNIZ DURA MAIS NAT. BRIL. 3,6 LTS;001595;;;0;GL;Ativo;32081020;TRIBUTADO (CSOSN 102)
ANJO VERNIZ DURA MAIS NAT. BRIL. 900 ML;001593;;;0;QT;Ativo;32081020;TRIBUTADO (CSOSN 102)
ANJO VERNIZ MARITIMO PREMIUM NAT. ACET. 3,6 LTS;001601;;;0;GL;Ativo;32081020;TRIBUTADO (CSOSN 102)
ANJO VERNIZ MARITIMO PREMIUM NAT. BRIL. 3,6 L;001603;;;0;GL;Ativo;32081020;TRIBUTADO (CSOSN 102)
ANJO VERNIZ MARITIMO PREMIUM NAT. BRIL. 900 ML;001599;;;0;QT;Ativo;32081020;TRIBUTADO (CSOSN 102)
APLICADOR DE SILICONE / PU;000832;;;0;UN;Ativo;82079000;NÃO TRIBUTADO (CSOSN 400)
APLICADOR DE SILICONE BRASF REFORC 7309;001035;;;0;UN;Ativo;82055900;TRIBUTADO (CSOSN 102)
APLICADOR DE SILICONE BRASF TUBULAR 7310;001036;;;0;UN;Ativo;82055900;TRIBUTADO (CSOSN 102)
ATLAS ABRACADEIRA PLAST PR 280X3,6MM PCT 100UN;001534;;;0;UN;Ativo;39269090;TRIBUTADO (CSOSN 102)
ATLAS ANTIGOTA KIT 6 PECAS AT1017;000175;;;0;UN;Ativo;96034090;NÃO TRIBUTADO (CSOSN 400)
ATLAS APLICADOR DE SILICONE 177;000124;;;0;UN;Ativo;82055900;NÃO TRIBUTADO (CSOSN 400)
ATLAS APLICADOR 4,5CM REF 152/1;000185;;;0;UN;Ativo;39269090;NÃO TRIBUTADO (CSOSN 400)
ATLAS BANDEJA P/ GARFO DUPLO PROFISSIONAL 4,3L REF: AT1492P;001456;;;0;UN;Ativo;39269090;NÃO TRIBUTADO (CSOSN 400)
ATLAS BANDEJA P/ PINTURA PVC 1,3L 1415;001455;;;0;UN;Ativo;39269090;NÃO TRIBUTADO (CSOSN 400)
ATLAS BANQUETA ESCADA 47,4X45X49,7CM PLAST CZ PR1041-1;001864;;;0;UN;Ativo;94018000;TRIBUTADO (CSOSN 102)
ATLAS BROXA RETANGULAR 15X5.6CM 800/1;000155;;;0;UN;Ativo;96034010;NÃO TRIBUTADO (CSOSN 400)
ATLAS CACAMBA DE PLA P/ MAO 2L REF:1420P;001834;;;0;UN;Ativo;39269090;NÃO TRIBUTADO (CSOSN 400)
ATLAS CACAMBA P/ PINTURA PRETA PVC 10L 610P;001454;;;0;UN;Ativo;39269090;NÃO TRIBUTADO (CSOSN 400)
ATLAS CACAMBA P/ PINTURA 12L REF: AT612P;001631;;;0;UN;Ativo;39269090;NÃO TRIBUTADO (CSOSN 400)
ATLAS CAIXA DE MASSA PLASTICA 18 L AT611;001869;;;0;UN;Ativo;39269090;NÃO TRIBUTADO (CSOSN 400)
ATLAS COLHER DE PEDREIRO 8;000159;;;0;UN;Ativo;82055900;NÃO TRIBUTADO (CSOSN 400)
ATLAS CONJ DE PINTURA ANTIGOTA 5PCS REF: 4321;001340;;;0;UN;Ativo;96034010;TRIBUTADO (CSOSN 102)
ATLAS CONJ DE PINTURA ANTIRESPINGO 3PCS 2003;001346;;;0;UN;Ativo;96034010;TRIBUTADO (CSOSN 102)
ATLAS CONJ DE PINTURA COMPLETO 7 PCS 1016;001931;;;0;UN;Ativo;96034010;TRIBUTADO (CSOSN 102)
ATLAS CONJ DE PINTURA 3PCS REF: AT 2001;001633;;;0;UN;Ativo;96034010;TRIBUTADO (CSOSN 102)
ATLAS CONJ DE PINTURA 5PCS REF: AT1002;001632;;;0;UN;Ativo;96034010;TRIBUTADO (CSOSN 102)
ATLAS DESEM. ACO LISA 143;000121;;;0;UN;Ativo;82055900;NÃO TRIBUTADO (CSOSN 400)
ATLAS DESEM. ACO T LISA C/ ABERTO 12X25CM REF133;001329;;;0;UN;Ativo;82055900;NÃO TRIBUTADO (CSOSN 400)
ATLAS DESEM. GR DE ACO P/MASSA AT248;000122;;;0;UN;Ativo;82055900;NÃO TRIBUTADO (CSOSN 400)
ATLAS DESEMP. ACO INOX P/ EFEITOS DECORA. CHANFRADA 25CM AT113;001348;;;0;UN;Ativo;82055900;TRIBUTADO (CSOSN 102)
ATLAS DESEMP. ACO T LISA C ABERTO 12X25CM AT148/1;001350;;;0;UN;Ativo;82055900;TRIBUTADO (CSOSN 102)
ATLAS DESEMP. ACO T LISA C FECHADO 12X25CM AT148/2;001328;;;0;UN;Ativo;82055900;TRIBUTADO (CSOSN 102)
ATLAS DESEMP INOX C.RED 12X35CM CABO FECH. AT836/1;001262;;;0;UN;Ativo;82055900;NÃO TRIBUTADO (CSOSN 400)
ATLAS DESEMP INOX C.RET. 12X30 CABO FECH RIG AT826/1;001261;;;0;UN;Ativo;82055900;NÃO TRIBUTADO (CSOSN 400)
ATLAS DESEMP INOX TRAPEZIO CHANF P/ EFEITOS AT110;001347;;;0;UN;Ativo;82055900;NÃO TRIBUTADO (CSOSN 400)
ATLAS DESEMP. P/ GRAFIATO 27X14CM 165;000120;;;0;UN;Ativo;39269090;NÃO TRIBUTADO (CSOSN 400)
ATLAS DESEMP. P/ TEXT DE PLAST 30X17CM 166;001264;;;0;UN;Ativo;39269090;NÃO TRIBUTADO (CSOSN 400)
ATLAS DESEMPENADEIRA C/ESPUMA PLASTICA;000176;;;0;UN;Ativo;39269090;NÃO TRIBUTADO (CSOSN 400)
ATLAS DISCO ABRASIVO FLAP 115MM G120 AT25/120;000200;;;0;UN;Ativo;68053090;TRIBUTADO (CSOSN 102)
ATLAS DISCO ABRASIVO FLAP 115MM G40 AT25/40;000203;;;0;UN;Ativo;68053090;TRIBUTADO (CSOSN 102)
ATLAS DISCO ABRASIVO FLAP 115MM G60 AT25/60;000202;;;0;UN;Ativo;68053090;TRIBUTADO (CSOSN 102)
ATLAS DISCO ABRASIVO FLAP 115MM G80 AT25/80;000201;;;0;UN;Ativo;68053090;TRIBUTADO (CSOSN 102)
ATLAS DISCO ABRASIVO FLAP 115MM G80 OX ALUMIN AT24/80;001463;;;0;UN;Ativo;68053090;TRIBUTADO (CSOSN 102)
ATLAS DISCO LIXA ABRASIVO 180 GRAO 180 AT19/180;001635;;;0;UN;Ativo;68052000;TRIBUTADO (CSOSN 102)
ATLAS DISCO LIXA ABRASIVO 180 GRAO 80 AT19/80;001637;;;0;UN;Ativo;68052000;TRIBUTADO (CSOSN 102)
ATLAS ESPATULA ACO CROMADO 10CM 6255/16;001326;;;0;UN;Ativo;82055900;TRIBUTADO (CSOSN 102)
ATLAS ESPATULA CABO MADEIRA ACO INOX 12,5CM 6155/20;001253;;;0;UN;Ativo;82055900;TRIBUTADO (CSOSN 102)
ATLAS ESPATULA DE ACO CABO PVC 10CM 175/10;000283;;;0;UN;Ativo;82055900;NÃO TRIBUTADO (CSOSN 400)
ATLAS ESPATULA DE ACO CABO PVC 12CM 175/12;000284;;;0;UN;Ativo;82055900;NÃO TRIBUTADO (CSOSN 400)
ATLAS ESPATULA DE ACO CABO PVC 4 CM 175/4;000280;;;0;UN;Ativo;82055900;NÃO TRIBUTADO (CSOSN 400)
ATLAS ESPATULA DE ACO CABO PVC 6CM 175/6;000281;;;0;UN;Ativo;82055900;NÃO TRIBUTADO (CSOSN 400)
ATLAS ESPATULA DE ACO CABO PVC 8CM 175/8;000282;;;0;UN;Ativo;82055900;NÃO TRIBUTADO (CSOSN 400)
ATLAS ESPATULA DE ACO REFORCADO 100CM AT6555/10;001639;;;0;UN;Ativo;82055900;TRIBUTADO (CSOSN 102)
ATLAS ESPATULA DE ACO REFORCADO 12CM AT6555/12;001640;;;0;UN;Ativo;82055900;TRIBUTADO (CSOSN 102)
ATLAS ESPATULA DE ACO REFORCADO 60CM AT6555/6;001642;;;0;UN;Ativo;82055900;TRIBUTADO (CSOSN 102)
ATLAS ESPATULA DE ACO REFORCADO 80CM 6555/8;001641;;;0;UN;Ativo;82055900;TRIBUTADO (CSOSN 102)
ATLAS ESPATULA DRYWALL 8 INOX;000178;;;0;UN;Ativo;82055900;NÃO TRIBUTADO (CSOSN 400)
ATLAS ESPATULA INOX ARREDONDADA 165 MM AT6655/6;000204;;;0;UN;Ativo;82055900;TRIBUTADO (CSOSN 102)
ATLAS ESPATULA PLASTICA AT152/1;000303;;;0;UN;Ativo;39269090;NÃO TRIBUTADO (CSOSN 400)
ATLAS ESPATULA PLASTICA LISA 10CM 150/10;001470;;;0;UN;Ativo;39269090;NÃO TRIBUTADO (CSOSN 400)
ATLAS ESPATULA PLASTICA 13,1X8,8 REF:152/2;000304;;;0;UN;Ativo;39269090;NÃO TRIBUTADO (CSOSN 400)
ATLAS ESPATULA PLASTICA 20X8,8 AT152/3;000305;;;0;UN;Ativo;39269090;NÃO TRIBUTADO (CSOSN 400)
ATLAS ESTILETE EMBORRACHADO PROF. AT175/3;000311;;;0;UN;Ativo;39269090;NÃO TRIBUTADO (CSOSN 400)
ATLAS EXTENSOR DE ACO 2M 1600;001437;;;0;UN;Ativo;73269090;TRIBUTADO (CSOSN 102)
ATLAS EXTENSOR DE ACO 3M 1700;001436;;;0;UN;Ativo;73269090;TRIBUTADO (CSOSN 102)
ATLAS EXTENSOR FIBRA PROFIMASTER 5M REF:18005;000129;;;0;UN;Ativo;70199000;NÃO TRIBUTADO (CSOSN 400)
ATLAS EXTENSOR FIBRA/ALUMINIIO 2,4M AT18024;001659;;;0;UN;Ativo;70199000;TRIBUTADO (CSOSN 102)
ATLAS EXTENSOR FIBRA/ALUMINIO 1,3M AT18013;001658;;;0;UN;Ativo;70199000;TRIBUTADO (CSOSN 102)
ATLAS EXTENSOR FIBRA/ALUMINIO 4M AT18004;001660;;;0;UN;Ativo;70199000;TRIBUTADO (CSOSN 102)
ATLAS EXTRA PELE DE CARNEIRO 23CM 322/22;001431;;;0;UN;Ativo;96034010;TRIBUTADO (CSOSN 102)
ATLAS FIBRA ABRASIVA ACABAMENTOS 115X290MM AT95/10;001333;;;0;UN;Ativo;68053090;TRIBUTADO (CSOSN 102)
ATLAS FIBRA ABRASIVA FERRUGEM 115X290M AT95/30;001331;;;0;UN;Ativo;68053090;TRIBUTADO (CSOSN 102)
ATLAS FIBRA ABRASIVA POS-OBRA 115X290MM AT95/40;001330;;;0;UN;Ativo;68053090;TRIBUTADO (CSOSN 102)
ATLAS FITA ANTIDERRAPANTE PRETA;000166;;;0;UN;Ativo;68053090;NÃO TRIBUTADO (CSOSN 400)
ATLAS FITA ANTIDERRAPANTE TRANSPARENTE;000167;;;0;UN;Ativo;68053090;NÃO TRIBUTADO (CSOSN 400)
ATLAS FITA SINALIZACAO;000168;;;0;UN;Ativo;39201010;NÃO TRIBUTADO (CSOSN 400)
ATLAS FITA SINALIZACAO PLASTICA 65MMX150M;000222;;;0;UN;Ativo;39201010;NÃO TRIBUTADO (CSOSN 400)
ATLAS FITA TELADA PARA DRYWALL 45M;000190;;;0;UN;Ativo;70195100;NÃO TRIBUTADO (CSOSN 400)
ATLAS FITA VEDA ROSCA 12MMX10M;000179;;;0;UN;Ativo;39209990;NÃO TRIBUTADO (CSOSN 400)
ATLAS GARFO BUCHA S/ROSCA ACO 330/23SR;001429;;;0;UN;Ativo;73269090;TRIBUTADO (CSOSN 102)
ATLAS GARFO COMFORT GAIOLA ACO 400/23;001865;;;0;UN;Ativo;73269090;TRIBUTADO (CSOSN 102)
ATLAS GARFO GAIOLA 5 ARAMES 23CM AT550/23R;000285;;;0;UN;Ativo;73269090;TRIBUTADO (CSOSN 102)
ATLAS KIT 3 PECAS REF:1001;000163;;;0;UN;Ativo;96034010;NÃO TRIBUTADO (CSOSN 400)
ATLAS KIT 3 PECAS RENDEPLUS 2004;000273;;;0;UN;Ativo;96034010;NÃO TRIBUTADO (CSOSN 400)
ATLAS KIT 5 PECAS LACARNEIRO 1002;000272;;;0;UN;Ativo;96034010;NÃO TRIBUTADO (CSOSN 400)
ATLAS KIT 5 PECAS REF:AT1002;000162;;;0;UN;Ativo;96034090;NÃO TRIBUTADO (CSOSN 400)
ATLAS LIXA DISCO ABRASIVO DE PAPEL 180 GRAO 120;001815;;;0;UN;Ativo;68052000;TRIBUTADO (CSOSN 102)
ATLAS LIXA DISCO ABRASIVO 225MM GRAO '120';001515;;;0;UN;Ativo;68052000;TRIBUTADO (CSOSN 102)
ATLAS LIXA DISCO ABRASIVO 225MM GRAO '150';001516;;;0;UN;Ativo;68052000;TRIBUTADO (CSOSN 102)
ATLAS LIXA DISCO ABRASIVO 225MM GRAO '180';001514;;;0;UN;Ativo;68052000;TRIBUTADO (CSOSN 102)
ATLAS LIXA DISCO ABRASIVO 225MM GRAO '220';001513;;;0;UN;Ativo;68052000;TRIBUTADO (CSOSN 102)
ATLAS LIXA DISCO ABRASIVO 225MM GRAO 80 ( UNIDADE );001552;;;0;UN;Ativo;68052000;TRIBUTADO (CSOSN 102)
ATLAS LIXA DISCO ABRASIVO 225MM GRAO '80' 5PCS;001517;;;0;UN;Ativo;68052000;TRIBUTADO (CSOSN 102)
ATLAS LIXA TELADA DISCO 150 GRAO 150 AT13/150;000089;;;0;UN;Ativo;68051000;TRIBUTADO (CSOSN 102)
ATLAS LIXA TELADA DISCO 150 GRAO 180 AT13/180;000090;;;0;UN;Ativo;68051000;TRIBUTADO (CSOSN 102)
ATLAS LIXA TELADA DISCO 150 GRAO 220 AT13/220;000091;;;0;UN;Ativo;68051000;TRIBUTADO (CSOSN 102)
ATLAS LIXA TELADA DISCO 150 GRAO 240 AT13/240;000092;;;0;UN;Ativo;68051000;TRIBUTADO (CSOSN 102)
ATLAS LIXA TELADA DISCO 150 GRAO 320 AT13/320;000093;;;0;UN;Ativo;68051000;TRIBUTADO (CSOSN 102)
ATLAS LIXA TELADA DISCO 150 GRAO 400 AT13/400;000094;;;0;UN;Ativo;68051000;TRIBUTADO (CSOSN 102)
ATLAS LIXA TELADA DISCO 150 GRAO 500 AT13/500;000095;;;0;UN;Ativo;68051000;TRIBUTADO (CSOSN 102)
ATLAS LIXA TELADA DISCO 150 GRAO 80 AT13/80;000194;;;0;UN;Ativo;68051000;TRIBUTADO (CSOSN 102)
ATLAS LIXA TELADA DISCO 150 GRAO 800 AT13/800;000097;;;0;UN;Ativo;68051000;TRIBUTADO (CSOSN 102)
ATLAS LIXA TELADA DISCO 180 GRAO 120 AT21/120;000192;;;0;UN;Ativo;68051000;TRIBUTADO (CSOSN 102)
ATLAS LIXA TELADA DISCO 180 GRAO 150 AT21/150;000085;;;0;UN;Ativo;68051000;TRIBUTADO (CSOSN 102)
ATLAS LIXA TELADA DISCO 180 GRAO 180 AT21/180;000086;;;0;UN;Ativo;68051000;TRIBUTADO (CSOSN 102)
ATLAS LIXA TELADA DISCO 180 GRAO 220 AT21/220;000087;;;0;UN;Ativo;68051000;TRIBUTADO (CSOSN 102)
ATLAS LIXA TELADA DISCO 180 GRAO 240 AT21/240;000193;;;0;UN;Ativo;68052000;TRIBUTADO (CSOSN 102)
ATLAS LIXA TELADA DISCO 180 GRAO 320 AT21/320;000088;;;0;UN;Ativo;68052000;TRIBUTADO (CSOSN 102)
ATLAS LIXA TELADA DISCO 180 GRAO 80 AT21/80;000002;;;0;UN;Ativo;68051000;TRIBUTADO (CSOSN 102)
ATLAS LIXA TELADA DISCO 225 GRAO 120 AT14/120;000079;;;0;UN;Ativo;68051000;TRIBUTADO (CSOSN 102)
ATLAS LIXA TELADA DISCO 225 GRAO 150 AT14/150;000080;;;0;UN;Ativo;68051000;TRIBUTADO (CSOSN 102)
ATLAS LIXA TELADA DISCO 225 GRAO 180 AT14/180;000081;;;0;UN;Ativo;68051000;TRIBUTADO (CSOSN 102)
ATLAS LIXA TELADA DISCO 225 GRAO 220 AT14/220;000082;;;0;UN;Ativo;68051000;TRIBUTADO (CSOSN 102)
ATLAS LIXA TELADA DISCO 225 GRAO 240 AT14/240;000083;;;0;UN;Ativo;68051000;TRIBUTADO (CSOSN 102)
ATLAS LIXA TELADA DISCO 225 GRAO 320 AT14/320;000084;;;0;UN;Ativo;68051000;TRIBUTADO (CSOSN 102)
ATLAS LIXA TELADA DISCO 225 GRAO 80 AT14/80;000078;;;0;UN;Ativo;68051000;TRIBUTADO (CSOSN 102)
ATLAS LUVA BANHADA EM PU G AT1304G;001644;;;0;UN;Ativo;61161000;TRIBUTADO (CSOSN 102)
ATLAS MISTURADOR MANUAL AT176/3;000310;;;0;UN;Ativo;82079000;NÃO TRIBUTADO (CSOSN 400)
ATLAS MISTURADOR 176/1 40CM;001430;;;0;UN;Ativo;82079000;TRIBUTADO (CSOSN 102)
ATLAS NIVELOPRO 25CM AT933/25;000276;;;0;UN;Ativo;82055900;TRIBUTADO (CSOSN 102)
ATLAS NIVELOPRO 40CM AT933/40;000277;;;0;UN;Ativo;82055900;TRIBUTADO (CSOSN 102)
ATLAS NIVELOPRO 60CM AT633;000309;;;0;UN;Ativo;82055900;NÃO TRIBUTADO (CSOSN 400)
ATLAS NIVELOPRO 60CM AT933/60;000278;;;0;UN;Ativo;82055900;TRIBUTADO (CSOSN 102)
ATLAS NIVELOPRO 80CM AT933/80;000279;;;0;UN;Ativo;82055900;TRIBUTADO (CSOSN 102)
ATLAS OCULOS DE PROTECAO CINZA AT3300/2;001821;;;0;UN;Ativo;90049020;TRIBUTADO (CSOSN 102)
ATLAS PAD C/ CABO AJUSTAVEL  AT750/80;001434;;;0;UN;Ativo;96034090;TRIBUTADO (CSOSN 102)
ATLAS PAD PARA RECORTE PINTURA 750/70;000187;;;0;UN;Ativo;96034090;NÃO TRIBUTADO (CSOSN 400)
ATLAS PALHA DE ACO N '2' AT90/70;001460;;;0;UN;Ativo;73231000;NÃO TRIBUTADO (CSOSN 400)
ATLAS PROTETOR AUDITIVO PLASTICO REF: AT3100;001468;;;0;UN;Ativo;39269040;TRIBUTADO (CSOSN 102)
ATLAS RASPADOR 6CM;000165;;;0;UN;Ativo;82055900;NÃO TRIBUTADO (CSOSN 400)
ATLAS REFIL DE BUCHA PLAST P/ GARFO DUPLO PRO REF: AT3646;001435;;;0;UN;Ativo;39269090;TRIBUTADO (CSOSN 102)
ATLAS REFIL PARA PAD RECORTE PINTURA 750/35;000188;;;0;UN;Ativo;96034090;NÃO TRIBUTADO (CSOSN 400)
ATLAS RODO MEDIO;000180;;;0;UN;Ativo;96039000;NÃO TRIBUTADO (CSOSN 400)
ATLAS ROLO ANTIGOTA 5CM  LA 10MM AT321/5;000270;;;0;UN;Ativo;96034010;NÃO TRIBUTADO (CSOSN 400)
ATLAS ROLO ANTIGOTA 9CM 321/9;000265;;;0;UN;Ativo;96034010;NÃO TRIBUTADO (CSOSN 400)
ATLAS ROLO ANTI-GOTA 9CMM REF: 321/9;000141;;;0;UN;Ativo;96034010;NÃO TRIBUTADO (CSOSN 400)
ATLAS ROLO ANTIRESP LA SINT 15CM AT773/15;001343;;;0;UN;Ativo;96034010;TRIBUTADO (CSOSN 102)
ATLAS ROLO ANTIRESP LA SINT. 23CM 773/10;001837;;;0;UN;Ativo;96034010;TRIBUTADO (CSOSN 102)
ATLAS ROLO ANTIRESP LA SINT 5CM AT773/5;001341;;;0;UN;Ativo;96034010;TRIBUTADO (CSOSN 102)
ATLAS ROLO ANTIRESP LA SINT 9CM AT773/9;001342;;;0;UN;Ativo;96034010;TRIBUTADO (CSOSN 102)
ATLAS ROLO DE ESPUMA CINZA 68MM  23CM 406/23;000212;;;0;UN;Ativo;96034010;TRIBUTADO (CSOSN 102)
ATLAS ROLO DE ESPUMA 9CM 406/9A;001256;;;0;UN;Ativo;96034010;TRIBUTADO (CSOSN 102)
ATLAS ROLO DE LA NATURAL 15CM 328/15;001934;;;0;UN;Ativo;96034010;TRIBUTADO (CSOSN 102)
ATLAS ROLO DE LA NATURAL 9CM 328/9;001932;;;0;UN;Ativo;96034010;TRIBUTADO (CSOSN 102)
ATLAS ROLO DE TEXTURA RUSTICA E CHAPISCO 23CM AT110/85;001841;;;0;UN;Ativo;96034010;TRIBUTADO (CSOSN 102)
ATLAS ROLO ESPUMA 23CM 406/23A;000133;;;0;UN;Ativo;96034010;NÃO TRIBUTADO (CSOSN 400)
ATLAS ROLO INDUSTRIAL 23CM 326/5;000143;;;0;UN;Ativo;96034010;NÃO TRIBUTADO (CSOSN 400)
ATLAS ROLO LA CARNEIRO + POLIESTER  23CM 228/22;001823;;;0;UN;Ativo;96034010;TRIBUTADO (CSOSN 102)
ATLAS ROLO MAXILA NATURAL 23CM AT328/25;001254;;;0;UN;Ativo;96034010;TRIBUTADO (CSOSN 102)
ATLAS ROLO RENDEPLUS DUPLO LA '19' 46CM AT927/19;000198;;;0;UN;Ativo;96034010;TRIBUTADO (CSOSN 102)
ATLAS ROLO RENDEPLUS LA '10' 23CM 327/23 MF;001924;;;0;UN;Ativo;96034010;TRIBUTADO (CSOSN 102)
ATLAS ROLO RENDEPLUS LA '19'  23CM 327/19;000263;;;0;UN;Ativo;96034010;NÃO TRIBUTADO (CSOSN 400)
ATLAS ROLO RENDEPLUS LA '19' 15CM 327/15;000182;;;0;UN;Ativo;96034010;NÃO TRIBUTADO (CSOSN 400)
ATLAS ROLO RENDEPLUS LA '19' 5CM AT327/5;001661;;;0;UN;Ativo;96034010;TRIBUTADO (CSOSN 102)
ATLAS ROLO RESIMAX  9 CM 339/9A;001838;;;0;UN;Ativo;96034010;TRIBUTADO (CSOSN 102)
ATLAS ROLO RESIMAX 5CM 339/55A;000169;;;0;UN;Ativo;96034090;NÃO TRIBUTADO (CSOSN 400)
ATLAS ROLO TEXTURA EX. RUST DE ESPUMA 23CM 110/55;001836;;;0;UN;Ativo;96034010;TRIBUTADO (CSOSN 102)
ATLAS ROLO TEXTURA FINA 23CM 110/75;000148;;;0;UN;Ativo;96034010;NÃO TRIBUTADO (CSOSN 400)
ATLAS ROLO TEXTURA MEDIA 23CM 110/65;000147;;;0;UN;Ativo;96034010;NÃO TRIBUTADO (CSOSN 400)
ATLAS ROLO TEXTURA 37CM AT91155;000199;;;0;UN;Ativo;96034010;TRIBUTADO (CSOSN 102)
ATLAS ROLO 10CM CABELO DE ANJO C/SUPORTE;000160;;;0;UN;Ativo;96034010;NÃO TRIBUTADO (CSOSN 400)
ATLAS ROLO 10CM C/SUPORTE DEMARCACAO;000164;;;0;UN;Ativo;96034010;NÃO TRIBUTADO (CSOSN 400)
ATLAS ROLO 15CM LA CARNEIRO CONJ AT328/15SR;000189;;;0;UN;Ativo;96034010;NÃO TRIBUTADO (CSOSN 400)
ATLAS ROLO 15CM LACARNEIRO REF:328/15;000139;;;0;UN;Ativo;96034010;NÃO TRIBUTADO (CSOSN 400)
ATLAS ROLO 15CM REF: 407/15 ANTI MARCAS;000170;;;0;UN;Ativo;96034010;NÃO TRIBUTADO (CSOSN 400)
ATLAS ROLO 15CM VELUDO 329/15;000158;;;0;UN;Ativo;96034010;NÃO TRIBUTADO (CSOSN 400)
ATLAS ROLO 23CM EXTRA PROFIMAX AT322/46;000184;;;0;UN;Ativo;96034010;NÃO TRIBUTADO (CSOSN 400)
ATLAS ROLO 23CM INDUSTRIAL 326/5;000264;;;0;UN;Ativo;96034010;NÃO TRIBUTADO (CSOSN 400)
ATLAS ROLO 23CM LA CARNEIRO 228/22;000140;;;0;UN;Ativo;96034010;NÃO TRIBUTADO (CSOSN 400)
ATLAS ROLO 23CM LACARNEIRO REF:328/22;000137;;;0;UN;Ativo;96034010;NÃO TRIBUTADO (CSOSN 400)
ATLAS ROLO 23CM LACARNEIRO 1000/22;000135;;;0;UN;Ativo;96034010;NÃO TRIBUTADO (CSOSN 400)
ATLAS ROLO 23CM LACARNEIRO 328/22;000261;;;0;UN;Ativo;96034010;NÃO TRIBUTADO (CSOSN 400)
ATLAS ROLO 23CM LACARNEIRO 328/25;000136;;;0;UN;Ativo;96034010;NÃO TRIBUTADO (CSOSN 400)
ATLAS ROLO 23CM PELECARNEIRO REF:1000;000171;;;0;UN;Ativo;96034010;NÃO TRIBUTADO (CSOSN 400)
ATLAS ROLO 23CM PELECARNEIRO 322/22;000260;;;0;UN;Ativo;96034010;NÃO TRIBUTADO (CSOSN 400)
ATLAS ROLO 23CM RESIMAX 339/5;000262;;;0;UN;Ativo;96034010;NÃO TRIBUTADO (CSOSN 400)
ATLAS ROLO 23CM TEXTURA ACABAMENTO 1107;000150;;;0;UN;Ativo;96034010;NÃO TRIBUTADO (CSOSN 400)
ATLAS ROLO 23CM TEXTURA ACABAMENTO 1110;000151;;;0;UN;Ativo;96034010;NÃO TRIBUTADO (CSOSN 400)
ATLAS ROLO 23CM TEXTURA ACABAMENTO 1163;000152;;;0;UN;Ativo;96034010;NÃO TRIBUTADO (CSOSN 400)
ATLAS ROLO 23CM TEXTURA ACABAMENTO 1166;000153;;;0;UN;Ativo;96034010;NÃO TRIBUTADO (CSOSN 400)
ATLAS ROLO 23CM TEXTURA ACABAMENTO 1170;000154;;;0;UN;Ativo;96034010;NÃO TRIBUTADO (CSOSN 400)
ATLAS ROLO 23CM VELUDO 329/5;000157;;;0;UN;Ativo;96034010;NÃO TRIBUTADO (CSOSN 400)
ATLAS ROLO 5CM CABELO ANJO 1155/5;000191;;;0;UN;Ativo;96034010;NÃO TRIBUTADO (CSOSN 400)
ATLAS ROLO 5CM LA SINT. 705/5;000271;;;0;UN;Ativo;96034010;NÃO TRIBUTADO (CSOSN 400)
ATLAS ROLO 5CM LACARNEIRO REF:AT328/5;000172;;;0;UN;Ativo;96034010;NÃO TRIBUTADO (CSOSN 400)
ATLAS ROLO 5CM LACARNEIRO 328/5;000268;;;0;UN;Ativo;96034010;NÃO TRIBUTADO (CSOSN 400)
ATLAS ROLO 5CM RESIMAX 339/55;000269;;;0;UN;Ativo;96034010;NÃO TRIBUTADO (CSOSN 400)
ATLAS ROLO 5CM VELUDO 329/55;000144;;;0;UN;Ativo;96034010;NÃO TRIBUTADO (CSOSN 400)
ATLAS ROLO 9CM ANTIMARCAS REF:AT407/9;000134;;;0;UN;Ativo;96034010;NÃO TRIBUTADO (CSOSN 400)
ATLAS ROLO 9CM LACARNEIRO 328/9;000138;;;0;UN;Ativo;96034010;NÃO TRIBUTADO (CSOSN 400)
ATLAS ROLO 9CM RESIMAX 339/9;000266;;;0;UN;Ativo;96034010;NÃO TRIBUTADO (CSOSN 400)
ATLAS ROLO 9CM ROLA FACIL 709/5;000267;;;0;UN;Ativo;96034010;NÃO TRIBUTADO (CSOSN 400)
ATLAS ROLO 9CM TEXTURA FINA 110/9;000149;;;0;UN;Ativo;96034010;NÃO TRIBUTADO (CSOSN 400)
ATLAS ROLO 9CM VELUDO 329/9;000145;;;0;UN;Ativo;96034010;NÃO TRIBUTADO (CSOSN 400)
ATLAS SACO COLETOR DE PO REF: AT1710/130;000196;;;0;UN;Ativo;84679900;TRIBUTADO (CSOSN 102)
ATLAS SERROTE DE PONTA DE ACO P/ DRYWALL AT192/1;001475;;;0;UN;Ativo;82021000;TRIBUTADO (CSOSN 102)
ATLAS SOPRADOR TERM. DIGITAL 2000W/220V AT1790/2;000221;;;0;UN;Ativo;84672999;TRIBUTADO (CSOSN 102)
ATLAS SOPRADOR TERMICO 2000W/220V REF: AT1791/2;000197;;;0;UN;Ativo;84672999;TRIBUTADO (CSOSN 102)
ATLAS SUPORTE GAIOLA 546/23;000186;;;0;UN;Ativo;73269090;NÃO TRIBUTADO (CSOSN 400)
ATLAS SUPORTE MANUAL P/ LIXA DE PVC REF:100/2;001334;;;0;UN;Ativo;39269090;TRIBUTADO (CSOSN 102)
ATLAS SUPORTE P/ DESEMPENADEIRA AT9933;000205;;;0;UN;Ativo;39269090;TRIBUTADO (CSOSN 102)
ATLAS SUPORTE P/ MEIA LIXA PVC 23X10,5 AT100/4;000211;;;0;UN;Ativo;39269090;TRIBUTADO (CSOSN 102)
ATLAS TRENA PROF. 10M AMARELA AT180/10;001866;;;0;UN;Ativo;90178010;TRIBUTADO (CSOSN 102)
ATLAS TRENA PROFI. 8M AMARELA AT180/8;001867;;;0;UN;Ativo;90178010;TRIBUTADO (CSOSN 102)
ATLAS TRENA 5M PROFI. AMARELA AT180/5;000177;;;0;UN;Ativo;90178010;NÃO TRIBUTADO (CSOSN 400)
ATLAS TRINCHA ANGULAR AT345 '1.1/2';001473;;;0;UN;Ativo;96034090;TRIBUTADO (CSOSN 102)
ATLAS TRINCHA ANGULAR AT345 2;001474;;;0;UN;Ativo;96034090;TRIBUTADO (CSOSN 102)
ATLAS TRINCHA ANGULAR IMPERIAL  AT416/3AN '1';000206;;;0;UN;Ativo;96034090;TRIBUTADO (CSOSN 102)
ATLAS TRINCHA ANGULAR IMPERIAL AT416/4AN '1 1/2';000207;;;0;UN;Ativo;96034090;TRIBUTADO (CSOSN 102)
ATLAS TRINCHA ANGULAR IMPERIAL AT416/5AN '2';000208;;;0;UN;Ativo;96034090;TRIBUTADO (CSOSN 102)
ATLAS TRINCHA ANGULAR IMPERIAL AT416/6AN '2 1/2';000209;;;0;UN;Ativo;96034090;TRIBUTADO (CSOSN 102)
ATLAS TRINCHA ANGULAR IMPERIAL AT416/7AN '3';000210;;;0;UN;Ativo;96034090;TRIBUTADO (CSOSN 102)
ATLAS TRINCHA 315 1;001440;;;0;UN;Ativo;96034090;TRIBUTADO (CSOSN 102)
ATLAS TRINCHA 319  '1.1/2';001521;;;0;UN;Ativo;96034090;TRIBUTADO (CSOSN 102)
ATLAS TRINCHA 319  1/2;001449;;;0;UN;Ativo;96034090;TRIBUTADO (CSOSN 102)
ATLAS TRINCHA 319  2;001520;;;0;UN;Ativo;96034090;TRIBUTADO (CSOSN 102)
ATLAS TRINCHA 319 '3/4';001902;;;0;UN;Ativo;96034090;NÃO TRIBUTADO (CSOSN 400)
ATLAS TRINCHA 395  1;001447;;;0;UN;Ativo;96034090;TRIBUTADO (CSOSN 102)
ATLAS TRINCHA 395  '1.1/2';001448;;;0;UN;Ativo;96034090;TRIBUTADO (CSOSN 102)
ATLAS TRINCHA 395  '3/4';001338;;;0;UN;Ativo;96034090;TRIBUTADO (CSOSN 102)
ATLAS TRINCHA 395 1/2;001446;;;0;UN;Ativo;96034090;TRIBUTADO (CSOSN 102)
ATLAS TRINCHA 395 2;001337;;;0;UN;Ativo;96034090;TRIBUTADO (CSOSN 102)
ATLAS TRINCHA 395 '2.1/2';001336;;;0;UN;Ativo;96034090;TRIBUTADO (CSOSN 102)
B - AMARELO;002342;;;0;UN;Ativo;32041600;NÃO TRIBUTADO (CSOSN 400)
BANDEJA PINTURA 15CM PRETA - THOMPSON;001195;;;0;UN;Ativo;39259090;NÃO TRIBUTADO (CSOSN 400)
BASE M - CORALIT AB ULTRA RES 3.2L CORAL;000425;Coral;TINTA ACRILICA;0;GL;Ativo;32089010;NÃO TRIBUTADO (CSOSN 400)
BASE MF - CORALIT TOTAL ACET 0,8 L - CORAL;000427;Coral;TINTA ESMALTE ;0;QT;Ativo;32091010;NÃO TRIBUTADO (CSOSN 400)
BASE MF - CORALIT TOTAL ACET 3.2L - CORAL;000426;Coral;TINTA ESMALTE ;0;GL;Ativo;32091010;NÃO TRIBUTADO (CSOSN 400)
BASE MF - DECORA DIAMANTE S/B 16L - CORAL;000429;Coral;TINTA ACRILICA;0;LA;Ativo;32091010;NÃO TRIBUTADO (CSOSN 400)
BASE MF - DECORA MATE FOSCO 0,8L - CORAL;000439;Coral;TINTA ACRILICA;0;QT;Ativo;32091010;NÃO TRIBUTADO (CSOSN 400)
BASE MF - DECORA MATE FOSCO 16L - CORAL;000433;Coral;TINTA ACRILICA;0;LA;Ativo;32091010;NÃO TRIBUTADO (CSOSN 400)
BASE MF - DECORA MATE FOSCO 3.2L - CORAL;000434;Coral;TINTA ACRILICA;0;GL;Ativo;32091010;NÃO TRIBUTADO (CSOSN 400)
BASE MF - DECORA SEDA AC 0,8 L - CORAL;000512;Coral;TINTA ACRILICA;0;QT;Ativo;32091010;NÃO TRIBUTADO (CSOSN 400)
BASE MF - DECORA SEDA AC 16L - CORAL;000440;Coral;TINTA ACRILICA;0;LA;Ativo;32091010;NÃO TRIBUTADO (CSOSN 400)
BASE MF - SOL&CHUVA ACRIL TOTAL 16L - CORAL;000513;Coral;TINTA ACRILICA;0;LA;Ativo;32091010;NÃO TRIBUTADO (CSOSN 400)
BASE MF - SOL&CHUVA ACRIL TOTAL 3.2L - CORAL;000521;Coral;TINTA ACRILICA;0;GL;Ativo;32091010;NÃO TRIBUTADO (CSOSN 400)
BASE MF - SUPER LAVAVEL EGGSHELL 16L - CORAL;000522;Coral;TINTA ACRILICA;0;LA;Ativo;32091010;NÃO TRIBUTADO (CSOSN 400)
BASE P - CORALIT BRILHANTE ULTRA RES 3.2L ;002608;Coral;TINTA ACRILICA;0;GL;Ativo;32089010;
BASE P - DECORA DIAMANTE S/B 3.2L ;002530;Coral;TINTA ACRILICA;0;GL;Ativo;32091010;
BASE P - DECORA DIAMENTE S/B 800M - CORAL;000524;Coral;TINTA ACRILICA;0;QT;Ativo;32091010;NÃO TRIBUTADO (CSOSN 400)
BASE T - DECORA DIAMANTE S/B 3.2L ;002533;Coral;TINTA ACRILICA;0;GL;Ativo;32091010;
BASE T - DECORA SEDA AC 3.2L - CORAL;000431;Coral;TINTA ACRILICA;0;GL;Ativo;32091010;NÃO TRIBUTADO (CSOSN 400)
BASE T - MASTER 16L;002572;Coral;TINTA ACRILICA;0;LA;Ativo;32089010;
C - LARANJA;002343;;;0;UN;Ativo;32041600;NÃO TRIBUTADO (CSOSN 400)
CACAMBA DE PINTURA 12LTS - THOMPSON;000650;;;0;UN;Ativo;32089029;NÃO TRIBUTADO (CSOSN 400)
CACAMBA DE PINTURA 15LTS - THOMPSON ( NOVO );001294;;;0;UN;Ativo;39259090;TRIBUTADO (CSOSN 102)
COLA MADEIRA TEKBOND 100GR;001074;;;0;UN;Ativo;35061090;TRIBUTADO (CSOSN 102)
COLA SILIC TEKBOND 256GR INCOLOR;001139;;;0;UN;Ativo;35061090;TRIBUTADO (CSOSN 102)
COLA SILIC TEKBOND 280GR PRETO;001039;;;0;UN;Ativo;35061090;TRIBUTADO (CSOSN 102)
CORAL ACR RENOVA FOSCO 16L ;000339;Coral;TINTA ACRILICA;0;BD;Ativo;32091010;NÃO TRIBUTADO (CSOSN 400)
CORAL ACR SOL E CHUVA IMPER 18L PREMIUM;000343;Coral;TINTA ACRILICA;0;LA;Ativo;32081010;NÃO TRIBUTADO (CSOSN 400)
CORAL CORALIT ULTRA PRETO ALTO BRILHO 3,6 LT;001975;;;0;GL;Ativo;32089010;TRIBUTADO (CSOSN 102)
CORAL CORALIT ULTRA RESIST BR AZUL DEL REY 3,6 LT;000765;;;0;GL;Ativo;32081010;NÃO TRIBUTADO (CSOSN 400)
CORAL CORALIT ULTRA RESIST BR AZUL FRANCA 3,6 LT;001358;;;0;GL;Ativo;32089010;NÃO TRIBUTADO (CSOSN 400)
CORAL CORALIT ULTRA RESIST PRETO / FO  3,6 LT;000543;;;0;GL;Ativo;32089010;NÃO TRIBUTADO (CSOSN 400)
CORAL FUNDO PREPARADOR BASE AGUA 3,6 LT;001087;Coral;Complementos e Preparação;0;GL;Ativo;32091020;NÃO TRIBUTADO (CSOSN 400)
CORAL FUNDO PREPARADOR MADEIRA E METAL 900 ML AGUA;000722;Coral;Complementos e Preparação;0;QT;Ativo;32091010;TRIBUTADO (CSOSN 102)
CORAL FUNDO PREPARADOR 18L;001100;Coral;Complementos e Preparação;0;LA;Ativo;32091010;TRIBUTADO (CSOSN 102)
CORAL MACTRA MANTA LIQUIDA BRANCA 18 KG VEDBEM;002574;Coral;Impermeabilização e Vedação;0;BD;Ativo;32091010;
CORAL MASSA ACRILICA BALDE 5,7 KG;001974;Coral;Complementos e Preparação;0;GL;Ativo;32141020;TRIBUTADO (CSOSN 102)
CORAL MASSA ACRILICA 1,5KG;000531;Coral;Complementos e Preparação;0;QT;Ativo;32141020;NÃO TRIBUTADO (CSOSN 400)
CORAL MASSA ACRILICA 25KG;000532;Coral;Complementos e Preparação;0;LA;Ativo;32141020;NÃO TRIBUTADO (CSOSN 400)
CORAL MASSA CORRIDA PVA 1.5 KG;000623;Coral;Complementos e Preparação;0;QT;Ativo;32141020;NÃO TRIBUTADO (CSOSN 400)
CORAL SELADOR ACRILICO 18L 02.02.304;000539;;;0;LA;Ativo;32091010;NÃO TRIBUTADO (CSOSN 400)
CORAL VERNIZ ACRILICO INCOLOR 3,6L;000819;;;0;GL;Ativo;32091020;NÃO TRIBUTADO (CSOSN 400)
CORALAR ACR ROSA ACAI 3,6L;000979;Coral;TINTA ACRILICA;0;GL;Ativo;32091010;NÃO TRIBUTADO (CSOSN 400)
CORALAR ACR RUBI 3,6L;000980;Coral;TINTA ACRILICA;0;GL;Ativo;32091010;NÃO TRIBUTADO (CSOSN 400)
CORALAR ACR VERDE LIMAO 3,6L;000981;Coral;TINTA ACRILICA;0;GL;Ativo;32091010;NÃO TRIBUTADO (CSOSN 400)
CORALIT FOSCO BRANCO ULTRA RES 0,9L 02.03.600;000540;;;0;QT;Ativo;32089010;NÃO TRIBUTADO (CSOSN 400)
CORALIT FOSCO BRANCO ULTRA RES 3,60 02.03.610;000541;;;0;GL;Ativo;32089010;NÃO TRIBUTADO (CSOSN 400)
CORALIT FOSCO PRETO ULTRA RES 0,9L 02.03.605;000542;;;0;QT;Ativo;32089010;NÃO TRIBUTADO (CSOSN 400)
CORALIT SR ACET BRANCO 0,9L 02.03.981;000544;;;0;QT;Ativo;32081010;NÃO TRIBUTADO (CSOSN 400)
CORALIT SR BR AMARELO 0,9L CORAL;000886;;;0;QT;Ativo;32081010;NÃO TRIBUTADO (CSOSN 400)
CORALIT SR BR AMARELO 3,6L CORAL;000704;;;0;GL;Ativo;32081010;NÃO TRIBUTADO (CSOSN 400)
CORALIT SR BR AZUL MAR 3,6L CORAL;000994;;;0;GL;Ativo;32081010;NÃO TRIBUTADO (CSOSN 400)
CORALIT SR BR BRANCO 0,9L CORAL;000545;;;0;QT;Ativo;32081010;NÃO TRIBUTADO (CSOSN 400)
CORALIT SR BR BRANCO 3,6L CORAL;000546;;;0;GL;Ativo;32081010;NÃO TRIBUTADO (CSOSN 400)
CORALIT SR BR CINZA ESCURO 3,6L CORAL;000877;;;0;GL;Ativo;32081010;NÃO TRIBUTADO (CSOSN 400)
CORALIT SR BR CINZA MEDIO 3,6L CORALIT;000690;;;0;GL;Ativo;32081010;NÃO TRIBUTADO (CSOSN 400)
CORALIT SR BR MARROM CONHAQ 3,6L CORAL;000878;;;0;GL;Ativo;32081010;NÃO TRIBUTADO (CSOSN 400)
CORALIT SR BR PLATINA 3,6L CORAL;000887;;;0;GL;Ativo;32081010;NÃO TRIBUTADO (CSOSN 400)
CORALIT SR BR PRETO 0,900ML CORAL;000895;;;0;QT;Ativo;32081010;NÃO TRIBUTADO (CSOSN 400)
CORALIT SR BR VERDE LIMAO 3,6L CORAL;000995;;;0;GL;Ativo;32081010;NÃO TRIBUTADO (CSOSN 400)
CORALIT SR BR VERMELHO 0,9L;000547;;;0;QT;Ativo;32081010;NÃO TRIBUTADO (CSOSN 400)
CORALIT SR BR VERMELHO 3,6L CORAL;000548;;;0;GL;Ativo;32081010;NÃO TRIBUTADO (CSOSN 400)
CORALIT TOTAL ACET BRANCO 0,9L;000549;;;0;QT;Ativo;32091010;NÃO TRIBUTADO (CSOSN 400)
CORALIT TOTAL ACET BRANCO 3,6L;000550;;;0;GL;Ativo;32091010;NÃO TRIBUTADO (CSOSN 400)
CORALIT TOTAL BR BRANCO 0,9L 02.03.915;000551;;;0;QT;Ativo;32091010;NÃO TRIBUTADO (CSOSN 400)
CORALIT TOTAL BR BRANCO 3,6L;000552;;;0;GL;Ativo;32091010;NÃO TRIBUTADO (CSOSN 400)
CORALIT UTRA RESIST AC CREME 3,2 L -  CORAL;000537;;;0;GL;Ativo;32089010;NÃO TRIBUTADO (CSOSN 400)
CORTEX ECON. BRANCO 18 LT;001369;FUTURA;TINTA ACRILICA;0;LA;Ativo;32091010;NÃO TRIBUTADO (CSOSN 400)
CORTEX ECON. CAMURCA 18 LT;001850;FUTURA;TINTA ACRILICA;0;LA;Ativo;32091010;NÃO TRIBUTADO (CSOSN 400)
CORTEX ECON. CAQUI 18 LT;001848;FUTURA;TINTA ACRILICA;0;LA;Ativo;32091010;NÃO TRIBUTADO (CSOSN 400)
CORTEX ECON. COR INOX 18 LT;001681;FUTURA;TINTA ACRILICA;0;LA;Ativo;32091010;NÃO TRIBUTADO (CSOSN 400)
CORTEX ECON. COR PALHA18 LT;001682;FUTURA;TINTA ACRILICA;0;LA;Ativo;32091010;NÃO TRIBUTADO (CSOSN 400)
CORTEX ECON. VERDE LIMAO 18 LT;001849;FUTURA;TINTA ACRILICA;0;LA;Ativo;32091010;NÃO TRIBUTADO (CSOSN 400)
DECOR QUARTZO MICA;002772;;Efeitos Decorativos;0;UN;Ativo;32141020;NÃO TRIBUTADO (CSOSN 400)
DECORA DIAMANTE BRANCO 18L;000553;Coral;TINTA ACRILICA;0;LA;Ativo;32091010;NÃO TRIBUTADO (CSOSN 400)
DECORA MATE BRANCO 18 L - CORAL;000666;Coral;TINTA ACRILICA;0;LA;Ativo;32091010;NÃO TRIBUTADO (CSOSN 400)
DECORA SEDA BRANCO 18L CORAL;000556;Coral;TINTA ACRILICA;0;LA;Ativo;32091010;NÃO TRIBUTADO (CSOSN 400)
DISCO DE CORTE 180X1,6X22,22 BNA12 AZUL;000912;;;0;UN;Ativo;68042211;NÃO TRIBUTADO (CSOSN 400)
DISCO DE DESB 115X6,4X22,23 BDA600 CLAS;001160;;;0;UN;Ativo;68042211;NÃO TRIBUTADO (CSOSN 400)
DISCO DE LIXA 4.1/2 X GRAO 60 DIS-FLEX;000866;;;0;UN;Ativo;68052000;NÃO TRIBUTADO (CSOSN 400)
DISCO LIXA C/ VELCRO 125MM GRAO C/6 FUROS P 800;001969;;;0;UN;Ativo;68052000;NÃO TRIBUTADO (CSOSN 400)
DISCO LIXA C/ VELCRO 125MM GRAO S/ FUROS P 1000;001970;;;0;UN;Ativo;68052000;NÃO TRIBUTADO (CSOSN 400)
DISCO LIXA C/ VELCRO 125MM GRAO S/ FUROS P 1500;001972;;;0;UN;Ativo;68052000;NÃO TRIBUTADO (CSOSN 400)
DISCO LIXA C/ VELCRO 125MM GRAO 100 / 150;001827;;;0;UN;Ativo;68052000;NÃO TRIBUTADO (CSOSN 400)
DISCO LIXA C/ VELCRO 125MM GRAO 120  / 150;001832;;;0;UN;Ativo;68052000;NÃO TRIBUTADO (CSOSN 400)
DISCO LIXA C/ VELCRO 125MM GRAO 150 / 150;001824;;;0;UN;Ativo;68052000;NÃO TRIBUTADO (CSOSN 400)
DISCO LIXA C/ VELCRO 125MM GRAO 180  / 150;001830;;;0;UN;Ativo;68052000;NÃO TRIBUTADO (CSOSN 400)
DISCO LIXA C/ VELCRO 125MM GRAO 220  / 150;001828;;;0;UN;Ativo;68052000;NÃO TRIBUTADO (CSOSN 400)
DISCO LIXA C/ VELCRO 125MM GRAO 320 / 150;001825;;;0;UN;Ativo;68052000;NÃO TRIBUTADO (CSOSN 400)
DISCO LIXA C/ VELCRO 125MM GRAO 400  / 150;001829;;;0;UN;Ativo;68052000;NÃO TRIBUTADO (CSOSN 400)
DISCO LIXA C/ VELCRO 125MM GRAO 600 / 150;001826;;;0;UN;Ativo;68052000;NÃO TRIBUTADO (CSOSN 400)
DISCO LIXA C/ VELCRO 125MM GRAO 80  / 150;001831;;;0;UN;Ativo;68052000;NÃO TRIBUTADO (CSOSN 400)
DISCO LIXA MASSA C/VEL 8 FUR 220X225MM A-257 NORT ( NOVO );001286;;;0;UN;Ativo;68052000;TRIBUTADO (CSOSN 102)
ECOLOGICO B.AGUA ACETINADO BRANCO;002519;;;0;GL;Ativo;32091020;
ECOLOGICO B.AGUA BRANCO FOSCO;002713;;;0;GL;Ativo;32091020;NÃO TRIBUTADO (CSOSN 400)
ECOLOGICO B.AGUA BRILHO BRANCO;002518;;;0;GL;Ativo;32091020;
ESCADA ALUMINIO 5 DEGRAUS - REAL;000492;;Utilidades;0;UN;Ativo;76061190;NÃO TRIBUTADO (CSOSN 400)
ESM B/AGUA AC TOTAL BRANCO 3,6L CORALIT;000538;;;0;GL;Ativo;32089010;NÃO TRIBUTADO (CSOSN 400)
ESPATULA ACO 6255/12 ATLAS;000300;;;0;UN;Ativo;82055900;NÃO TRIBUTADO (CSOSN 400)
ESPATULA ACO 6255/16 ATLAS;000301;;;0;UN;Ativo;82055900;NÃO TRIBUTADO (CSOSN 400)
ESPATULA ACO 6255/20 ATLAS;000302;;;0;UN;Ativo;82055900;NÃO TRIBUTADO (CSOSN 400)
EXTENSOR 2M CHAPAMETALICA 1600 ATLAS;000286;;;0;UN;Ativo;73269090;NÃO TRIBUTADO (CSOSN 400)
EXTENSOR 3M CHAPAMETALICA 1700 ATLAS;000287;;;0;UN;Ativo;73269090;NÃO TRIBUTADO (CSOSN 400)
FITA CREPE ADELBRAS/MASK 24X50M REF. 710;002486;ADELBRAS;;0;UN;Ativo;48114110;
FITA CREPE ADELBRAS/MASK 48X50M REF. 710;002485;ADELBRAS;;0;UN;Ativo;48114110;
FITA ISOLANTE 3M SCOTCH 33+ 10M;001056;;;0;UN;Ativo;39191020;TRIBUTADO (CSOSN 102)
FITA ISOLANTE 3M SCOTCH 33+ 5M;001055;;;0;UN;Ativo;39191020;TRIBUTADO (CSOSN 102)
FITA MULTIUSO / ALUMINIO 10CMX10M - VIAPOL ( MT );001570;;;0;MT;Ativo;68071000;TRIBUTADO (CSOSN 102)
FITA MULTIUSO / ALUMINIO 45CMX10M - VIAPOL;001575;;;0;UN;Ativo;68071000;TRIBUTADO (CSOSN 102)
FITA MULTIUSO / ALUMINIO 45CMX10M - VIAPOL ( MT );001576;;;0;MT;Ativo;68071000;TRIBUTADO (CSOSN 102)
FITA VEDA ROSCA 18MMX25M PLASTUBOS;000628;;;0;UN;Ativo;39191090;TRIBUTADO (CSOSN 102)
FUNDO PREP B. AGUA MADEIRA E METAL 3,6L CORAL;000770;;;0;GL;Ativo;32091010;TRIBUTADO (CSOSN 102)
FUTURA  ARENATO TEXTURA BRANCA GL 3,6;001382;FUTURA;Efeitos Decorativos;0;GL;Ativo;32091010;NÃO TRIBUTADO (CSOSN 400)
FUTURA ABSOLUTO PRM  ELEFANTE 3,6;001673;FUTURA;TINTA ACRILICA;0;GL;Ativo;32091010;NÃO TRIBUTADO (CSOSN 400)
FUTURA ABSOLUTO PRM TANGERINA 18 LT;001915;FUTURA;TINTA ACRILICA;0;LA;Ativo;32091010;NÃO TRIBUTADO (CSOSN 400)
FUTURA ABSOLUTO PRM TOMATE SECO 18 LT;001490;FUTURA;TINTA ACRILICA;0;LA;Ativo;32091010;NÃO TRIBUTADO (CSOSN 400)
FUTURA ABSOLUTO PRM VERDE ANGRA 18 LT;001982;FUTURA;TINTA ACRILICA;0;LA;Ativo;32091010;NÃO TRIBUTADO (CSOSN 400)
FUTURA ALUMIAR SEMIBRILHO BRANCO 18 LT;001543;FUTURA;TINTA ACRILICA;0;LA;Ativo;32091010;NÃO TRIBUTADO (CSOSN 400)
FUTURA ALUMIAR SEMIBRILHO PRM BRANCO 3,6;001536;FUTURA;TINTA ACRILICA;0;GL;Ativo;32091010;NÃO TRIBUTADO (CSOSN 400)
FUTURA ECOLOGICO B.AGUA ACETINADO BRANCO 900 ML;001500;FUTURA;TINTA ESMALTE ;0;QT;Ativo;32091020;NÃO TRIBUTADO (CSOSN 400)
FUTURA FUTURIT ESM SINT.BRILHO BRANCO 3,6 LT;001535;FUTURA;TINTA ESMALTE ;0;GL;Ativo;32081010;NÃO TRIBUTADO (CSOSN 400)
FUTURA FUTURIT ESM SINT.BRILHO BRANCO 900 ML;001772;FUTURA;TINTA ESMALTE ;0;QT;Ativo;32081010;NÃO TRIBUTADO (CSOSN 400)
FUTURA SELADOR ACRILICO 16 LT;001208;;Complementos e Preparação;0;BD;Ativo;32091010;NÃO TRIBUTADO (CSOSN 400)
FUTURA SEMIBRILHO STANDARD BRANCA 18 LT;001206;FUTURA;TINTA ACRILICA;0;LA;Ativo;32091010;NÃO TRIBUTADO (CSOSN 400)
FUTURA SEMIBRILHO STD BRILHOSA BRANCA 3,6 LT;001367;FUTURA;TINTA ACRILICA;0;GL;Ativo;32091010;NÃO TRIBUTADO (CSOSN 400)
FUTURA SUPER RENDIMENTO STD AMARELO TERRA 18L;002523;FUTURA;TINTA ACRILICA;0;LA;Ativo;32091010;
FUTURA SUPER RENDIMENTO STD AREIA 3,6;002555;FUTURA;TINTA ACRILICA;0;GL;Ativo;32091010;
FUTURA SUPER RENDIMENTO STD AZUL PROFUNDO 3,6 LT;001948;FUTURA;TINTA ACRILICA;0;GL;Ativo;32091010;NÃO TRIBUTADO (CSOSN 400)
FUTURA SUPER RENDIMENTO STD CAMURCA 3,6 LT;001944;FUTURA;TINTA ACRILICA;0;GL;Ativo;32091010;NÃO TRIBUTADO (CSOSN 400)
FUTURA SUPER RENDIMENTO STD ELEFANTE 18 LT;001683;FUTURA;TINTA ACRILICA;0;LA;Ativo;32091010;NÃO TRIBUTADO (CSOSN 400)
FUTURA SUPER RENDIMENTO STD MARFIM 18 LT;001684;FUTURA;TINTA ACRILICA;0;LA;Ativo;32091010;NÃO TRIBUTADO (CSOSN 400)
FUTURA SUPER RENDIMENTO STD TANGERINA 18L;002521;FUTURA;TINTA ACRILICA;0;LA;Ativo;32091010;
FUTURA SUPER RENDIMENTO STD TERRACOTA 18 LT;001685;FUTURA;TINTA ACRILICA;0;LA;Ativo;32091010;NÃO TRIBUTADO (CSOSN 400)
FUTURA TINTA GESSO BRANCA 3,6 LT;001368;FUTURA;TINTA ACRILICA;0;GL;Ativo;32091010;NÃO TRIBUTADO (CSOSN 400)
FUTURA TINTA PISO CERAMICA 18 LT;001623;FUTURA;TINTA ACRILICA;0;LA;Ativo;32091010;NÃO TRIBUTADO (CSOSN 400)
FUTURA TINTA PISO CINZA CHUMBO 18 LT;001215;FUTURA;TINTA ACRILICA;0;LA;Ativo;32091010;NÃO TRIBUTADO (CSOSN 400)
FUTURA TINTA PISO CINZA 18 LT;001209;FUTURA;TINTA ACRILICA;0;LA;Ativo;32091010;NÃO TRIBUTADO (CSOSN 400)
FUTURA TINTA PISO CONCRETO PISO 18 LT;001370;FUTURA;TINTA ACRILICA;0;LA;Ativo;32091010;NÃO TRIBUTADO (CSOSN 400)
FUTURA TINTA TELHA CERAMICA TELHA 18L;002715;FUTURA;TINTA ACRILICA;0;LA;Ativo;32091010;NÃO TRIBUTADO (CSOSN 400)
FUTURA TOQUE DE CETIM ACT BRANCO 18 LT;001544;FUTURA;TINTA ACRILICA;0;LA;Ativo;32091010;NÃO TRIBUTADO (CSOSN 400)
GESSO RAPIDO GESSEIRO 1KG;000749;;;0;UN;Ativo;25202090;NÃO TRIBUTADO (CSOSN 400)
GESSO RAPIDO GESSEIRO 2KG;000750;;;0;UN;Ativo;25202090;NÃO TRIBUTADO (CSOSN 400)
GESSO RAPIDO GESSEIRO 5KG;000751;;;0;UN;Ativo;25202090;NÃO TRIBUTADO (CSOSN 400)
H - VERMELHO OXIDO;002344;;;0;UN;Ativo;32041600;NÃO TRIBUTADO (CSOSN 400)
ITAQUA AGUARRAS 05 LTS (NOVO);001319;;;0;UN;Ativo;27101230;TRIBUTADO (CSOSN 102)
ITAQUA QUEROSENE 0900 ML;002659;;;0;UN;Ativo;27101919;NÃO TRIBUTADO (CSOSN 400)
ITAQUA THINNER 16 0,900 ML (NOVO);001314;;;0;UN;Ativo;38140090;TRIBUTADO (CSOSN 102)
KIT PINTURA TIGRE C/3P ANTIRESPINGO 1576;002488;TIGRE;;0;UN;Ativo;96034010;NÃO TRIBUTADO (CSOSN 400)
KIT PINTURA TIGRE C/5P PRATIC 1540;002489;TIGRE;;0;UN;Ativo;96034010;NÃO TRIBUTADO (CSOSN 400)
LIXA DE FERRO 120 - NORTON FOLH 19.99.105;002613;;;0;UN;Ativo;68051000;
LIXA DE FERRO 150 - NORTON FOLH 19.99.110;002614;;;0;UN;Ativo;68051000;
LIXA DE MASSA  80 - NORTON FOLH 19.99.185;002615;;;0;UN;Ativo;68052000;
LIXA FERRO NORTON K246 GR 36 E 40 C/25 PECAS / GRANA 36;002503;;;0;UN;Ativo;68051000;
LIXA FERRO NORTON K246 GR 36 E 40 C/25 PECAS / GRANA 40;002505;;;0;UN;Ativo;68051000;
LIXA FERRO NORTON K246 GR 50 A 80 C/25 PECAS / GRANA 50;002508;;;0;UN;Ativo;68051000;
LIXA FERRO NORTON K246 GR 50 A 80 C/25 PECAS / GRANA 60;002506;;;0;UN;Ativo;68051000;
LIXA FERRO NORTON K246 GR 50 A 80 C/25 PECAS / GRANA 80;002507;;;0;UN;Ativo;68051000;
LIXA FERRO NORTON K246 GR100 A 220 C/25 PECAS / GRANA 100;002509;;;0;UN;Ativo;68051000;
LIXA FERRO NORTON K246 GR100 A 220 C/25 PECAS / GRANA 180;002510;;;0;UN;Ativo;68051000;
LIXA FERRO NORTON K246 GR100 A 220 C/25 PECAS / GRANA 220;002511;;;0;UN;Ativo;68051000;
LIXA P/MADEIRA  50 NORTON FOLH 19.99.370;002543;;;0;UN;Ativo;68052000;
LIXA P/MADEIRA  80 NORTON FOLH 19.99.372;002544;;;0;UN;Ativo;68052000;
LIXA P/MADEIRA 100 NORTON FOLH 19.99.373;002545;;;0;UN;Ativo;68052000;
LIXA P/MADEIRA 120 NORTON FOLH 19.99.374;002546;;;0;UN;Ativo;68052000;
LIXA P/MADEIRA 150 NORTON FOLH 19.99.375;002547;;;0;UN;Ativo;68052000;
LIXA P/MADEIRA 180 NORTON FOLH 19.99.376;002548;;;0;UN;Ativo;68052000;
LIXA P/MADEIRA 220 NORTON FOLH 19.99.377;002549;;;0;UN;Ativo;68052000;
LONA PLAST  PTA 4X50M 6KG ROLO;000695;;;0;UN;Ativo;39202019;TRIBUTADO (CSOSN 102)
LONA PLAST LONAX PTA 4X 50M MEDIA 10KG;001313;;;0;UN;Ativo;39202019;NÃO TRIBUTADO (CSOSN 400)
LONA PLAST NEGREIRA PRETA 4X100M 20KG;001414;;;0;UN;Ativo;39259090;TRIBUTADO (CSOSN 102)
LONA PLASTICA PRETA 4X100 12KG;000625;;;0;MT;Ativo;39201099;NÃO TRIBUTADO (CSOSN 400)
LUVA MALHA PIGMENTADA - THOMPSON;001374;;;0;UN;Ativo;61161000;TRIBUTADO (CSOSN 102)
M - VERDE;002345;;;0;UN;Ativo;32041600;NÃO TRIBUTADO (CSOSN 400)
MASSA ACRILICA;002603;;;0;BD;Ativo;32141020;
MASTIFLEX PU.40 SELANTE POLIURETANO CINZA - TUBO;001492;;;0;UN;Ativo;35069110;TRIBUTADO (CSOSN 102)
MASTIFLEX SELATRINCAS SELANTE ACRILICO BRANCO.TUBO;001311;;;0;UN;Ativo;32141010;TRIBUTADO (CSOSN 102)
MASTIFLEX SELATRINCAS 2130 BRANCO GALAO.5KG;001310;;;0;GL;Ativo;32141010;TRIBUTADO (CSOSN 102)
MAXI RUBBER BATIDA DE PEDRA PRETA  1/4 16.59.050;002581;;;0;QT;Ativo;32091010;
MAXI RUBBER CAT. WASH / PRETO FOSCO 16.59.217;002582;;;0;UN;Ativo;38249939;
MAXI RUBBER WASH PRIMER 16.59.196;002583;;;0;UN;Ativo;32082019;
MAXI RUBBER WASH PRIMER 600ML 16.59.196;002627;;;0;UN;Ativo;32141020;
MEXEDOR DE TINTA ACO GALVANIZADO 120 X 9 X 600MM;001133;;;0;UN;Ativo;82079000;TRIBUTADO (CSOSN 102)
MONTANA STRIPTIZI REMOVEDOR GEL 1 KG;001379;;;0;UN;Ativo;38089299;TRIBUTADO (CSOSN 102)
N - AZUL;002346;;;0;UN;Ativo;32041600;NÃO TRIBUTADO (CSOSN 400)
NORTON DISCO CORTE BNA12 115X1.0X22.23;001163;;;0;UN;Ativo;68042211;NÃO TRIBUTADO (CSOSN 400)
NORTON DISCO LIXA MASSA C/VEL 8 FUR 120X225MM A-25;000964;;;0;UN;Ativo;68052000;NÃO TRIBUTADO (CSOSN 400)
NORTON ESCOVA DE ACO C/C 3F;000954;;;0;UN;Ativo;96039000;TRIBUTADO (CSOSN 102)
NORTON FITA ISOLANTE CLASSIC 19 X 05M;001906;;;0;UN;Ativo;39191020;NÃO TRIBUTADO (CSOSN 400)
NORTON LIXA DE AGUA J1200;000972;;;0;UN;Ativo;68052000;NÃO TRIBUTADO (CSOSN 400)
NORTON LIXA DE AGUA T499 2000;000248;;;0;UN;Ativo;68052000;TRIBUTADO (CSOSN 102)
NORTON LIXA DE AGUA 100;000737;;;0;UN;Ativo;68051000;NÃO TRIBUTADO (CSOSN 400)
NORTON LIXA DE AGUA 120;001073;;;0;UN;Ativo;68052000;TRIBUTADO (CSOSN 102)
NORTON LIXA DE AGUA 1200;000438;;;0;UN;Ativo;34053000;NÃO TRIBUTADO (CSOSN 400)
NORTON LIXA DE AGUA 150;000915;;;0;UN;Ativo;68052000;TRIBUTADO (CSOSN 102)
NORTON LIXA DE AGUA 220;000917;;;0;UN;Ativo;68052000;TRIBUTADO (CSOSN 102)
NORTON LIXA DE AGUA 240;000245;;;0;UN;Ativo;68052000;TRIBUTADO (CSOSN 102)
NORTON LIXA DE AGUA 2500;000100;;;0;UN;Ativo;68052000;TRIBUTADO (CSOSN 102)
NORTON LIXA DE AGUA 280;000246;;;0;UN;Ativo;68052000;TRIBUTADO (CSOSN 102)
NORTON LIXA DE AGUA 360;000613;;;0;UN;Ativo;34053000;NÃO TRIBUTADO (CSOSN 400)
NORTON LIXA DE AGUA 80;000914;;;0;UN;Ativo;68052000;TRIBUTADO (CSOSN 102)
NORTON LIXA DE DAGUA 3000;000101;;;0;UN;Ativo;68052000;TRIBUTADO (CSOSN 102)
NORTON LIXA FERRO 040;001778;;;0;UN;Ativo;68051000;TRIBUTADO (CSOSN 102)
NORTON LIXA FERRO 060;001779;;;0;UN;Ativo;68051000;TRIBUTADO (CSOSN 102)
NORTON LIXA FERRO 240;001780;;;0;UN;Ativo;68051000;TRIBUTADO (CSOSN 102)
NORTON LIXA FERRO 320;001781;;;0;UN;Ativo;68051000;TRIBUTADO (CSOSN 102)
NORTON LIXA FERRO 36;001411;;;0;UN;Ativo;68051000;TRIBUTADO (CSOSN 102)
NORTON LIXA MASSA 060;001782;;;0;UN;Ativo;68052000;TRIBUTADO (CSOSN 102)
NORTON LIXA MASSA 320;001236;;;0;UN;Ativo;68052000;TRIBUTADO (CSOSN 102)
NORTON LIXA P/ MADEIRA 100;000006;;;0;UN;Ativo;68052000;TRIBUTADO (CSOSN 102)
NORTON LIXA P/ MADEIRA 60;000005;;;0;UN;Ativo;68052000;TRIBUTADO (CSOSN 102)
NORTON LIXA SECO CHAMPAGNE 100;001242;;;0;UN;Ativo;68052000;TRIBUTADO (CSOSN 102)
NORTON LIXA SECO CHAMPAGNE 120;001238;;;0;UN;Ativo;68052000;TRIBUTADO (CSOSN 102)
NORTON LIXA SECO CHAMPAGNE 150;001229;;;0;UN;Ativo;68052000;TRIBUTADO (CSOSN 102)
NORTON LIXA SECO CHAMPAGNE 180;000569;;;0;UN;Ativo;68052000;NÃO TRIBUTADO (CSOSN 400)
NORTON LIXA SECO CHAMPAGNE 220;000685;;;0;UN;Ativo;68052000;NÃO TRIBUTADO (CSOSN 400)
NORTON LIXA SECO CHAMPAGNE 320;000686;;;0;UN;Ativo;68052000;NÃO TRIBUTADO (CSOSN 400)
NORTON LIXA SECO CHAMPAGNE 400;001839;;;0;UN;Ativo;68052000;NÃO TRIBUTADO (CSOSN 400)
NORTON LIXA SECO CHAMPAGNE 600;001227;;;0;UN;Ativo;68052000;TRIBUTADO (CSOSN 102)
NORTON LIXA SECO CHAMPAGNE 80;000684;;;0;UN;Ativo;68052000;NÃO TRIBUTADO (CSOSN 400)
O - MAGENTA;002347;;;0;UN;Ativo;32041600;NÃO TRIBUTADO (CSOSN 400)
PACOTE DE ESTOPA ;002727;ADELBRAS;Utilidades;0;UN;Ativo;;
PAD PARA RECORTE ATLAS;000308;;;0;UN;Ativo;39269090;NÃO TRIBUTADO (CSOSN 400)
PALHA DE ACO NO2 - VIERA;000669;;;0;UN;Ativo;73231000;NÃO TRIBUTADO (CSOSN 400)
PAPELAO ONDULADO 1.20M X 10M BOBINA;000671;;;0;UN;Ativo;48191000;TRIBUTADO (CSOSN 102)
PAPELAO ONDULADO 120M X 100M BOBINA;001903;;;0;UN;Ativo;48081000;TRIBUTADO (CSOSN 102)
QUARTZO MICA PRIME;001813;;Complementos e Preparação;0;UN;Ativo;32089010;NÃO TRIBUTADO (CSOSN 400)
QUEROSENE ITAQUA 0,9L 11.29.020;002536;;;0;QT;Ativo;27101919;
QUEROSENE ITAQUA 5L 11.29.021;002537;;;0;UN;Ativo;27101919;
QUEROSENE 5 L ITAQUA;000658;;;0;UN;Ativo;32089010;TRIBUTADO (CSOSN 102)
RENOVA AZULEJOS EPOXI B/AGUA AC BRANCO 0.9 L - CORAL;000519;;;0;QT;Ativo;32091010;NÃO TRIBUTADO (CSOSN 400)
RENOVA AZULEJOS EPOXI B/AGUA BR BRANCO 0.9 L - CORAL;000520;;;0;QT;Ativo;32091010;NÃO TRIBUTADO (CSOSN 400)
RENOVA AZULEJOS EPOXI B/AGUA BR BRANCO 3.6 L - CORAL;000432;;;0;GL;Ativo;32091010;NÃO TRIBUTADO (CSOSN 400)
RENOVA GESSO & DRYWALL 18L CORAL;000559;Coral;TINTA ACRILICA;0;LA;Ativo;32091010;NÃO TRIBUTADO (CSOSN 400)
RENOVA GESSO & DRYWALL 3,6L CORAL;000560;Coral;TINTA ACRILICA;0;GL;Ativo;32091010;NÃO TRIBUTADO (CSOSN 400)
ROLO LA SINT 1375-150 SEM RESPINGO ( NOVO );001285;;;0;UN;Ativo;96034010;TRIBUTADO (CSOSN 102)
ROLO LA SINTETICA TIGRE 23CM S/C 1312;002595;;;0;UN;Ativo;96034010;
ROLO LONA PLASTICA PRETA 04 X 100M - NEGREIRA;001398;;;0;UN;Ativo;39259090;TRIBUTADO (CSOSN 102)
ROLO LONA PLASTICA PRETA 04 X 50M - NEGREIRA;001237;;;0;UN;Ativo;39259090;TRIBUTADO (CSOSN 102)
ROLO 23CM REF:1376 ANTIRESPINGO-TIGRE;000224;;;0;UN;Ativo;96034010;NÃO TRIBUTADO (CSOSN 400)
SALVA CANTO CANTONEIRA 50X50X3X200M;002066;;;0;UN;Ativo;48115129;TRIBUTADO (CSOSN 102)
SALVABRAS KRAFT MASCARAMENTO 30 CM X 20M;001388;;;0;UN;Ativo;48115129;TRIBUTADO (CSOSN 102)
SALVABRAS SALVA ENTULHO 10 SACOS;001323;;;0;UN;Ativo;48115129;TRIBUTADO (CSOSN 102)
SALVABRAS SALVA METAIS 0,1M X 75M;001391;;;0;UN;Ativo;48115129;TRIBUTADO (CSOSN 102)
SALVABRAS SALVA PINTURA 20M X 0,45M;001385;;;0;UN;Ativo;48115129;TRIBUTADO (CSOSN 102)
SALVABRAS SALVA PINTURA 20M X 0,90M;001386;;;0;UN;Ativo;48115129;TRIBUTADO (CSOSN 102)
SALVABRAS SALVA PINTURA 20M X 2,40M;001387;;;0;UN;Ativo;48115129;TRIBUTADO (CSOSN 102)
SALVABRAS SALVA RALO 10 MM;001392;;;0;UN;Ativo;48115129;TRIBUTADO (CSOSN 102)
SALVABRAS SALVA RALO 10CMM;001476;;;0;UN;Ativo;48115129;TRIBUTADO (CSOSN 102)
SALVABRAS SALVA RALO 15CMM;001477;;;0;UN;Ativo;48115129;TRIBUTADO (CSOSN 102)
SALVABRAS SALVA TOMADA 4X2;001394;;;0;UN;Ativo;48115129;TRIBUTADO (CSOSN 102)
SALVABRAS SALVA TOMADA 4X4;001395;;;0;UN;Ativo;48115129;TRIBUTADO (CSOSN 102)
SELACALHA 500G DGFLEX;001191;;;0;UN;Ativo;32091010;TRIBUTADO (CSOSN 102)
SELADOR ACRILICO CORAL 3,6 L;000712;;;0;GL;Ativo;32091010;NÃO TRIBUTADO (CSOSN 400)
SELADORA P/ MADEIRA BASE AGUA SPARLACK 3,6L - CORAL;000349;;;0;GL;Ativo;32091020;NÃO TRIBUTADO (CSOSN 400)
SPARLACK SELADORA P/MAD SOLVENTE 0,900ML;000644;;;0;QT;Ativo;32089010;NÃO TRIBUTADO (CSOSN 400)
SPARLACK SELADORA P/MAD SOLVENTE 3,6L;000645;;;0;GL;Ativo;32089029;NÃO TRIBUTADO (CSOSN 400)
SPARLACK SELADORA P/MAD.BASE AGUA 0,9L 02.08.005;002551;;;0;QT;Ativo;32091020;
SPARLACK SELADORA P/MAD.BASE AGUA 3,60;000507;;;0;GL;Ativo;32091020;NÃO TRIBUTADO (CSOSN 400)
SPARLACK STAIN CETOL IMBUIA ACET 3,6 L - CORAL;000629;;;0;GL;Ativo;32089029;NÃO TRIBUTADO (CSOSN 400)
SPRAY DSCOLOR USO GERAL 400ML / BRANCO FOSCO 50534;002481;DSCOLOR;;0;UN;Ativo;32082011;NÃO TRIBUTADO (CSOSN 400)
SUPORTE P/LIXA 100/3 ATLAS;000306;;;0;UN;Ativo;39269090;NÃO TRIBUTADO (CSOSN 400)
SUPORTE P/LIXA 100/4 ATLAS;000307;;;0;UN;Ativo;39269090;NÃO TRIBUTADO (CSOSN 400)
SUV ACR FOSCO PISO PRETO -18L;001224;Suvinil;TINTA ACRILICA;0;LA;Ativo;32091010;NÃO TRIBUTADO (CSOSN 400)
SUV ACR TETO BRANCO 3,6 LT;000416;Suvinil;TINTA ACRILICA;0;GL;Ativo;32091010;NÃO TRIBUTADO (CSOSN 400)
SUV ACR TETO BRANCO 900 ML;000417;Suvinil;TINTA ACRILICA;0;QT;Ativo;32091010;NÃO TRIBUTADO (CSOSN 400)
SUV AGUARAS 900 ML;000354;;;0;UN;Ativo;27101230;NÃO TRIBUTADO (CSOSN 400)
SUV AGUARRAS 5 LT;000353;;;0;UN;Ativo;27101230;NÃO TRIBUTADO (CSOSN 400)
SUV CIMENTO QUEIMADO 5KG - AVENIDA EXPRESSA;000329;;;0;UN;Ativo;32141020;NÃO TRIBUTADO (CSOSN 400)
SUV CIMENTO QUEIMADO 5KG - DIA DE CHUVA;000333;;;0;UN;Ativo;32091010;NÃO TRIBUTADO (CSOSN 400)
SUV CIMENTO QUEIMADO 5KG - PEDRA ROSADA;000332;;;0;UN;Ativo;32141020;NÃO TRIBUTADO (CSOSN 400)
SUV CIMENTO QUEIMADO 5KG - SELVA DE PEDRA;000331;;;0;UN;Ativo;32141020;NÃO TRIBUTADO (CSOSN 400)
SUV CIMENTO QUEIMADO 5KG - VISTA NOTURNA;000330;;;0;UN;Ativo;32141020;NÃO TRIBUTADO (CSOSN 400)
SUV CORANTE SUVINIL AMARELO;000355;;;0;UN;Ativo;32041700;NÃO TRIBUTADO (CSOSN 400)
SUV CORANTE SUVINIL AZUL;000357;;;0;UN;Ativo;32041700;NÃO TRIBUTADO (CSOSN 400)
SUV CORANTE SUVINIL CASTANHO;000363;;;0;UN;Ativo;32041700;NÃO TRIBUTADO (CSOSN 400)
SUV CORANTE SUVINIL OCRE;000359;;;0;UN;Ativo;32041700;NÃO TRIBUTADO (CSOSN 400)
SUV CORANTE SUVINIL VERMELHO;000362;;;0;UN;Ativo;32041700;NÃO TRIBUTADO (CSOSN 400)
SUV ESM AC SEC RAP BRANCO 900 ML;001248;;;0;QT;Ativo;32091010;NÃO TRIBUTADO (CSOSN 400)
SUV ESM ALUMINIO BRTE 900 ML SOLVETE;000407;;;0;QT;Ativo;32089010;NÃO TRIBUTADO (CSOSN 400)
SUV ESM AMARELO OURO BRTE 3,6 LT SOLVENTE;000371;;;0;GL;Ativo;32081010;NÃO TRIBUTADO (CSOSN 400)
SUV ESM AZUL DEL REY BRTE 3,6 LT SOLVENTE;000370;;;0;GL;Ativo;32081010;NÃO TRIBUTADO (CSOSN 400)
SUV ESM AZUL DEL REY BRTE 900 ML SOLVENTE;000396;;;0;QT;Ativo;32081010;NÃO TRIBUTADO (CSOSN 400)
SUV ESM BR AZUL FRANCA 900 ML SOLVENTE;000395;;;0;QT;Ativo;32081010;NÃO TRIBUTADO (CSOSN 400)
SUV ESM BR SEMPRE BRANCO - 3,6 LT;001272;;;0;GL;Ativo;32081010;NÃO TRIBUTADO (CSOSN 400)
SUV ESM BR SEMPRE BRANCO 900 ML;001268;;;0;QT;Ativo;32081010;NÃO TRIBUTADO (CSOSN 400)
SUV ESM BRANCO ACT AGUA 900 ML;000423;;;0;QT;Ativo;32091010;NÃO TRIBUTADO (CSOSN 400)
SUV ESM BRANCO BR AGUA 900 ML;000421;;;0;QT;Ativo;32091010;NÃO TRIBUTADO (CSOSN 400)
SUV ESM BRANCO FOSCO 900 ML AGUA;001409;;;0;QT;Ativo;32081010;NÃO TRIBUTADO (CSOSN 400)
SUV ESM BRANCO FOSCO 900 ML SOLVENTE;000409;;;0;QT;Ativo;32081010;NÃO TRIBUTADO (CSOSN 400)
SUV ESM BRNTE GELO 900 ML AGUA;000056;;;0;QT;Ativo;32091010;TRIBUTADO (CSOSN 102)
SUV ESM BRTE AMARELO OURO 3,6 LT AGUA;000053;;;0;GL;Ativo;32091010;TRIBUTADO (CSOSN 102)
SUV ESM BRTE AMARELO OURO 900 ML AGUA;000058;;;0;QT;Ativo;32091010;TRIBUTADO (CSOSN 102)
SUV ESM BRTE AMARELO OURO 900 ML SOLVENTE;000397;;;0;QT;Ativo;32081010;NÃO TRIBUTADO (CSOSN 400)
SUV ESM BRTE AZUL DEL REY AGUA 3,6 LT;000693;;;0;GL;Ativo;32091010;TRIBUTADO (CSOSN 102)
SUV ESM BRTE GELO 3,6 LT AGUA;000054;;;0;GL;Ativo;32091010;TRIBUTADO (CSOSN 102)
SUV ESM BRTE PLATINA 900 ML AGUA;000057;;;0;QT;Ativo;32091010;TRIBUTADO (CSOSN 102)
SUV ESM BRTE VERDE FOLHA 3,6 LT AGUA;000051;;;0;GL;Ativo;32091010;TRIBUTADO (CSOSN 102)
SUV ESM BRTE VERMELHO 3,6 LT AGUA;000052;;;0;GL;Ativo;32091010;TRIBUTADO (CSOSN 102)
SUV ESM BRTE VERMELHO 900 ML AGUA;000059;;;0;QT;Ativo;32091010;TRIBUTADO (CSOSN 102)
SUV ESM BRTE VINHO CHASSIS 3,6L SOLVETE;000364;;;0;GL;Ativo;32081010;NÃO TRIBUTADO (CSOSN 400)
SUV ESM CAMURCA BRTE 3,6 LT SOLVENTE;001789;;;0;GL;Ativo;32081010;NÃO TRIBUTADO (CSOSN 400)
SUV ESM CERAMICA BRTE 900 ML;001240;;;0;QT;Ativo;32081010;NÃO TRIBUTADO (CSOSN 400)
SUV ESM CINZA ESCURO BRTE 3,6 LT SOLVENTE;001790;;;0;GL;Ativo;32081010;NÃO TRIBUTADO (CSOSN 400)
SUV ESM CINZA MEDIO BRTE 3,6 LT SOLVENTE;000375;;;0;GL;Ativo;32081010;NÃO TRIBUTADO (CSOSN 400)
SUV ESM CINZA MEDIO BRTE 900 ML SOLVENTE;000400;;;0;QT;Ativo;32081010;NÃO TRIBUTADO (CSOSN 400)
SUV ESM COLORADO BRTE 3,6 LT SOLVENTE;000366;;;0;GL;Ativo;32081010;NÃO TRIBUTADO (CSOSN 400)
SUV ESM CONTRA FERRUGEM CINZA ESCURO BRTE 900 ML;000606;;;0;QT;Ativo;32081010;NÃO TRIBUTADO (CSOSN 400)
SUV ESM CONTRA FERRUGEM VERDE COLONIAL BRTE 900 ML;000641;;;0;QT;Ativo;32081010;NÃO TRIBUTADO (CSOSN 400)
SUV ESM COR & PROT AZUL FRANCA BR SOLVENTE 3,6;000369;;;0;GL;Ativo;32081010;NÃO TRIBUTADO (CSOSN 400)
SUV ESM COR E PROTECAO BRTE ALUMINIO 3,6 LT;000621;;;0;GL;Ativo;32081010;NÃO TRIBUTADO (CSOSN 400)
SUV ESM COR E PROTECAO BRTE CINZA ESCURO 900 ML;000401;;;0;QT;Ativo;32081010;NÃO TRIBUTADO (CSOSN 400)
SUV ESM COR E PROTECAO BRTE LARANJA 900 ML;000403;;;0;QT;Ativo;32081010;NÃO TRIBUTADO (CSOSN 400)
SUV ESM COR E PROTECAO BRTE MARFIM NOBRE 3,6L;000376;;;0;GL;Ativo;32081010;NÃO TRIBUTADO (CSOSN 400)
SUV ESM COR E PROTECAO BRTE MARFIM NOBRE 900 ML;000402;;;0;QT;Ativo;32081010;NÃO TRIBUTADO (CSOSN 400)
SUV ESM GRAFITE CLARO FOSCO 900 ML;001668;;;0;QT;Ativo;32081010;NÃO TRIBUTADO (CSOSN 400)
SUV ESM GRAFITE CLARO FOSCO 900 ML SOLVETE;000411;;;0;QT;Ativo;32081010;NÃO TRIBUTADO (CSOSN 400)
SUV ESM GRAFITE ESCURO FOSCO 3,6 LT;001666;;;0;GL;Ativo;32081010;NÃO TRIBUTADO (CSOSN 400)
SUV ESM GRAFITE ESCURO FOSCO 900 ML SOLVETE;000412;;;0;QT;Ativo;32081010;NÃO TRIBUTADO (CSOSN 400)
SUV ESM MARROM BRTE 3,6 LT SOLVENTE;000367;;;0;GL;Ativo;32081010;NÃO TRIBUTADO (CSOSN 400)
SUV ESM MARROM BRTE 900 ML SOLVENTE;000393;;;0;QT;Ativo;32081010;NÃO TRIBUTADO (CSOSN 400)
SUV ESM MARROM CONHAQUE BRTE 3,6 LT SOLVENTE;001791;;;0;GL;Ativo;32081010;NÃO TRIBUTADO (CSOSN 400)
SUV ESM MARROM CONHAQUE BRTE 900 ML SOLVENTE;000391;;;0;QT;Ativo;32081010;NÃO TRIBUTADO (CSOSN 400)
SUV ESM PLATINA AC 3,6 LT SOLVENTE;001787;;;0;GL;Ativo;32081010;NÃO TRIBUTADO (CSOSN 400)
SUV ESM PLATINA BRTE 900 ML SOLVENTE;000399;;;0;QT;Ativo;32081010;NÃO TRIBUTADO (CSOSN 400)
SUV ESM PLATINA 3,6 LT AGUA;000055;;;0;GL;Ativo;32091010;TRIBUTADO (CSOSN 102)
SUV ESM PREMIUM COR E PROTECAO GRAFITE CLARO FOSCO 3,6 LT;000410;;;0;GL;Ativo;32081010;NÃO TRIBUTADO (CSOSN 400)
SUV ESM PRETO AC AGUA 900 ML;001800;;;0;QT;Ativo;32091010;NÃO TRIBUTADO (CSOSN 400)
SUV ESM PRETO ACT 3,6 LT AGUA;001788;;;0;GL;Ativo;32091010;NÃO TRIBUTADO (CSOSN 400)
SUV ESM PRETO FOSCO 3,6 LT SOLVENTE;001792;;;0;GL;Ativo;32081010;NÃO TRIBUTADO (CSOSN 400)
SUV ESM TABACO ACT 900 ML AGUA;001925;;;0;QT;Ativo;32091010;NÃO TRIBUTADO (CSOSN 400)
SUV ESM TABACO BRTE 3,6 LT SOLVENTE;001793;;;0;GL;Ativo;32081010;NÃO TRIBUTADO (CSOSN 400)
SUV ESM TABACO BRTE 900L AGUA;001926;;;0;QT;Ativo;32091010;NÃO TRIBUTADO (CSOSN 400)
SUV ESM TACABO BRTE AGUA 3,6 LT;000050;;;0;GL;Ativo;32091010;TRIBUTADO (CSOSN 102)
SUV ESM VELEIRO BRTE 3,6 LT SOLVENTE;001938;;;0;GL;Ativo;32081010;NÃO TRIBUTADO (CSOSN 400)
SUV ESM VERDE COLONIAL BRTE 3,6 LT SOLVENTE;000373;;;0;GL;Ativo;32081010;NÃO TRIBUTADO (CSOSN 400)
SUV ESM VERDE FOLHA BR 0,900 SOLVENTE;000398;;;0;QT;Ativo;32081010;NÃO TRIBUTADO (CSOSN 400)
SUV ESM VERDE FOLHA BRTE 3,6 LT SOLVENTE;000372;;;0;GL;Ativo;32081010;NÃO TRIBUTADO (CSOSN 400)
SUV ESM VERMELHO BR 0,900 SOLVENTE;000404;;;0;QT;Ativo;32081010;NÃO TRIBUTADO (CSOSN 400)
SUV FACHADA PROT. EMBORRACHADA 3,6 LT;002461;Suvinil;TINTA ACRILICA;0;GL;Ativo;12345678;NÃO TRIBUTADO (CSOSN 400)
SUV FOSCO SEMPRE LIMPO BRANCO 3,6L;001784;Suvinil;TINTA ACRILICA;0;GL;Ativo;32091010;NÃO TRIBUTADO (CSOSN 400)
SUV FUNDO BASE AGUA BRANCO FOSCO - 900;001809;;;0;QT;Ativo;32091010;NÃO TRIBUTADO (CSOSN 400)
SUV FUNDO BRANCO FOSCO 900ML;000415;Suvinil;TINTA ACRILICA;0;QT;Ativo;32091010;NÃO TRIBUTADO (CSOSN 400)
SUV FUNDO FOSCO BRANCO - 0,9L;001583;;;0;QT;Ativo;32081010;NÃO TRIBUTADO (CSOSN 400)
SUV FUNDO PARA GALVANIZADO BASE AGUA 3,6 LT;001399;;;0;GL;Ativo;32091010;NÃO TRIBUTADO (CSOSN 400)
SUV FUNDO PARA GALVANIZADO BASE AGUA 900 ML;001512;;;0;QT;Ativo;32081010;NÃO TRIBUTADO (CSOSN 400)
SUV FUNDO PARA GALVANIZADO BASE SOLVENTE 900 ML;000646;;;0;QT;Ativo;32091010;NÃO TRIBUTADO (CSOSN 400)
SUV FUNDO PREPARADOR BASE AGUA 3,6 LT;001480;;;0;GL;Ativo;32091010;NÃO TRIBUTADO (CSOSN 400)
SUV FUNDO PREPARADOR PAREDE 18 LTS BALDE;001202;;;0;LA;Ativo;32091020;NÃO TRIBUTADO (CSOSN 400)
SUV FUNDO SECA RAPIDO 3,6 L AGUA;000677;;;0;GL;Ativo;32091010;NÃO TRIBUTADO (CSOSN 400)
SUV FUNDO SECA RAPIDO 900ML AGUA;000700;;;0;QT;Ativo;32091010;NÃO TRIBUTADO (CSOSN 400)
SUV GLASU CORANTE AMARELO 50ML;001401;Suvinil;Utilidades;0;UN;Ativo;32064990;NÃO TRIBUTADO (CSOSN 400)
SUV GLASU CORANTE AZUL 50ML;001402;Suvinil;Utilidades;0;UN;Ativo;32041700;NÃO TRIBUTADO (CSOSN 400)
SUV GLASU CORANTE OCRE 50ML;001405;Suvinil;Utilidades;0;UN;Ativo;32064990;NÃO TRIBUTADO (CSOSN 400)
SUV GLASU CORANTE PRETO 50ML;001406;Suvinil;Utilidades;0;UN;Ativo;32064990;NÃO TRIBUTADO (CSOSN 400)
SUV GLASU CORANTE VERMELHO 50ML;001408;Suvinil;Utilidades;0;UN;Ativo;32041700;NÃO TRIBUTADO (CSOSN 400)
SUV GLASU MAXIMA EFICIENCIA BRANCO NEVE 18L;001397;Suvinil;TINTA ACRILICA;0;LA;Ativo;32091010;NÃO TRIBUTADO (CSOSN 400)
SUV GLASU PINTURA ESSENCIAL BRANCO 18L;001273;Suvinil;TINTA ACRILICA;0;LA;Ativo;32091010;NÃO TRIBUTADO (CSOSN 400)
SUV MASSA ACRILICA GL - 5,7 KG;001250;;;0;GL;Ativo;32141020;TRIBUTADO (CSOSN 102)
SUV MASSA ACRILICA 25KG;000042;;;0;LA;Ativo;32091010;TRIBUTADO (CSOSN 102)
SUV MASSA P/ MADEIRA - 1,3 KG;000419;;;0;UN;Ativo;32141020;NÃO TRIBUTADO (CSOSN 400)
SUV MASSA P/ MADEIRA - 5,5 KG;001794;;;0;GL;Ativo;32141020;TRIBUTADO (CSOSN 102)
SUV MULTISSUPERFICIES EPOXI ACT BRANCO AGUA 3,6 GL;000480;Suvinil;TINTA ESMALTE ;0;GL;Ativo;32091010;NÃO TRIBUTADO (CSOSN 400)
SUV PISO AMARELO SEG. 3,6;001184;Suvinil;TINTA ACRILICA;0;GL;Ativo;32091010;NÃO TRIBUTADO (CSOSN 400)
SUV PISO AZUL 18 LT;001935;Suvinil;TINTA ACRILICA;0;LA;Ativo;32091010;NÃO TRIBUTADO (CSOSN 400)
SUV PISO BRANCO 18LT;001125;Suvinil;TINTA ACRILICA;0;LA;Ativo;32091010;NÃO TRIBUTADO (CSOSN 400)
SUV PISO BRANCO 3,6 GL;000384;Suvinil;TINTA ACRILICA;0;GL;Ativo;32091010;NÃO TRIBUTADO (CSOSN 400)
SUV PISO CERAMICA 3,6 LT;000385;Suvinil;TINTA ACRILICA;0;GL;Ativo;32091010;NÃO TRIBUTADO (CSOSN 400)
SUV PISO CINZA 18L SUVINIL;001094;Suvinil;TINTA ACRILICA;0;LA;Ativo;32091010;NÃO TRIBUTADO (CSOSN 400)
SUV PISO CINZA 3,6 LT;000387;Suvinil;TINTA ACRILICA;0;GL;Ativo;32091010;NÃO TRIBUTADO (CSOSN 400)
SUV PISO CONCRETO PURO 3,6 LT;000382;Suvinil;TINTA ACRILICA;0;GL;Ativo;32091010;NÃO TRIBUTADO (CSOSN 400)
SUV PISO CONCRETO 18L SUVINIL;001081;Suvinil;TINTA ACRILICA;0;LA;Ativo;32089010;NÃO TRIBUTADO (CSOSN 400)
SUV PISO CONCRETO 3,6 LT;000386;Suvinil;TINTA ACRILICA;0;GL;Ativo;32091010;NÃO TRIBUTADO (CSOSN 400)
SUV PISO CONCRETO 3,6L SUVINIL;001180;Suvinil;TINTA ACRILICA;0;GL;Ativo;32091010;NÃO TRIBUTADO (CSOSN 400)
SUV PISO PRETO 3,6 LT;000389;Suvinil;TINTA ACRILICA;0;GL;Ativo;32091010;NÃO TRIBUTADO (CSOSN 400)
SUV PISO VERMELHO SEG. 3,6L SUVINIL;001185;Suvinil;TINTA ACRILICA;0;GL;Ativo;32091010;NÃO TRIBUTADO (CSOSN 400)
SUV PROTECAO TOTAL BRANCA GL 3,6;001416;Suvinil;TINTA ACRILICA;0;GL;Ativo;39269090;TRIBUTADO (CSOSN 102)
SUV SELADOR ACRILICO  3,6 LT;000422;;;0;GL;Ativo;32091010;NÃO TRIBUTADO (CSOSN 400)
SUV SELADOR ACRILICO 18 LT;000424;;;0;LA;Ativo;32091010;NÃO TRIBUTADO (CSOSN 400)
SUV SELADORA P/ MADEIRA 900 ML;000420;;;0;QT;Ativo;32089039;NÃO TRIBUTADO (CSOSN 400)
SUV TOQUE BRILHO BRANCO 3,6L;001785;Suvinil;TINTA ACRILICA;0;GL;Ativo;32091010;NÃO TRIBUTADO (CSOSN 400)
SUV TOQUE DA TERRA;002771;Suvinil;Efeitos Decorativos;0;UN;Ativo;32141020;NÃO TRIBUTADO (CSOSN 400)
SUV TOQUE FOSCO BRANCO 900ML;001799;Suvinil;TINTA ACRILICA;0;QT;Ativo;32091010;NÃO TRIBUTADO (CSOSN 400)
SUV TOQUE FOSCO COMPLETO BRANCO 3,6L;001786;Suvinil;TINTA ACRILICA;0;GL;Ativo;32091010;NÃO TRIBUTADO (CSOSN 400)
SUV TOQUE FOSCO PALHA 18 LT;000068;Suvinil;TINTA ACRILICA;0;LA;Ativo;32091010;TRIBUTADO (CSOSN 102)
SUV TOQUE SEDA 900 ML BRANCO;000250;Suvinil;TINTA ACRILICA;0;QT;Ativo;32091010;NÃO TRIBUTADO (CSOSN 400)
SUV VERNIZ BR SEC RAP NATURAL - 3,6L;001274;;;0;GL;Ativo;32091020;NÃO TRIBUTADO (CSOSN 400)
SUV VERNIZ BR SECA RAPIDO IMBUIA 3,6L SUVINIL;001166;;;0;GL;Ativo;32081020;NÃO TRIBUTADO (CSOSN 400)
SUV VERNIZ BRTE IMBUIA 900 ML AGUA;001165;;;0;QT;Ativo;32081020;NÃO TRIBUTADO (CSOSN 400)
SUV VERNIZ BRTE MOGNO  B. AGUA 3,6 LT;001843;;;0;GL;Ativo;32091020;NÃO TRIBUTADO (CSOSN 400)
T - AMARELO OXIDO;002350;;;0;UN;Ativo;32041600;NÃO TRIBUTADO (CSOSN 400)
TEK BOND ADES INST. 793 100G;001939;;;0;UN;Ativo;35061090;TRIBUTADO (CSOSN 102)
TEK BOND SPRAY  BRANCO FOSCO - 350 ML;001413;;;0;UN;Ativo;32082019;NÃO TRIBUTADO (CSOSN 400)
TEK BOND SPRAY ALTA TEMPE. ALUMINIO - 350ML;001550;;;0;UN;Ativo;32082019;NÃO TRIBUTADO (CSOSN 400)
TEK BOND SPRAY ALTA TEMPE. PRETO BRIL - 350ML;001228;;;0;UN;Ativo;32082019;NÃO TRIBUTADO (CSOSN 400)
TEK BOND SPRAY ALTA TEMPE. PRETO FOSCO - 350ML;001551;;;0;UN;Ativo;32082019;NÃO TRIBUTADO (CSOSN 400)
TEK BOND SPRAY ALUMINIO - 350 ML;001482;;;0;UN;Ativo;32082019;NÃO TRIBUTADO (CSOSN 400)
TEK BOND SPRAY AMARELO - 350 ML;001483;;;0;UN;Ativo;32082019;NÃO TRIBUTADO (CSOSN 400)
TEK BOND SPRAY BRANCO BRILHANTE - 350 ML;001484;;;0;UN;Ativo;32082019;NÃO TRIBUTADO (CSOSN 400)
TEK BOND SPRAY COBRE METALICO - 350ML ( NOVO );001287;;;0;UN;Ativo;32082019;NÃO TRIBUTADO (CSOSN 400)
TEK BOND SPRAY DOURADO - 350 ML;001485;;;0;UN;Ativo;32082019;NÃO TRIBUTADO (CSOSN 400)
TEK BOND SPRAY GRAFITE - 350 ML;001486;;;0;UN;Ativo;32082019;NÃO TRIBUTADO (CSOSN 400)
TEK BOND SPRAY PRETO BRILHANTE - 350ML;001269;;;0;UN;Ativo;32082019;NÃO TRIBUTADO (CSOSN 400)
TEK BOND SPRAY USO GERAL AZUL ESCURO - 350ML;001888;;;0;UN;Ativo;32082019;NÃO TRIBUTADO (CSOSN 400)
TEK BOND SPRAY USO GERAL GELO - 350ML;001890;;;0;UN;Ativo;32082019;NÃO TRIBUTADO (CSOSN 400)
TEK BOND SPRAY USO GERAL PRIMER FUNDO - 350ML;001883;;;0;UN;Ativo;32082020;NÃO TRIBUTADO (CSOSN 400)
TEK BOND SPRAY VERMELHO - 350 ML;001487;;;0;UN;Ativo;32082019;NÃO TRIBUTADO (CSOSN 400)
TEK BOND SPRAY VERNIZ BRILHANTE - 350 ML;001488;;;0;UN;Ativo;32082020;NÃO TRIBUTADO (CSOSN 400)
TEKBOND COLA INSTANTANEA 2GR;001941;;;0;UN;Ativo;35061090;TRIBUTADO (CSOSN 102)
TEKBOND FITA ANTIDERRAP 50X5M TRANSP;001044;;;0;UN;Ativo;68053090;TRIBUTADO (CSOSN 102)
THOMPSON ABRACADEIRA NYLON PRETA UNIDADE;001942;;;0;UN;Ativo;39269090;TRIBUTADO (CSOSN 102)
TIGRE CABO P/ ROLO 1301/23;000356;;;0;UN;Ativo;73269090;NÃO TRIBUTADO (CSOSN 400)
TIGRE ESPATULA CABO MADEIRA ACO INOX 3,5CM 2153-1;002666;;;0;UN;Ativo;82055900;TRIBUTADO (CSOSN 102)
TIGRE ESPATULA CABO MADEIRA ACO INOX 7,6CM 2153-3;002665;;;0;UN;Ativo;82055900;TRIBUTADO (CSOSN 102)
TIGRE EXTENSOR 1307 2M PC 18.50.042;002636;;;0;UN;Ativo;73269090;
TIGRE EXTENSOR 1308 1,8M TELESCOPICO ALUMINIO PC 18.50.A41;002638;;;0;UN;Ativo;76169900;
TIGRE EXTENSOR 1308 2,7M ALUMINIO PC 18.50.044;002639;;;0;UN;Ativo;76169900;
TIGRE EXTENSOR 1308 5M ALUMINIO 18.50.046;002640;;;0;UN;Ativo;76169900;
TIGRE KIT 1576 ANTI-RESPINGO PC 18.50.592;002641;;;0;UN;Ativo;96034010;
TIGRE LIXA MASSA 180;000718;;;0;UN;Ativo;68052000;TRIBUTADO (CSOSN 102)
TIGRE ROLO LA 05CM 1366 C/C P/EPOXI;000223;;;0;UN;Ativo;96034010;NÃO TRIBUTADO (CSOSN 400)
TIGRE ROLO LA 23CM 1312 SINTETICO PC 18.50.498;002623;;;0;UN;Ativo;96034010;
TIGRE ROLO TEXTURA BAIXA 1350 S/C AMARE;002710;;;0;UN;Ativo;;TRIBUTADO (CSOSN 102)
TINTAS SUPER CASA SELADORA ACR BARRICA 15 L;000003;;;0;UN;Ativo;32091010;NÃO TRIBUTADO (CSOSN 400)
"""TRINCHA TIGRE 695 2"""" GRIS LATEX/ACRILICA""";002491;TIGRE;;0;UN;Ativo;96034090;
V - VERMELHO INT;002352;;;0;UN;Ativo;32041600;NÃO TRIBUTADO (CSOSN 400)
VERNIZ SPARLACK CET CLASSIC BAL BR 3,6L - CANELA - CORAL;000341;;;0;GL;Ativo;32089029;NÃO TRIBUTADO (CSOSN 400)
VERNIZ SPARLACK CET CLASSIC BR 0,9L - MOGNO CORAL;000344;;;0;QT;Ativo;32089029;NÃO TRIBUTADO (CSOSN 400)
VERNIZ SPARLACK CET DECK S B  3,6L NATURAL - CORAL;000337;;;0;GL;Ativo;32091020;NÃO TRIBUTADO (CSOSN 400)
VERNIZ SPARLACK CET STAIN BALANCE AC 3,6L - CORAL;000340;;;0;GL;Ativo;32091020;NÃO TRIBUTADO (CSOSN 400)
VERNIZ SPARLACK CETOL CLASSIC AC 0,9L - MOGNO - CORAL;000670;;;0;QT;Ativo;32089029;NÃO TRIBUTADO (CSOSN 400)
VERNIZ SPARLACK CETOL CLASSIC AC 3,6L - CANELA - CORAL;000672;;;0;GL;Ativo;32089029;NÃO TRIBUTADO (CSOSN 400)
VERNIZ SPARLACK CETOL CLASSIC AC 3,6L - IMBUIA - CORAL;000626;;;0;GL;Ativo;32089029;NÃO TRIBUTADO (CSOSN 400)
VERNIZ SPARLACK CETOL CLASSIC AC 3,6L - MOGNO - CORAL;000631;;;0;GL;Ativo;32089029;NÃO TRIBUTADO (CSOSN 400)
VERNIZ SPARLACK CETOL CLASSIC BR 0,9L - IMBUIA - CORAL;000478;;;0;QT;Ativo;32089029;NÃO TRIBUTADO (CSOSN 400)
VERNIZ SPARLACK CETOL CLASSIC BR 3,6L - IMBUIA - CORAL;000630;;;0;GL;Ativo;32089029;NÃO TRIBUTADO (CSOSN 400)
VERNIZ SPARLACK CETOL STAIN  3,6L - CORAL;000622;;;0;GL;Ativo;32091020;NÃO TRIBUTADO (CSOSN 400)
VERNIZ SPARLACK CETOL STAIN BALANCE AC 0,9L - CORAL;000342;;;0;QT;Ativo;32091020;NÃO TRIBUTADO (CSOSN 400)
VIAMANTA 10X4MM ROLO;000663;;;0;UN;Ativo;27150000;NÃO TRIBUTADO (CSOSN 400)
VIAPOL MASSA F.12 CEREJEIRA 0,400KG;000255;;;0;UN;Ativo;32141020;TRIBUTADO (CSOSN 102)
VIAPOL MASSA F.12 JATOBA 0,400KG;000258;;;0;UN;Ativo;32141020;TRIBUTADO (CSOSN 102)
VIAPOL VIAPLUS 1000 CX 18 KG;001295;;;0;kg;Ativo;32149000;NÃO TRIBUTADO (CSOSN 400)
VIAPOL VIAPLUS 5000 CX 18 KG;001296;;;0;kg;Ativo;32149000;NÃO TRIBUTADO (CSOSN 400)
VIAPOL VIAPLUS 7000 CX 18 KG;000664;;;0;UN;Ativo;32149000;TRIBUTADO (CSOSN 102)
ADELBRAS FITA SILVER TAPE PRATA 48 X 10 M;001884;;;-1;UN;Ativo;59061000;TRIBUTADO (CSOSN 102)
ADESIVO REFORCADO P/ LAMINACAO 800G - MAXIRUBBER ( NOVO );001289;Maxi Rubber;Utilidades;-1;QT;Ativo;35061090;TRIBUTADO (CSOSN 102)
ANJO AGUARRAS MINERAL 450 ML;001759;;;-1;UN;Ativo;27101230;TRIBUTADO (CSOSN 102)
ANJO DILUENTE P/ VERNIZES AMAZONIA 900 ML;001591;;;-1;UN;Ativo;27101230;TRIBUTADO (CSOSN 102)
ATLAS DISCO LIXA ABRASIVO 180 GRAO 220 AT19/220;001636;;;-1;UN;Ativo;68052000;TRIBUTADO (CSOSN 102)
ATLAS ESPATULA ACO CROMADO 7,5CM 6255/12;001325;;;-1;UN;Ativo;82055900;TRIBUTADO (CSOSN 102)
ATLAS GARFO BUCHA C/ROSCA ACO 330/23R;000274;;;-1;UN;Ativo;73269090;NÃO TRIBUTADO (CSOSN 400)
ATLAS LIXA TELADA DISCO 150 GRAO 120 AT13/120;000195;;;-1;UN;Ativo;68051000;TRIBUTADO (CSOSN 102)
ATLAS MASCARA DE FELTRO PFF2 C/VALVULA CARVAO AT2600;001467;;;-1;UN;Ativo;63079010;TRIBUTADO (CSOSN 102)
ATLAS PAD P/ RECORTE S/CABO AT751/70;001433;;;-1;UN;Ativo;96034090;TRIBUTADO (CSOSN 102)
ATLAS PINCEL ARTISTICO CHATO PELO SUINO 915/14;001655;;;-1;UN;Ativo;96033000;TRIBUTADO (CSOSN 102)
ATLAS ROLO TEXTURA RUSTICA 23CM 1155;000146;;;-1;UN;Ativo;96034010;NÃO TRIBUTADO (CSOSN 400)
ATLAS TRINCHA 315  '1.1/2';001441;;;-1;UN;Ativo;96034090;TRIBUTADO (CSOSN 102)
CORALIT SR BR PRETO 3,6L CORAL;000894;;;-1;GL;Ativo;32081010;NÃO TRIBUTADO (CSOSN 400)
DISCO DE LIXA 4.1/2 X GRAO 120 DIS-FLEX;000867;;;-1;UN;Ativo;68052000;NÃO TRIBUTADO (CSOSN 400)
DISCO LIXA C/ VELCRO 125MM GRAO C/8 FUROS P100;002663;;;-1;UN;Ativo;68052000;NÃO TRIBUTADO (CSOSN 400)
DISCO LIXA C/ VELCRO 125MM GRAO C/8 FUROS P180;002664;;;-1;UN;Ativo;68052000;NÃO TRIBUTADO (CSOSN 400)
FITA VEDA ROSCA 18MMX25M;001096;;;-1;UN;Ativo;39209990;NÃO TRIBUTADO (CSOSN 400)
FUTURA ABSOLUTO PRM AZUL OCEANO  18 LTS;001669;FUTURA;TINTA ACRILICA;-1;LA;Ativo;32091010;NÃO TRIBUTADO (CSOSN 400)
FUTURA ABSOLUTO PRM BRANCO 18 LT;001205;FUTURA;TINTA ACRILICA;-1;LA;Ativo;32091010;NÃO TRIBUTADO (CSOSN 400)
NORTON LIXA DE AGUA 400;000679;;;-1;UN;Ativo;68052000;NÃO TRIBUTADO (CSOSN 400)
NORTON LIXA DE AGUA 500;000924;;;-1;UN;Ativo;96034010;TRIBUTADO (CSOSN 102)
NORTON LIXA P/ MADEIRA 120;000105;;;-1;UN;Ativo;68052000;TRIBUTADO (CSOSN 102)
R - PRETO;002348;;;-1;UN;Ativo;32041600;NÃO TRIBUTADO (CSOSN 400)
SALVABRAS SALVA PINTURA 20M X 1,50M;001322;;;-1;UN;Ativo;48115129;TRIBUTADO (CSOSN 102)
SUV ACR FO GESSO DRYWALL -18L;001797;Suvinil;TINTA ACRILICA;-1;LA;Ativo;32091010;NÃO TRIBUTADO (CSOSN 400)
SUV CORANTE SUVINIL PRETO;000360;;;-1;UN;Ativo;32041700;NÃO TRIBUTADO (CSOSN 400)
SUV ESM BRTE BRANCO 3,6 LT AGUA;000380;;;-1;GL;Ativo;32091010;NÃO TRIBUTADO (CSOSN 400)
SUV FOSCO SEMPRE LIMPO BRANCO 18L;001580;Suvinil;TINTA ACRILICA;-1;LA;Ativo;32091010;NÃO TRIBUTADO (CSOSN 400)
SUV GESSO & DRYWALL 3,6 LT;000418;Suvinil;TINTA ACRILICA;-1;GL;Ativo;32091010;NÃO TRIBUTADO (CSOSN 400)
SUV MASSA ACRILICA - 1,4 KG;001234;;;-1;QT;Ativo;32141020;TRIBUTADO (CSOSN 102)
SUV TOQUE SEDA BRANCO 3,6L;001783;Suvinil;TINTA ACRILICA;-1;GL;Ativo;32091010;NÃO TRIBUTADO (CSOSN 400)
TIGRE EXTENSOR 1307 2M;000365;;;-1;UN;Ativo;73269090;NÃO TRIBUTADO (CSOSN 400)
TIGRE EXTENSOR 1307 3M PC 18.50.043;002637;;;-1;UN;Ativo;73269090;NÃO TRIBUTADO (CSOSN 400)
VIAPOL MASSA F.12 BRANCA 0,400 KG;001239;;;-1;UN;Ativo;32141020;TRIBUTADO (CSOSN 102)
VIAPOL MASSA F.12 MARFIM 0,400KG;000116;;;-1;UN;Ativo;32141020;TRIBUTADO (CSOSN 102)
Z - MARROM UMBRIA;002351;;;-1;UN;Ativo;32041600;NÃO TRIBUTADO (CSOSN 400)
ANJO THINNER TH007 5L;001753;;;-2;UN;Ativo;38140090;TRIBUTADO (CSOSN 102)
ATLAS DISCO LIXA ABRASIVO 180 GRAO 150 AT19/150;001634;;;-2;UN;Ativo;68052000;TRIBUTADO (CSOSN 102)
ATLAS GARFO GAIOLA C/ROSCA 400/23R;000126;;;-2;UN;Ativo;73269090;NÃO TRIBUTADO (CSOSN 400)
CORALAR ACR + DESEMPENHO BRANCO 3,6L;000982;Coral;TINTA ACRILICA;-2;GL;Ativo;32091010;NÃO TRIBUTADO (CSOSN 400)
DISCO LIXA C/ VELCRO 125MM GRAO C/8 FUROS P40;002661;;;-2;UN;Ativo;68052000;NÃO TRIBUTADO (CSOSN 400)
DISCO LIXA C/ VELCRO 125MM GRAO C/8 FUROS P60;002662;;;-2;UN;Ativo;68052000;NÃO TRIBUTADO (CSOSN 400)
NORTON LIXA DE FERRO 120;000956;;;-2;UN;Ativo;68051000;TRIBUTADO (CSOSN 102)
NORTON LIXA FERRO 100;001556;;;-2;UN;Ativo;68051000;TRIBUTADO (CSOSN 102)
NORTON LIXA P/ MADEIRA 150;000106;;;-2;UN;Ativo;68052000;TRIBUTADO (CSOSN 102)
ROLO TEXTURA ALTA 1355 S/C AMARE;002711;;;-2;UN;Ativo;32091010;TRIBUTADO (CSOSN 102)
SUPORTE ROLO 23CM TIGRE 1301;002496;;;-2;UN;Ativo;73269090;
SUV ESM BRANCO FOSCO 3,6 LT AGUA;001245;;;-2;GL;Ativo;32091010;NÃO TRIBUTADO (CSOSN 400)
SUV GLASU CORANTE CASTANHO 50ML;001403;Suvinil;Utilidades;-2;UN;Ativo;32064990;NÃO TRIBUTADO (CSOSN 400)
SUV GLASU CORANTE LARANJA 50ML;001404;Suvinil;Utilidades;-2;UN;Ativo;32041700;NÃO TRIBUTADO (CSOSN 400)
SUV GLASU CORANTE VERDE 50ML;001407;Suvinil;Utilidades;-2;UN;Ativo;32041700;NÃO TRIBUTADO (CSOSN 400)
SUV TOQUE FOSCO COMPLETO BRANCA 20 LTS;001383;Suvinil;TINTA ACRILICA;-2;BD;Ativo;39269090;NÃO TRIBUTADO (CSOSN 400)
SUV TOQUE SEDA BRANCO 18L;001085;Suvinil;TINTA ACRILICA;-2;LA;Ativo;32091010;TRIBUTADO (CSOSN 102)
ATLAS BANDEJA P/ PINTURA PVC 2,7L 1523P;001354;;;-3;UN;Ativo;39269090;NÃO TRIBUTADO (CSOSN 400)
ATLAS LIXA TELADA DISCO 150 GRAO 600 AT13/600;000096;;;-3;UN;Ativo;68051000;TRIBUTADO (CSOSN 102)
BASE T - DECORA MATE FOSCO 800M 02.23.255;000518;Coral;TINTA ACRILICA;-3;QT;Ativo;32091010;NÃO TRIBUTADO (CSOSN 400)
DISCO LIXA C/ VELCRO 125MM GRAO C/8 FUROS P36;001968;;;-3;UN;Ativo;68052000;NÃO TRIBUTADO (CSOSN 400)
MASSA PLASTICA CARPLAST CINZA 400GR 16.99.006;002621;;;-3;UN;Ativo;35061090;
NORTON LIXA DE AGUA T499 1500;000247;;;-3;UN;Ativo;68052000;TRIBUTADO (CSOSN 102)
NORTON LIXA DE FERRO 180;000957;;;-3;UN;Ativo;68051000;TRIBUTADO (CSOSN 102)
NORTON LIXA FERRO 050;001232;;;-3;UN;Ativo;68051000;TRIBUTADO (CSOSN 102)
SUV CORANTE SUVINIL LARANJA;000358;;;-3;UN;Ativo;32041700;NÃO TRIBUTADO (CSOSN 400)
SUV RENDE & COBRE MUITO BRANCO -18 L;001584;Suvinil;TINTA ACRILICA;-3;LA;Ativo;32091010;NÃO TRIBUTADO (CSOSN 400)
ATLAS ROLO DE ESPUMA 15CM 406/15A;001257;;;-4;UN;Ativo;96034010;TRIBUTADO (CSOSN 102)
ITAQUA AGUARRAS 0,900 ML (NOVO);001587;;;-4;UN;Ativo;27101230;TRIBUTADO (CSOSN 102)
ITAQUA THINNER 16 05 LTS (NOVO);001315;;;-4;UN;Ativo;38140090;TRIBUTADO (CSOSN 102)
NORTON LIXA MASSA 80;001088;;;-4;UN;Ativo;68052000;NÃO TRIBUTADO (CSOSN 400)
XADREZ AMARELO - 50ML ;001276;Sherwin Williams;Utilidades;-4;QT;Ativo;32099019;NÃO TRIBUTADO (CSOSN 400)
DISCO LIXA C/ VELCRO 125MM GRAO S/ FUROS P 1200;001971;;;-5;UN;Ativo;68052000;NÃO TRIBUTADO (CSOSN 400)
NORTON LIXA DE FERRO 220;000958;;;-5;UN;Ativo;68051000;TRIBUTADO (CSOSN 102)
PAPELAO ONDULADO 1.20M X 1M;000313;;;-5;UN;Ativo;48081000;NÃO TRIBUTADO (CSOSN 400)
S - BRANCO;002349;;;-5;UN;Ativo;32041600;NÃO TRIBUTADO (CSOSN 400)
SUV CORANTE SUVINIL VERDE;000361;;;-5;UN;Ativo;32041700;NÃO TRIBUTADO (CSOSN 400)
XADREZ  MARROM  50ML;001283;Sherwin Williams;Utilidades;-5;QT;Ativo;32099019;NÃO TRIBUTADO (CSOSN 400)
NORTON LIXA DE AGUA 180;000916;;;-6;UN;Ativo;68052000;TRIBUTADO (CSOSN 102)
NORTON LIXA DE FERRO 150;000919;;;-6;UN;Ativo;68051000;TRIBUTADO (CSOSN 102)
NORTON LIXA P/ MADEIRA 80;000104;;;-6;UN;Ativo;68052000;TRIBUTADO (CSOSN 102)
NORTON LIXA DE AGUA 320;000923;;;-7;UN;Ativo;82055900;NÃO TRIBUTADO (CSOSN 400)
XADREZ OCRE 50ML ;001284;Sherwin Williams;Utilidades;-7;QT;Ativo;32099019;NÃO TRIBUTADO (CSOSN 400)
NORTON LIXA MASSA 50;001222;;;-8;UN;Ativo;68052000;TRIBUTADO (CSOSN 102)
NORTON LIXA P/ MADEIRA 50;000103;;;-8;UN;Ativo;68052000;TRIBUTADO (CSOSN 102)
ROLO ESPUMA TIGRE AMARELA 05CM C/C 1341;002501;;;-9;UN;Ativo;96034010;TRIBUTADO (CSOSN 102)
NORTON LIXA DE FERRO 80;000955;;;-10;UN;Ativo;68051000;TRIBUTADO (CSOSN 102)
NORTON LIXA P/ MADEIRA 180;000107;;;-10;UN;Ativo;68052000;TRIBUTADO (CSOSN 102)
ITAQUA THINNER IT 37 0,900 ML ;001316;;;-12;UN;Ativo;38140090;TRIBUTADO (CSOSN 102)
NORTON LIXA P/ MADEIRA 220;000108;;LIXAS;-12;UN;Ativo;68052000;TRIBUTADO (CSOSN 102)
ITAQUA AGUARRAS 0,900 ML;001318;;;-13;UN;Ativo;27101230;TRIBUTADO (CSOSN 102)
NORTON LIXA MASSA 150;000716;;;-28;UN;Ativo;68052000;TRIBUTADO (CSOSN 102)
NORTON LIXA MASSA 100;000918;Norton;Utilidades;-29;UN;Ativo;68051000;TRIBUTADO (CSOSN 102)
NORTON LIXA MASSA 120;001241;;;-35;UN;Ativo;68052000;TRIBUTADO (CSOSN 102)
LONA DE PLASTICO PRETA METROS;000591;;;-41;MT;Ativo;39201099;NÃO TRIBUTADO (CSOSN 400)
NORTON LIXA MASSA 220;001223;;;-56;UN;Ativo;68052000;TRIBUTADO (CSOSN 102)
NORTON LIXA MASSA 180;000717;;;-85;UN;Ativo;68052000;TRIBUTADO (CSOSN 102)
